B_in,B_out,CV_boundary,MaxMin_boundary,OverflowRatio_boundary,boundary_balance_controllable,boundary_balance_degenerate,boundary_empty_ratio,boundary_in_empty_ratio,boundary_in_load_veh,boundary_in_saturation_ratio,boundary_out_empty_ratio,boundary_out_load_veh,boundary_out_saturation_ratio,boundary_out_sink_veh,boundary_saturation_ratio,capacity_drop_active,capacity_drop_lane_loss_FW_E_last,capacity_drop_lane_loss_FW_W_last,coupling_aggregate_urban_model,coupling_freeway_substeps,coupling_movement_urban_model,coupling_nested_order_active,coupling_offramp_arrivals_accepted_veh,coupling_offramp_arrivals_rejected_veh,coupling_offramp_storage_active,coupling_onramp_sync_active,coupling_onramp_two_reservoir_active,coupling_urban_substeps,density_exceedance_count,density_projection_count,freeway_ttt,inbound_service_veh,lambda_eff_FW_E_last,lambda_eff_FW_W_last,mainline_exit_flow_total,mean_ramp_receiving_factor,mean_segment_flow,metering_over_release_flow,metering_shortfall_flow,metering_target_infeasible,movement_queue_model_active,movement_queue_projection_protected_veh,movement_queue_projection_veh,net_inflow,net_inflow_target,net_inflow_tracking_error,nuf_target_flow,offramp_blocked_flow_FW_E,offramp_blocked_flow_FW_W,offramp_blocked_flow_total,offramp_departures_OR_D_E_veh,offramp_departures_OR_D_W_veh,offramp_departures_OR_F_E_veh,offramp_departures_OR_F_W_veh,offramp_departures_veh,offramp_flow_FW_E,offramp_flow_FW_W,offramp_flow_total,offramp_occupancy_ratio_OR_D_E,offramp_occupancy_ratio_OR_D_W,offramp_occupancy_ratio_OR_F_E,offramp_occupancy_ratio_OR_F_W,offramp_storage_binding,onramp_approach_queue_veh,onramp_arrivals_veh,onramp_green_release_request_veh,onramp_green_release_shortfall_veh,onramp_green_releases_veh,onramp_two_reservoir_active,outbound_service_veh,queue_overflow_count,ramp_metering_release_actual_R_D_E_veh,ramp_metering_release_actual_R_D_W_veh,ramp_metering_release_actual_R_F_E_veh,ramp_metering_release_actual_R_F_W_veh,ramp_metering_release_request_R_D_E_veh,ramp_metering_release_request_R_D_W_veh,ramp_metering_release_request_R_F_E_veh,ramp_metering_release_request_R_F_W_veh,ramp_metering_release_request_veh,ramp_metering_release_shortfall_R_D_E_veh,ramp_metering_release_shortfall_R_D_W_veh,ramp_metering_release_shortfall_R_F_E_veh,ramp_metering_release_shortfall_R_F_W_veh,ramp_metering_release_shortfall_veh,ramp_metering_releases_veh,ramp_queue_overflow_count,ramp_queue_veh,speed_projection_count,step,time_sec,total_metering_error,total_metering_flow,total_no_meter_flow,total_ramp_queue_end_veh,total_ramp_queue_start_veh,urban_accumulation_abs_error_veh,urban_accumulation_error_veh,urban_accumulation_initial_error_veh,urban_accumulation_initial_veh,urban_accumulation_mean_veh,urban_accumulation_target_veh,urban_accumulation_veh,urban_demand_arrivals_veh,urban_gate_inflow_veh,urban_link_occupancy_veh,urban_net_inflow_target_veh_h,urban_net_inflow_tracking_error_veh_h,urban_storage_active,urban_storage_occupancy,urban_substep_active,urban_total_departures_veh,urban_total_vehicles_veh,urban_ttt
0.17676685498442957,0.01369089488122055,1.1173887097587576,10.975647853733763,0.0,1.0,0.0,0.14285714285714285,0.14285714285714285,22.650234746472513,0.0,0.0,21.129100372464166,0.0,34.62990345124459,0.0,1.0,0.00030997790896343985,0.0002918914193990411,0.0,18.0,1.0,1.0,41.135296048298365,0.0,1.0,1.0,1.0,36.0,0.0,0.0,6.1630954052490265,423.85862805661213,1.9996900220910365,1.9997081085806012,6033.1767537504265,1.0,3051.2588615206896,3443.0052215076066,0.0,0.0,1.0,0.0,0.0,3865.0957259415636,-223.33345737437503,4088.4291833159386,0.0,0.0,0.0,0.0,5.5877510117211,5.479180389821243,5.5877510117211,5.479180389821243,22.133862803084686,417.3236307965509,405.38229016941636,822.7059209659673,0.01971813370578584,0.019172275373696597,0.01971813370578584,0.019172275373696597,0.0,21.129100372464166,150.5,189.051302742047,0.0,189.051302742047,1.0,230.6038417595339,0.0,43.224672308865,41.71772786442056,44.357402673269604,42.85045822882517,43.224672308865,41.71772786442056,44.357402673269604,42.85045822882517,172.15026107538034,0.0,0.0,0.0,0.0,0.0,172.15026107538034,0.0,16.901041666666664,0.0,0,180.0,3443.0052215076066,3443.0052215076066,3443.0052215076066,16.901041666666664,0.0,345.93842497142896,345.93842497142896,335.00018606156254,335.00018606156254,208.70008375616757,0.0,345.93842497142896,284.37500000000006,367.50601525352744,304.7592273719707,-223.33345737437503,4088.4291833159386,1.0,304.7592273719707,1.0,702.003809524965,389.7177600903658,14.642609308189773
0.19406917854501904,0.014105184407213811,0.7905535151461722,15.974528358256272,0.0,1.0,0.0,0.0,0.0,37.12155542225132,0.0,0.0,76.63278358608879,0.0,167.18300427918243,0.0,1.0,0.0005263050672532756,0.000498098029994022,0.0,18.0,1.0,1.0,47.05717155213715,0.0,1.0,1.0,1.0,36.0,2.0,0.0,7.602176430790259,303.1213430885396,1.999473694932747,1.9995019019700058,6901.718494313444,0.9999241500608326,3314.540561166409,3707.6162664596786,0.0,0.0,1.0,0.0,0.0,-704.354532861882,-284.8272386134401,419.52729424844193,0.0,0.0,0.0,0.0,7.52931079166654,7.2777174004854,6.866386179897967,6.635652215795217,28.309066587845123,476.75971995475106,464.3837110879914,941.1434310427425,0.02741911861649617,0.026669847857054826,0.02741911861649617,0.026669847857054826,0.0,76.63278358608879,153.09778065954896,174.1467152693346,2.220446049250313e-16,174.1467152693346,1.0,338.33906973163374,0.0,49.05465775267142,46.74140693147481,45.94899973001714,43.63574890882055,49.05465775267142,46.74140693147481,45.94899973001714,43.63574890882055,185.38081332298393,0.0,0.0,0.0,0.0,0.0,185.38081332298393,0.0,5.666943613017343,0.0,1,360.0,3707.6162664596786,3707.6162664596786,3707.6162664596786,5.666943613017343,16.901041666666664,424.13529045532647,424.13529045532647,427.2408579201601,427.2408579201601,409.989550620786,0.0,424.13529045532647,289.28359717647334,250.17548663126962,356.1809020819088,-284.8272386134401,419.52729424844193,1.0,356.1809020819088,1.0,891.0640103199418,537.8896294636666,24.045756184977222
0.34275211070745265,0.05161326298239444,1.0152653752224925,15.32488948819869,0.0,0.0,1.0,0.5714285714285714,0.5714285714285714,28.041093007051487,0.0,0.0,104.05786526654495,0.0,248.3510552278084,0.0,1.0,0.0005402763493289485,0.0005096995807688027,0.0,18.0,1.0,1.0,47.59738914017544,0.0,1.0,1.0,1.0,36.0,9.0,0.0,8.074492477521076,364.8545792067867,1.999459723650671,1.9994903004192313,6980.950407225731,0.9997661826303932,3354.936584349289,4053.3388657028295,0.0,0.0,1.0,0.0,0.0,-928.0099597483377,-296.13152581430734,631.8784339340303,0.0,0.0,0.0,0.0,15.962775485247105,15.535071214740027,15.267285977959382,14.847052894560969,61.612185572507485,483.1922821032761,468.75550070023263,951.9477828035087,0.027788399813294715,0.026987940912669216,0.027788399813294715,0.026987940912669216,0.0,104.05786526654495,155.67954513748205,211.0285421466827,0.0,211.0285421466827,1.0,411.2550771942036,0.0,54.72629840492639,53.47086394126967,48.13917020073781,46.33061073820761,54.72629840492639,53.47086394126967,48.13917020073781,46.33061073820761,202.66694328514149,0.0,0.0,0.0,0.0,0.0,202.66694328514149,0.0,14.028542474558563,0.0,2,540.0,4053.3388657028295,4053.3388657028295,4053.3388657028295,14.028542474558563,5.666943613017343,443.6469160602237,443.6469160602237,444.197288721461,444.197288721461,447.82404035711545,0.0,443.6469160602237,294.16193121907946,278.19014125023676,383.31174237424557,-296.13152581430734,631.8784339340303,1.0,383.31174237424557,1.0,999.6240322235354,575.7458743338203,27.976549359711314
0.1775251282071375,0.029081665019135783,0.7075822954919141,12.937649501444545,0.0,1.0,0.0,0.0,0.0,35.20582332739292,0.0,0.0,182.35876107752406,0.0,258.8359048895625,0.0,1.0,0.0005550439630481247,0.0005223461900584327,0.0,18.0,1.0,1.0,47.64156099826127,0.0,1.0,1.0,1.0,36.0,19.0,0.0,8.08596111080738,322.2123027170623,1.999444956036952,1.9994776538099417,6987.428946411654,0.9985784587855496,3351.373421780676,3441.2945528756472,0.0,0.0,1.0,0.0,0.0,-927.5867069497262,-294.541003803748,633.0457031459782,0.0,0.0,0.0,0.0,7.375195727839825,7.1469901691538835,8.058961254672138,7.81596030950277,30.397107461168613,483.6080622877381,469.2231576774873,952.8312199652254,0.02816671951279528,0.027322058893634635,0.02816671951279528,0.027322058893634635,0.0,182.35876107752406,158.22937599726907,163.67149661072412,0.0,163.67149661072412,1.0,368.5916380645486,0.0,47.962847519463644,45.571493233063634,40.1843080893908,38.34607880186428,47.962847519463644,45.571493233063634,40.1843080893908,38.34607880186428,172.06472764378236,0.0,0.0,0.0,0.0,0.0,172.06472764378236,0.0,5.635311441500331,0.0,3,720.0,3441.2945528756472,3441.2945528756472,3441.2945528756472,5.635311441500331,14.028542474558561,440.67946078763015,440.67946078763015,441.81150570562204,441.81150570562204,455.48132518984755,0.0,440.67946078763015,298.97992557623513,266.3526191765989,355.4916092912541,-294.541003803748,633.0457031459782,1.0,355.4916092912541,1.0,949.1859983058743,658.2440451925474,31.021626598495498
0.36474559666868694,0.02215870803945358,1.0026802522504215,15.834822420437101,0.0,0.0,1.0,0.7142857142857143,0.7142857142857143,28.193135274590066,0.0,0.0,234.30264760213953,0.0,252.9368728293118,0.0,1.0,0.0005433691681757669,0.0005016570338468584,0.0,18.0,1.0,1.0,47.499707033628226,0.0,1.0,1.0,1.0,36.0,19.0,0.0,8.102685886597254,372.97918863134896,1.9994566308318242,1.9994983429661533,6966.623698265471,0.9978257998042446,3370.4438851750274,3841.6708741555526,0.0,0.0,1.0,0.0,0.0,-510.50311322703055,-309.28419941109064,201.2189138159399,0.0,0.0,0.0,0.0,15.488159889242826,14.97327156636674,16.162808481466808,15.634384930887094,62.25862486796347,484.97692526819196,465.01721540437234,949.9941406725643,0.02786866341088826,0.026774437942345228,0.02786866341088826,0.026774437942345228,0.0,234.30264760213953,160.73155268375453,192.72752697188233,0.0,192.72752697188233,1.0,398.5043442927005,0.0,48.79189151982602,46.92453637019998,49.11723548368884,47.24988033406281,48.79189151982602,46.92453637019998,49.11723548368884,47.24988033406281,192.08354370777764,0.0,0.0,0.0,0.0,0.0,192.08354370777764,0.0,6.279294705605025,0.0,4,900.0,3841.6708741555526,3841.6708741555526,3841.6708741555526,6.279294705605025,5.635311441500331,461.88062090698554,461.88062090698554,463.92629911663596,463.92629911663596,468.2750082273412,0.0,461.88062090698554,303.70787571058264,284.8553325902315,395.5320670837518,-309.28419941109064,201.2189138159399,1.0,395.5320670837518,1.0,1004.9204247336143,724.3764037837152,34.7440118989173
0.1784280977805207,0.014201173442842108,0.6858625139010569,13.38842235892963,0.0,1.0,0.0,0.0,0.0,35.11358505969008,0.0,0.0,322.83391180643827,0.0,269.2917354694787,0.0,1.0,0.0005548492947672715,0.0005109463185717614,0.0,18.0,1.0,1.0,47.38266654069736,0.0,1.0,1.0,1.0,36.0,18.0,0.0,7.9911537877924355,332.97668034121006,1.9994451507052327,1.9994890536814285,6949.457759302276,0.998564155384809,3353.4484662513705,3244.772647675738,0.0,0.0,1.0,0.0,0.0,-887.5516731314137,-304.6355319332998,582.916141198114,0.0,0.0,0.0,0.0,8.06298275245262,7.727266192031931,8.06298275245262,7.727266192031931,31.580497888969102,483.52659132873487,464.1267394852118,947.6533308139466,0.02816160801984917,0.02702114911162964,0.02816160801984917,0.02702114911162964,0.0,322.83391180643827,163.17064844560815,161.5585953481175,0.0,161.5585953481175,1.0,377.3542639977807,0.0,41.2520824470026,39.35632496879904,41.76299122309441,39.86723374489086,41.2520824470026,39.35632496879904,41.76299122309441,39.86723374489086,162.23863238378692,0.0,0.0,0.0,0.0,0.0,162.23863238378692,0.0,5.599257669935618,0.0,5,1080.0,3244.772647675738,3244.772647675738,3244.772647675738,5.599257669935618,6.279294705605025,454.58127727154806,454.58127727154806,456.9532978999497,456.9532978999497,472.1401222217837,0.0,454.58127727154806,308.31663223734097,275.1384472891707,365.1473726292489,-304.6355319332998,582.916141198114,1.0,365.1473726292489,1.0,981.3868949766648,812.5287741376765,38.599524318688296
0.3131328333784318,0.011590459202454273,0.9258762047009409,12.738994150791777,0.0,0.0,1.0,0.5714285714285714,0.5714285714285714,25.70674924912124,0.0,0.0,382.5597128593269,0.0,261.86773811486586,0.0,1.0,0.0005478612724895014,0.0005030259244653217,0.0,18.0,1.0,1.0,47.69179032482843,0.0,1.0,1.0,1.0,36.0,23.0,0.0,8.251263121852089,385.5007561440654,1.9994521387275104,1.9994969740755346,6994.795914308172,0.9966350001965396,3408.0702541951355,3822.9036462096387,0.0,0.0,1.0,0.0,0.0,-407.99067853612723,-318.4031557442759,89.58752279185131,0.0,0.0,0.0,0.0,16.16624583128645,15.491824015484147,16.16624583128645,15.491824015484147,63.31613969354119,487.0263726621058,466.80943383446294,953.8358064965687,0.02798413889366473,0.026811775506163142,0.02798413889366473,0.026811775506163142,0.0,382.5597128593269,165.5316254463764,192.00923458745675,0.0,192.00923458745675,1.0,405.90029007087173,0.0,48.11646495412683,46.19320379066817,49.37938736457279,47.45612620111414,48.11646495412683,46.19320379066817,49.37938736457279,47.45612620111414,191.14518231048194,0.0,0.0,0.0,0.0,0.0,191.14518231048194,0.0,6.463309946910439,0.0,6,1260.0,3822.9036462096387,3822.9036462096387,3822.9036462096387,6.463309946910439,5.599257669935618,476.2359357830998,476.2359357830998,477.60473361641385,477.60473361641385,480.79684887750034,0.0,476.2359357830998,312.77778063995544,295.54694831909944,410.9511944391695,-318.4031557442759,89.58752279185131,1.0,410.9511944391695,1.0,1031.5164833722024,884.5023978915478,42.62553317848642
0.18608313460576198,0.008706972968007043,0.7036265034731372,16.213044563613952,0.0,1.0,0.0,0.0,0.0,39.57757081605393,0.0,0.0,476.89002922645534,0.0,275.1743188849887,0.0,1.0,0.0005570819500992671,0.000521284817175517,0.0,18.0,1.0,1.0,47.678858768458596,0.0,1.0,1.0,1.0,36.0,30.0,0.0,8.360341226776205,334.9494328199569,1.9994429180499007,1.9994787151828244,6992.899286040592,0.9957675982774765,3396.696652206182,3270.2500143759553,0.0,0.0,1.0,0.0,0.0,-902.0889679267539,-310.848268511653,591.2406994151008,0.0,0.0,0.0,0.0,8.094849186563636,7.783369779360367,8.094849186563636,7.783369779360367,31.756437931848005,484.2460388069402,469.3311365622315,953.5771753691718,0.02821857777042251,0.027294491059334236,0.02821857777042251,0.027294491059334236,0.0,476.89002922645534,167.79992747774506,162.76364726646622,0.0,162.76364726646622,1.0,380.0538812162946,0.0,41.293616540726916,39.343919904701046,42.41233045469783,40.462633818671975,41.293616540726916,39.343919904701046,42.41233045469783,40.462633818671975,163.51250071879775,0.0,0.0,0.0,0.0,0.0,163.51250071879775,0.0,5.714456494578874,0.0,7,1440.0,3270.2500143759553,3270.2500143759553,3270.2500143759553,5.714456494578874,6.463309946910439,462.7576156823268,462.7576156823268,466.27240276747943,466.27240276747943,485.24963449751095,0.0,462.7576156823268,317.06381645504155,276.1903072229817,368.50612463388677,-310.848268511653,591.2406994151008,1.0,368.50612463388677,1.0,992.917156064939,979.2252157248361,46.826053105086146
0.31319015434558956,0.007789113021979932,0.9086122921673045,13.090321517521469,0.0,0.0,1.0,0.5714285714285714,0.5714285714285714,26.225228916942427,0.0,0.0,540.6355051335906,0.0,267.8644143373541,0.0,1.0,0.0005431547031064952,0.0005198489147033704,0.0,18.0,1.0,1.0,47.91206322789114,0.0,1.0,1.0,1.0,36.0,35.0,0.0,8.914011549036749,398.24264899052685,1.9994568452968933,1.9994801510852964,7027.102606757366,0.9871185376688939,3446.6614589173137,3892.4934719536373,0.0,0.0,1.0,0.0,0.0,-369.5658604375358,-324.0663787838114,45.49948165372439,0.0,0.0,0.0,0.0,16.173296464068656,15.697699658365089,16.173296464068656,15.697699658365089,63.74199224486749,483.5707904313531,474.67047412646946,958.2412645578224,0.027863461979740475,0.027257470285432357,0.027863461979740475,0.027257470285432357,0.0,540.6355051335906,169.96156970340377,195.54401564698958,0.0,195.54401564698958,1.0,416.72094201240367,0.0,48.99529217232014,47.02039125989403,50.2919455389469,48.3170446265208,48.99529217232014,47.02039125989403,50.2919455389469,48.3170446265208,194.62467359768186,0.0,0.0,0.0,0.0,0.0,194.62467359768186,0.0,6.633798543886569,0.0,8,1620.0,3892.4934719536373,3892.4934719536373,3892.4934719536373,6.633798543886569,5.714456494578874,487.86738051784664,487.86738051784664,486.0995681757171,486.0995681757171,491.58830554905944,0.0,487.86738051784664,321.14831484654786,307.1501134482885,419.12163528282997,-324.0663787838114,45.49948165372439,1.0,419.12163528282997,1.0,1061.6781863937965,1054.7281145683799,51.03256709308024
0.17646938590176336,0.006435905249485729,0.6802035117461337,14.030017661630907,0.0,1.0,0.0,0.0,0.0,37.82392301995792,0.0,0.0,638.3545699269883,0.0,282.60629230871,0.0,1.0,0.0005124045635586229,0.0005401099024176453,0.0,18.0,1.0,1.0,46.7787671337607,0.0,1.0,1.0,1.0,36.0,37.0,0.0,9.583387371296185,345.2211591164023,1.9994875954364413,1.9994598900975822,6860.885846284906,0.9697823986508255,3379.1615359901734,3337.6019373729946,0.0,0.0,1.0,0.0,0.0,-895.1571724643627,-317.8903012783447,577.2668711860181,0.0,0.0,0.0,0.0,7.983738804433744,7.923141043446585,7.983738804433744,7.923141043446585,31.81375969576066,457.7243634359633,477.8509792392511,935.5753426752144,0.02705571742350474,0.02778427941661034,0.02705571742350474,0.02778427941661034,0.0,638.3545699269883,172.00322488021237,166.15739877015997,0.0,166.15739877015997,1.0,389.9790177396205,0.0,42.147785941262015,40.14906734134792,43.290981092976935,41.29226249306285,42.147785941262015,40.14906734134792,43.290981092976935,41.29226249306285,166.88009686864973,0.0,0.0,0.0,0.0,0.0,166.88009686864973,0.0,5.9111004453968246,0.0,9,1800.0,3337.6019373729946,3337.6019373729946,3337.6019373729946,5.9111004453968246,6.63379854388657,473.79226048896174,473.79226048896174,476.835451917517,476.835451917517,493.49413055931825,0.0,473.79226048896174,325.0060935236571,285.72830903813235,378.27605270131676,-317.8903012783447,577.2668711860181,1.0,378.27605270131676,1.0,1020.8079889426344,1149.9707534359081,55.35398474947505
0.36471390378469065,0.006001875761847852,0.9998397206646937,17.16524401698629,0.0,0.0,1.0,0.7142857142857143,0.7142857142857143,30.56888812557076,0.0,0.0,705.1314837303261,0.0,275.83429641375835,0.0,1.0,0.0003605693473794296,0.0005390367234275267,0.0,18.0,1.0,1.0,42.66290982358821,0.0,1.0,1.0,1.0,36.0,44.0,0.0,11.702282483829888,397.3236045770939,1.9996394306526204,1.9994609632765723,6257.226774126271,0.9166288776287553,3161.4810505346086,3951.629508617376,0.0,0.0,1.0,0.0,0.0,-459.968172804246,-326.0995352192545,133.86863758499152,0.0,0.0,0.0,0.0,14.741534402862326,15.986066439499336,14.741534402862326,15.986066439499336,61.45520168472333,370.04960361487986,483.2085928568844,853.2581964717642,0.02259251568139314,0.027757254383470105,0.02259251568139314,0.027757254383470105,0.0,705.1314837303261,173.9123055250866,198.45635924017495,0.0,198.45635924017495,1.0,420.32201321730616,0.0,49.742595047203515,47.721592192677235,51.069145522757175,49.048142668230895,49.742595047203515,47.721592192677235,51.069145522757175,49.048142668230895,197.5814754308688,0.0,0.0,0.0,0.0,0.0,197.5814754308688,0.0,6.78598425470296,1.0,10,1980.0,3951.629508617376,3951.629508617376,3951.629508617376,6.78598425470296,5.9111004453968246,485.4724307012244,485.4724307012244,489.14930282888173,489.14930282888173,500.40591045957586,0.0,485.4724307012244,328.6133679979834,307.882099573861,415.4334247773554,-326.0995352192545,133.86863758499152,1.0,415.4334247773554,1.0,1068.641400920078,1221.172802557121,59.67276506466454
0.175974099364542,0.005178840402717377,0.684953374106065,14.32137851210078,0.0,1.0,0.0,0.0,0.0,38.01797285759999,0.0,0.0,805.1996955047903,0.0,284.9948571008678,0.0,1.0,0.00011751575445906326,0.0005554974646674932,0.0,18.0,1.0,1.0,33.43682495410759,0.0,1.0,1.0,1.0,36.0,66.0,0.0,16.786655414287026,351.3648755970185,1.9998824842455407,1.9994445025353325,4904.067659935779,0.8215253204681235,2519.7236974314046,3397.513272195935,0.0,0.0,1.0,0.0,0.0,-964.0472902102874,-313.0668500658708,650.9804401444167,0.0,0.0,0.0,0.0,5.37826853404162,8.054762519056279,5.37826853404162,8.054762519056279,26.8660621061958,184.39242953042583,484.34406955172585,668.7364990821517,0.012569895312751527,0.02817825157516314,0.012569895312751527,0.02817825157516314,0.0,805.1996955047903,175.67704152101703,169.09461870083604,0.0,169.09461870083604,1.0,399.5672401075329,0.0,42.906132077531254,40.86451579110853,44.073316013789835,42.03169972736711,42.906132077531254,40.86451579110853,44.073316013789835,42.03169972736711,169.87566360979673,0.0,0.0,0.0,0.0,0.0,169.87566360979673,0.0,6.004939345742264,10.0,11,2160.0,3397.513272195935,3397.513272195935,3397.513272195935,6.004939345742264,6.785984254702959,465.4914980118958,465.4914980118958,469.6002750988062,469.6002750988062,491.84922994956924,0.0,465.4914980118958,331.94789822285196,296.22852545536006,378.3319990797114,-313.0668500658708,650.9804401444167,1.0,378.3319990797114,1.0,1038.3209549687147,1308.7091663742863,63.56614480615513
0.36470657642478027,0.004920560508645977,1.0141036655824278,17.505829364881556,0.0,0.0,1.0,0.7142857142857143,0.7142857142857143,31.1770762468123,0.0,0.0,874.6378470012747,0.0,275.3654901107402,0.0,1.0,4.558115938220938e-05,0.0005511568826628781,0.0,18.0,1.0,1.0,31.813689753926063,0.0,1.0,1.0,1.0,36.0,77.0,0.0,24.874937567756504,384.86487323879953,1.9999544188406178,1.9994488431173372,4666.007830575825,0.6525464393789387,2571.132328397555,3733.592994405494,0.0,0.0,1.0,0.0,0.0,-718.8362723235632,-317.123960919235,401.7123114043282,0.0,0.0,0.0,0.0,5.318951901907498,16.198473556807066,5.318951901907498,16.198473556807066,43.034850917429125,148.0558405609416,488.2179545175799,636.2737950785215,0.00800585431683174,0.028068331021028063,0.00800585431683174,0.028068331021028063,0.0,874.6378470012747,177.28655268375454,201.09835159963606,0.0,201.09835159963606,1.0,420.8066868549777,0.0,43.853018269192425,48.34079822086378,44.79347578516304,49.692357445055464,43.853018269192425,48.34079822086378,44.79347578516304,49.692357445055464,186.6796497202747,0.0,0.0,0.0,0.0,0.0,186.6796497202747,0.0,20.423641225103616,29.0,12,2340.0,3733.592994405494,3733.592994405494,3733.592994405494,20.423641225103616,6.004939345742264,470.2959626340313,470.2959626340313,475.68594137885253,475.68594137885253,488.23901218086365,0.0,470.2959626340313,334.9891257105827,313.30072864821636,400.807557573401,-317.123960919235,401.7123114043282,1.0,400.807557573401,1.0,1057.3898232373235,1376.1108858821183,67.49034684704164
0.1753414083244748,0.004385788614849173,0.702175277366098,14.563573348238826,0.0,1.0,0.0,0.0,0.0,38.856652419918994,0.0,0.0,977.0142925925345,0.0,274.88264261422495,0.0,1.0,8.353579601535117e-05,0.0005573574627451129,0.0,18.0,1.0,1.0,33.883296895874764,0.0,1.0,1.0,1.0,36.0,87.0,0.0,32.293360876677255,351.74400065279207,1.9999164642039848,1.999442642537255,4969.550211394966,0.5260075055357573,2702.9655844145905,2197.533131966441,0.0,0.0,1.0,0.0,0.0,-892.697214254641,-312.38528428795325,580.3119299666878,0.0,0.0,0.0,0.0,2.7365077716516613,8.116130500096249,2.7365077716516613,8.116130500096249,21.70527654349582,193.8492209038096,483.81671701368566,677.6659379174953,0.010906056786233607,0.028225398359107756,0.010906056786233607,0.028225398359107756,0.0,977.0142925925345,178.730915841764,170.6609419007845,0.0,170.6609419007845,1.0,396.37886136552413,0.0,13.079557105579287,41.26530542555531,13.079557105579287,42.45223696160817,13.079557105579287,41.26530542555531,13.079557105579287,42.45223696160817,109.87665659832206,0.0,0.0,0.0,0.0,0.0,109.87665659832206,0.0,81.20792652756604,33.0,13,2520.0,2197.533131966441,2197.533131966441,2197.533131966441,81.20792652756604,20.423641225103616,465.00815145204166,465.00815145204166,468.5779264319299,468.5779264319299,483.67107192608415,0.0,465.00815145204166,337.718300282403,301.2770007335971,380.1090020140937,-312.38528428795325,580.3119299666878,1.0,380.1090020140937,1.0,1031.1770396124496,1480.879096464495,71.69309948220392
0.3647008881231994,0.004246993048352021,1.015194001751505,17.779839512261475,0.0,0.0,1.0,0.7142857142857143,0.7142857142857143,31.666380081419298,0.0,0.0,1047.9379579804852,0.0,273.61784497538724,0.0,1.0,0.00010523156391671772,0.0005335202781630885,0.0,18.0,1.0,1.0,34.62188445676134,0.0,1.0,1.0,1.0,36.0,89.0,0.0,39.50876962939889,392.92097465218865,1.9998947684360833,1.9994664797218367,5077.876386991665,0.4817314253354743,2760.77993161334,1986.7844206879427,0.0,0.0,1.0,0.0,0.0,-573.2811190275015,-322.8076823357979,250.47343669170363,0.0,0.0,0.0,0.0,6.6796002049903,16.126453117086797,6.6796002049903,16.126453117086797,45.612106644154196,214.4204535113315,478.01723562389543,692.437689135227,0.01225807528394144,0.027614162826390128,0.01225807528394144,0.027614162826390128,0.0,1047.9379579804852,180.00122601587688,203.083608334357,0.0,203.083608334357,1.0,421.5850306035637,0.0,0.2032376771065149,48.777831684690014,0.2032376771065149,50.154913995494084,0.2032376771065149,48.777831684690014,0.2032376771065149,50.154913995494084,99.33922103439713,0.0,0.0,0.0,0.0,0.0,99.33922103439713,0.0,184.9523138275259,37.0,14,2700.0,1986.7844206879427,1986.7844206879427,1986.7844206879427,184.9523138275259,81.20792652756604,479.26587093110976,479.26587093110976,484.21152350369687,484.21152350369687,492.3507466514054,0.0,479.26587093110976,340.1185956695347,318.3427238713433,408.69977214238725,-322.8076823357979,250.47343669170363,1.0,408.69977214238725,1.0,1067.1585666225683,1558.8702089930146,76.35425610704019
0.17492786491407258,0.0038742611804472027,0.6983951013882287,14.750638529380767,0.0,1.0,0.0,0.0,0.0,39.40907912618056,0.0,0.0,1152.0957876612445,0.0,279.58387945346294,0.0,1.0,0.00011911166700062648,0.00046954632273812604,0.0,18.0,1.0,1.0,32.97833246936582,0.0,1.0,1.0,1.0,36.0,90.0,0.0,46.79142093594692,357.4348886165871,1.9998808883329993,1.9995304536772618,4836.8220955069855,0.45522269964238316,2650.089060310378,1692.666690585328,0.0,0.0,1.0,0.0,0.0,-892.8841562340431,-316.82494928343726,576.0592069506058,0.0,0.0,0.0,0.0,3.6593890609262756,7.841798143379206,3.6593890609262756,7.841798143379206,23.002374408610965,227.3928214601889,432.17382792712726,659.5666493873161,0.013044150802300772,0.025882339332792218,0.013044150802300772,0.025882339332792218,0.0,1152.0957876612445,181.08965132144874,172.5995292647889,0.0,172.5995292647889,1.0,402.07909642828923,0.0,0.0,41.708816556581105,0.0,42.924517972685294,0.0,41.708816556581105,0.0,42.924517972685294,84.63333452926639,0.0,0.0,0.0,0.0,0.0,84.63333452926639,0.0,272.9185085630484,39.0,15,2880.0,1692.666690585328,1692.666690585328,1692.666690585328,272.9185085630484,184.9523138275259,471.65097404892146,471.65097404892146,475.2374239251559,475.2374239251559,492.07850774969523,0.0,471.65097404892146,342.1752132527374,305.29121857381443,384.503027101865,-316.82494928343726,576.0592069506058,1.0,384.503027101865,1.0,1047.3729290586807,1663.1558408363464,80.85075794891527
0.3063241120546093,0.004230290663073066,0.9526007120173177,17.98052741991002,0.0,1.0,0.0,0.2857142857142857,0.2857142857142857,34.53405527612913,0.0,0.0,1236.359323947164,0.0,278.4391665310725,0.0,1.0,0.00013092219636602466,0.0002577526684486791,0.0,18.0,1.0,1.0,26.97950907844313,0.0,1.0,1.0,1.0,36.0,102.0,0.0,55.85829637221583,391.0857736890307,1.999869077803634,1.9997422473315514,3956.9946648383257,0.38343564127173674,2249.6254973603563,1994.550701955287,0.0,0.0,1.0,0.0,0.0,-410.67819247672196,-321.5002229557212,89.17796952100076,0.0,0.0,0.0,0.0,7.679755422124845,13.487882847006995,7.679755422124845,13.487882847006995,42.335276538263685,238.1425045999676,301.447676968895,539.5901815688626,0.013676166890496715,0.01896689978392802,0.013676166890496715,0.01896689978392802,0.0,1236.359323947164,181.98948125453254,218.92298668502718,28.682513233740636,190.24047345128656,1.0,411.61968331286687,0.0,0.0,49.16508671884027,0.0,50.56244837892407,0.0,49.16508671884027,0.0,50.56244837892407,99.72753509776433,0.0,0.0,0.0,0.0,0.0,99.72753509776433,0.0,363.43144691657085,41.0,16,3060.0,1994.550701955287,1994.550701955287,1994.550701955287,363.43144691657085,272.9185085630484,476.87186785241306,476.87186785241306,482.2503344335818,482.2503344335818,495.29781890372607,0.0,476.87186785241306,343.87547330071556,321.8663111246087,406.37772764770943,-321.5002229557212,89.17796952100076,1.0,406.37772764770943,1.0,1060.7431906228585,1747.7652470757064,85.39613114040672
0.06862663002158928,0.005752384327351423,0.5223618033742591,14.877967889933133,0.0,1.0,0.0,0.0,0.0,57.81267212069879,0.0,0.0,1416.0063449880827,0.0,277.4093834644186,0.0,1.0,0.0001420672347416755,5.7704562603073166e-05,0.0,18.0,1.0,1.0,19.137390327645,0.0,1.0,1.0,1.0,36.0,108.0,0.0,65.20760158842117,338.16843433463015,1.9998579327652584,1.999942295437397,2806.8172480545995,0.2640853407320295,1809.8554849983443,1704.3660672732028,0.0,0.0,1.0,0.0,0.0,472.331112510873,-307.8344693072672,780.1655818181403,0.0,0.0,0.0,0.0,4.0148727915060585,4.104206225654019,4.0148727915060585,4.104206225654019,16.238158034320154,247.52503716278676,135.22276939011311,382.7478065528999,0.01424691537143181,0.008756706364208566,0.01424691537143181,0.008756706364208566,0.0,1416.0063449880827,182.69516806436707,327.7096428099654,242.88902732349226,84.82061548647312,1.0,314.5518787090865,0.0,0.0,41.9904535226359,0.0,43.22784984102424,0.0,41.9904535226359,0.0,43.22784984102424,85.21830336366014,0.0,0.0,0.0,0.0,0.0,85.21830336366014,0.0,363.0337590393838,64.0,17,3240.0,1704.3660672732028,1704.3660672732028,1704.3660672732028,363.0337590393838,363.43144691657085,458.9602137949387,458.9602137949387,461.75170396090084,461.75170396090084,483.97919394739233,0.0,458.9602137949387,345.2088931448797,307.2304470592506,381.2433150197311,-307.8344693072672,780.1655818181403,1.0,381.2433150197311,1.0,954.5347663211753,1932.77923090372,92.3906272395184
0.1123459539409461,0.009072813016535841,0.8188474514616271,18.1029514854959,0.0,1.0,0.0,0.42857142857142855,0.42857142857142855,64.08574543356234,0.0,0.0,1575.2896269459986,0.25,273.88668800386637,0.25,1.0,0.0001519614687707227,6.060849887748157e-05,0.0,18.0,1.0,1.0,21.208807936715413,0.0,1.0,1.0,1.0,36.0,108.0,0.0,74.06451785518183,366.2258911374908,1.9998480385312294,1.9999393915011225,3110.6251640515925,0.09812812644193288,2009.7780159043332,1478.7926878436972,0.0,0.0,1.0,0.0,0.0,855.8792793488938,-314.5136453002821,1170.392924649176,0.0,0.0,0.0,0.0,8.660443804014815,4.788171778001406,8.331629670623318,4.55146738923148,26.331712641871018,255.9149237460803,168.26123498822778,424.17615873430805,0.01473490499382655,0.009259491187653944,0.01473490499382655,0.009259491187653944,0.0,1575.2896269459986,183.20236095710501,330.74118655137914,224.67813261572869,106.06305393565046,1.0,323.4319271700461,0.0,0.0,36.918931018904416,0.0,37.02070337328044,0.0,36.918931018904416,0.0,37.02070337328044,73.93963439218486,0.0,0.0,0.0,0.0,0.0,73.93963439218486,0.0,395.1571785828494,67.0,18,3420.0,1478.7926878436972,1478.7926878436972,1478.7926878436972,395.1571785828494,363.0337590393838,463.872212599212,463.872212599212,471.77046795042315,471.77046795042315,480.46368996396933,0.0,463.872212599212,346.16725180848334,325.15354002575305,396.4915952782578,-314.5136453002821,1170.392924649176,1.0,396.4915952782578,1.0,958.1412753346515,2103.247584978773,101.39232510713038
0.06573129701264913,0.011498254751167392,0.7842011352798153,24.716455239927523,0.0,1.0,0.0,0.0,0.0,85.35699293718653,0.0,0.0,1751.7834116385636,0.5,269.3924923892202,0.5,1.0,0.00016065291990124346,9.316613025588271e-05,0.0,18.0,1.0,1.0,23.30177808328873,0.0,1.0,1.0,1.0,36.0,108.0,0.0,81.87364174963321,340.184842360492,1.9998393470800988,1.999906833869744,3417.5941188823444,0.011990561699703275,2132.034102812072,191.8489871952524,0.0,0.0,1.0,0.0,0.0,522.5920775163868,-309.4009467802819,831.9930242966686,0.0,0.0,0.0,0.0,4.3022373270018095,3.0735629506093405,4.29861268849902,3.037036206327152,14.711449172437321,262.96374419054615,203.07181747522807,466.03556166577425,0.015150696823276463,0.01153005525595733,0.015150696823276463,0.01153005525595733,0.0,1751.7834116385636,183.50793291990388,330.6994224902312,243.005732974531,87.6936895157002,1.0,314.05523848467266,0.0,0.0,4.79622467988131,0.0,4.79622467988131,0.0,4.79622467988131,0.0,4.79622467988131,9.59244935976262,0.0,0.0,0.0,0.0,0.0,9.59244935976262,0.0,473.25841873878693,76.0,19,3600.0,191.8489871952524,191.8489871952524,191.8489871952524,473.25841873878693,395.15717858284944,462.4917934380796,462.4917934380796,464.10142017042284,464.10142017042284,476.77035406697854,0.0,462.4917934380796,346.74464069167885,310.70816810365625,391.97523190049594,-309.4009467802819,831.9930242966686,1.0,391.97523190049594,1.0,950.0218307026772,2299.6321980138296,110.4079443920952
0.1208461161986305,0.015214972543286243,1.0652545785365,32.04235873061869,0.0,1.0,0.0,0.42857142857142855,0.42857142857142855,93.69788254782921,0.0,0.0,1910.3823714842033,0.5,273.1170053722743,0.5,1.0,0.00016851157259883335,0.00010992058520239063,0.0,18.0,1.0,1.0,24.381290724650846,0.0,1.0,1.0,1.0,36.0,108.0,0.0,89.17414578629369,370.16144001013123,1.999831488427401,1.9998900794147976,3575.9226396154586,0.0,2179.5530860391186,0.0,0.0,0.0,1.0,0.0,0.0,969.2780978409392,-318.3501137538119,1287.628211594751,0.0,0.0,0.0,0.0,8.83055819156104,6.9689708774341526,8.82455731715033,6.940743234628362,31.564829620773885,269.08454314356015,218.54127134945693,487.62581449301706,0.015517065182739617,0.012530432797661488,0.015517065182739617,0.012530432797661488,0.0,1910.3823714842033,183.61,330.93791468695457,224.67813261572869,106.25978207122589,1.0,321.69753511808426,0.0,0.0,0.0,0.0,0.0,0.0,0.0,0.0,0.0,0.0,0.0,0.0,0.0,0.0,0.0,0.0,0.0,579.5182008100128,77.0,20,3780.0,0.0,0.0,0.0,579.5182008100128,473.2584187387869,471.0588658852192,471.0588658852192,477.52517063071787,477.52517063071787,484.3204728995988,0.0,471.0588658852192,346.9375,323.82317288935735,403.939307173217,-318.3501137538119,1287.628211594751,1.0,403.939307173217,1.0,961.7441282487471,2475.1391199172517,119.83901506737087
0.09231326603851145,0.017164435330551397,0.9714830764336246,39.96221657381065,0.0,1.0,0.0,0.0,0.0,118.19116415973696,0.0,0.0,2089.882168263372,0.5,275.33919016127413,0.5,1.0,0.00017570567175285835,0.00012095716974888957,0.0,18.0,1.0,1.0,25.184101673921443,0.0,1.0,1.0,1.0,36.0,108.0,0.0,95.97655867210135,338.00849125197925,1.9998242943282472,1.9998790428302513,3693.668245508478,0.0,2210.0983921187253,0.0,0.0,0.0,1.0,0.0,0.0,512.5636210440916,-310.0607051701027,822.6243262141943,0.0,0.0,0.0,0.0,4.173464360325027,3.3851525146975567,4.511904006630023,3.6866112905554607,15.757132172208069,274.7265904517594,228.9554430266693,503.6820334784287,0.015844956937547998,0.013145068812469398,0.015844956937547998,0.013145068812469398,0.0,2089.882168263372,183.50793291990388,330.7328656317754,245.2177271178216,85.51513851395379,1.0,312.38031019977467,0.0,0.0,0.0,0.0,0.0,0.0,0.0,0.0,0.0,0.0,0.0,0.0,0.0,0.0,0.0,0.0,0.0,665.0333393239665,86.0,21,3960.0,0.0,0.0,0.0,665.0333393239665,579.5182008100128,461.60265747955236,461.60265747955236,465.0910577551541,465.0910577551541,481.7316080048424,0.0,461.60265747955236,346.74464069167885,307.48613399537277,381.8584033279993,-310.0607051701027,822.6243262141943,1.0,381.8584033279993,1.0,950.9819207262777,2669.675989902661,128.97933311629103
0.1539564741298659,0.01727995975851454,1.3138062651911389,50.991111135072885,0.0,1.0,0.0,0.2857142857142857,0.2857142857142857,130.21109881794516,0.0,0.0,2291.8578209242396,0.75,274.097268191577,0.75,1.0,0.00018255240203823853,0.00013102229134159197,0.0,18.0,1.0,1.0,25.88511806277466,0.0,1.0,1.0,1.0,36.0,108.0,0.0,101.85148231967064,367.9993974850521,1.9998174475979615,1.9998689777086582,3796.4839825402833,0.0,2267.799796946722,0.0,0.0,0.0,1.0,0.0,0.0,1879.5517818295139,-318.91149762760983,2198.4632794571235,0.0,0.0,0.0,0.0,9.206827690661713,7.719212476726839,9.206827690661713,7.719212476726839,33.852080334777106,279.904718539442,237.7976427160512,517.7023612554932,0.016150861222103602,0.01368167579224204,0.016150861222103602,0.01368167579224204,0.0,2291.8578209242396,183.20236095710501,370.216776631104,315.25011595507056,54.9666606760334,1.0,274.0218083935764,0.0,0.0,0.0,0.0,0.0,0.0,0.0,0.0,0.0,0.0,0.0,0.0,0.0,0.0,0.0,0.0,0.0,720.0,84.0,22,4140.0,0.0,0.0,0.0,720.0,665.0333393239665,473.75974416709914,473.75974416709914,478.36724644141475,478.36724644141475,487.52821383178554,0.0,473.75974416709914,346.16725180848334,326.4230704181612,406.3025774695885,-318.91149762760983,2198.4632794571235,1.0,406.3025774695885,1.0,919.7208983052916,2895.828663909284,139.00026473711384
0.14638889184713644,0.01453514311513332,1.3210629514968268,66.4611778073269,0.0,1.0,0.0,0.0,0.0,167.89392558553735,0.0,0.0,2541.835825414742,0.75,275.0267794823138,0.75,1.0,0.0001886267242458612,0.00013976085021179715,0.0,18.0,1.0,1.0,26.48535144799458,0.0,1.0,1.0,1.0,36.0,108.0,0.0,103.80174533597733,324.9063656699229,1.999811373275754,1.9998602391497882,3884.5182123725367,0.0,2301.186468127228,0.0,0.0,0.0,1.0,0.0,0.0,1935.732236801784,-311.28082256000664,2247.0130593617905,0.0,0.0,0.0,0.0,4.687397893818278,4.002751752499457,4.687397893818278,4.002751752499457,17.38029929263547,284.39049635591965,245.31653260397172,529.7070289598913,0.016417501775701802,0.014130938958902304,0.016417501775701802,0.014130938958902304,0.0,2541.835825414742,182.69516806436707,488.19964411200704,488.19964411200704,0.0,1.0,228.11975382983366,0.0,0.0,0.0,0.0,0.0,0.0,0.0,0.0,0.0,0.0,0.0,0.0,0.0,0.0,0.0,0.0,0.0,720.0,84.0,23,4320.0,0.0,0.0,0.0,720.0,720.0,465.4326416037179,465.4326416037179,466.92123384000996,466.92123384000996,484.0702302352312,0.0,465.4326416037179,345.2088931448797,307.5260663772874,387.9865811433643,-311.28082256000664,2247.0130593617905,1.0,387.9865811433643,1.0,867.4780410798297,3175.1623926039974,152.23398325046006
0.19846094786283164,0.01248052241069808,1.5892237157901437,81.28053383597805,0.0,1.0,0.0,0.2857142857142857,0.2857142857142857,188.67474306767184,0.0,0.0,2790.0467549827013,1.0,276.3468274352636,1.0,1.0,0.0001937642616778189,0.00014720437634247526,0.0,18.0,1.0,1.0,26.984572650726026,0.0,1.0,1.0,1.0,36.0,108.0,0.0,104.94571289972504,358.60237249540484,1.9998062357383222,1.9998527956236576,3957.7373221064827,0.0,2312.762728337167,0.0,0.0,0.0,1.0,0.0,0.0,2797.503709242629,-318.4030931250369,3115.906802367666,0.0,0.0,0.0,0.0,9.516060089430717,8.23779824898116,9.516060089430717,8.23779824898116,35.507716676823755,288.1011275801572,251.59032543436317,539.6914530145203,0.01663969564377636,0.014502645039247095,0.01663969564377636,0.014502645039247095,0.0,2790.0467549827013,181.98948125453254,453.7326215573474,453.7326215573474,0.0,1.0,218.7271870332734,0.0,0.0,0.0,0.0,0.0,0.0,0.0,0.0,0.0,0.0,0.0,0.0,0.0,0.0,0.0,0.0,0.0,720.0,91.0,24,4500.0,0.0,0.0,0.0,720.0,720.0,472.91779842531747,472.91779842531747,477.60463968755533,477.60463968755533,487.42242379627595,0.0,472.91779842531747,343.87547330071556,323.0946558185811,404.9656805448501,-318.4030931250369,3115.906802367666,1.0,404.9656805448501,1.0,862.752386768054,3451.6392964756906,166.27580123336756
0.1869704028150615,0.010879345615026403,1.5314189622441643,96.61123273540947,0.0,1.0,0.0,0.0,0.0,226.4608457874125,0.0,0.0,3037.6350763375835,1.0,275.993503294457,1.0,1.0,0.00019787783971738883,0.00015379115765486637,0.0,18.0,1.0,1.0,27.401100348179153,0.0,1.0,1.0,1.0,36.0,108.0,0.0,105.84710434697233,322.46031565113657,1.9998021221602826,1.999846208842345,4018.8280510662753,0.0,2345.2364590415873,0.0,0.0,0.0,1.0,0.0,0.0,1910.9768995167842,-309.98485034447003,2220.9617498612542,0.0,0.0,0.0,0.0,4.816662794927566,4.2189397641422826,4.816662794927566,4.2189397641422826,18.071205118139698,291.00156622597086,257.02044073761215,548.022006963583,0.016815487599516094,0.014823702712794325,0.016815487599516094,0.014823702712794325,0.0,3037.6350763375835,181.08965132144874,491.55555555555554,491.55555555555554,0.0,1.0,226.91147067529735,0.0,0.0,0.0,0.0,0.0,0.0,0.0,0.0,0.0,0.0,0.0,0.0,0.0,0.0,0.0,0.0,0.0,720.0,86.0,25,4680.0,0.0,0.0,0.0,720.0,720.0,462.19455831513403,462.19455831513403,464.97727551670505,464.97727551670505,483.842358735858,0.0,462.19455831513403,342.1752132527374,304.3891105329969,380.5303317506773,-309.98485034447003,2220.9617498612542,1.0,380.5303317506773,1.0,864.2201432049571,3726.29048044013,179.94536613985886
0.2292573439488803,0.009625722210991505,1.7564211663213998,111.27147049190225,0.0,1.0,0.0,0.2857142857142857,0.2857142857142857,246.23442028217366,0.0,0.0,3283.1603024521214,1.0,274.31297726721334,1.0,1.0,0.00020099469135147362,0.0001599251931363578,0.0,18.0,1.0,1.0,27.758800659592026,0.0,1.0,1.0,1.0,36.0,108.0,0.0,106.5203968666921,357.01805369229305,1.9997990053086485,1.9998400748068634,4071.29076340683,0.0,2357.391826219682,0.0,0.0,0.0,1.0,0.0,0.0,2772.958487832714,-316.4957591887459,3089.45424702146,0.0,0.0,0.0,0.0,9.721678335384457,8.61483792337515,9.721678335384457,8.61483792337515,36.67303251751922,293.1676837949914,262.0083293968491,555.1760131918404,0.016947468737882016,0.015116558699777386,0.016947468737882016,0.015116558699777386,0.0,3283.1603024521214,180.00122601587688,460.44444444444446,460.44444444444446,0.0,1.0,218.37012930065737,0.0,0.0,0.0,0.0,0.0,0.0,0.0,0.0,0.0,0.0,0.0,0.0,0.0,0.0,0.0,0.0,0.0,720.0,102.0,26,4860.0,0.0,0.0,0.0,720.0,720.0,470.4430718978404,470.4430718978404,474.7436387831189,474.7436387831189,485.87987454825765,0.0,470.4430718978404,340.1185956695347,320.3450211747739,401.5968025045918,-316.4957591887459,3089.45424702146,1.0,401.5968025045918,1.0,857.4421822753858,3999.8377946321357,193.79297703776095
0.21645836734493068,0.008600395810168526,1.689665673360476,126.39741804761107,0.0,1.0,0.0,0.0,0.0,283.61587948287166,0.0,0.0,3528.0008989160415,1.0,273.36519855381516,1.0,1.0,0.00020318236279305414,0.00016534888626032164,0.0,18.0,1.0,1.0,28.04547675964943,0.0,1.0,1.0,1.0,36.0,108.0,0.0,106.98000946463661,318.9019240670473,1.9997968176372067,1.9998346511137397,4113.336591415249,0.0,2369.2588826084884,0.0,0.0,0.0,1.0,0.0,0.0,1878.4325713430699,-308.08064148792147,2186.5132128309915,0.0,0.0,0.0,0.0,4.894361488561675,4.388180004109413,4.894361488561675,4.388180004109413,18.565082985342176,294.6484998409028,266.2610353520858,560.9095351929886,0.01703949390363111,0.015370886947038028,0.01703949390363111,0.015370886947038028,0.0,3528.0008989160415,178.730915841764,491.55555555555554,491.55555555555554,0.0,1.0,224.9802954998938,0.0,0.0,0.0,0.0,0.0,0.0,0.0,0.0,0.0,0.0,0.0,0.0,0.0,0.0,0.0,0.0,0.0,720.0,100.0,27,5040.0,0.0,0.0,0.0,720.0,720.0,459.3365719876255,459.3365719876255,462.1209622318822,462.1209622318822,481.11825119359696,0.0,459.3365719876255,337.718300282403,300.33684108170513,376.91031317486244,-308.08064148792147,2186.5132128309915,1.0,376.91031317486244,1.0,855.3140155256799,4270.953350386539,207.27721150928625
0.2508758678319777,0.007774171813845043,1.887730353200746,140.841027678407,0.0,1.0,0.0,0.2857142857142857,0.2857142857142857,303.02047577371246,0.0,0.0,3770.0235708218393,1.0,273.3007785598956,1.0,1.0,0.0002045823821033885,0.00016975615580519212,0.0,18.0,1.0,1.0,28.260301762464053,0.0,1.0,1.0,1.0,36.0,108.0,0.0,107.24439382657566,353.84898393452124,1.9997954176178965,1.9998302438441948,4144.844258494726,0.0,2377.76098308511,0.0,0.0,0.0,1.0,0.0,0.0,2720.0403358400054,-312.62926800358196,3032.6696038435875,0.0,0.0,0.0,0.0,9.83134095430509,8.908401314620026,10.241867443080174,9.282844802774179,38.264454514779466,295.57809666502425,269.6279385842566,565.2060352492808,0.017098123608880675,0.015574497035240917,0.017098123608880675,0.015574497035240917,0.0,3770.0235708218393,177.28655268375454,451.33186628166436,451.33186628166436,0.0,1.0,217.84696714252095,0.0,0.0,0.0,0.0,0.0,0.0,0.0,0.0,0.0,0.0,0.0,0.0,0.0,0.0,0.0,0.0,0.0,720.0,101.0,28,5220.0,0.0,0.0,0.0,720.0,720.0,465.13440688593363,465.13440688593363,468.94390200537293,468.94390200537293,481.20020249737667,0.0,465.13440688593363,334.9891257105827,315.5845294197418,399.9275346812667,-312.62926800358196,3032.6696038435875,1.0,399.9275346812667,1.0,853.5756566893114,4538.178453481485,220.8828514777195
0.24488760117639924,0.007074559431793359,1.8385765328167512,155.70188197710638,0.0,1.0,0.0,0.0,0.0,336.81768941449275,0.0,0.0,4011.024050670681,1.0,270.97807363570206,1.0,1.0,0.00020531131331308968,0.0001730755681848612,0.0,18.0,1.0,1.0,28.406355017098015,0.0,1.0,1.0,1.0,36.0,108.0,0.0,107.3311061143428,316.238718256761,1.9997946886866869,1.9998269244318152,4166.26540250771,0.0,2378.4775802163617,0.0,0.0,0.0,1.0,0.0,0.0,1827.5434448034175,-305.4440512255184,2132.9874960289358,0.0,0.0,0.0,0.0,4.929355609028312,4.507146216781017,4.518829120253227,4.132702728626865,18.08803367468942,296.0238878354006,272.1032125065598,568.1271003419605,0.017128570051955214,0.01572611250688514,0.017128570051955214,0.01572611250688514,0.0,4011.024050670681,175.67704152101703,491.34704211463253,491.34704211463253,0.0,1.0,224.8615460165901,0.0,0.0,0.0,0.0,0.0,0.0,0.0,0.0,0.0,0.0,0.0,0.0,0.0,0.0,0.0,0.0,0.0,720.0,107.0,29,5400.0,0.0,0.0,0.0,720.0,720.0,455.3835543379776,455.3835543379776,458.16607683827766,458.16607683827766,474.73432088913637,0.0,455.3835543379776,331.94789822285196,298.15068458207156,377.08406214341346,-305.4440512255184,2132.9874960289358,1.0,377.08406214341346,1.0,849.4734611030048,4803.225294423151,234.06433747684457
0.266572746381067,0.006496902164732754,1.9630781082570992,169.87668773207028,0.0,1.0,0.0,0.42857142857142855,0.42857142857142855,358.81299034432317,0.0,0.0,4249.469235796545,1.0,267.3533835507512,1.0,1.0,0.00020536616788818178,0.0001753498760799098,0.0,18.0,1.0,1.0,28.48670124980287,0.0,1.0,1.0,1.0,36.0,108.0,0.0,107.25751565412624,344.528738424952,1.999794633832112,1.9998246501239203,4178.049516637755,0.0,2375.5160372124014,0.0,0.0,0.0,1.0,0.0,0.0,2660.2779730717702,-311.1300940825475,2971.408067154318,0.0,0.0,0.0,0.0,9.868185548491468,9.087150129907874,9.868185548491468,9.087150129907874,37.91067135679869,295.9813896042968,273.7526353917607,569.7340249960575,0.017130859071820895,0.015829152027272288,0.017130859071820895,0.015829152027272288,0.0,4249.469235796545,173.9123055250866,460.0274175625984,460.0274175625984,0.0,1.0,211.51483977136348,0.0,0.0,0.0,0.0,0.0,0.0,0.0,0.0,0.0,0.0,0.0,0.0,0.0,0.0,0.0,0.0,0.0,720.0,108.0,30,5580.0,0.0,0.0,0.0,720.0,720.0,458.59921669543144,458.59921669543144,466.69514112382126,466.69514112382126,475.9103422149133,0.0,458.59921669543144,328.6133679979834,306.6180670681533,392.1860964410906,-311.1300940825475,2971.408067154318,1.0,392.1860964410906,1.0,830.3758588023555,5066.8814428363,247.39774516005016
0.2607088071634098,0.006001748850059219,1.9227609710027938,184.41863433625517,0.0,1.0,0.0,0.0,0.0,391.677867674213,0.0,0.0,4484.664803217892,1.0,267.7575746498155,1.0,1.0,0.00020473757617439018,0.00017672568273644865,0.0,18.0,1.0,1.0,28.508299996149177,0.0,1.0,1.0,1.0,36.0,108.0,0.0,107.03954035574107,311.14092231759923,1.9997952624238258,1.9998232743172635,4181.217332768548,0.0,2368.505230443654,0.0,0.0,0.0,1.0,0.0,0.0,1804.6591230701142,-301.36744391726364,2106.026566987378,0.0,0.0,0.0,0.0,4.931555540724988,4.5682975211911545,4.931555540724988,4.5682975211911545,18.999706123832283,295.44601240985804,274.71998751312566,570.1659999229837,0.01710461032789552,0.015891156574994698,0.01710461032789552,0.015891156574994698,0.0,4484.664803217892,172.00322488021237,491.34704211463253,491.34704211463253,0.0,1.0,220.90796616409355,0.0,0.0,0.0,0.0,0.0,0.0,0.0,0.0,0.0,0.0,0.0,0.0,0.0,0.0,0.0,0.0,0.0,720.0,108.0,31,5760.0,0.0,0.0,0.0,720.0,720.0,448.29905245417496,448.29905245417496,452.05116587589544,452.05116587589544,467.3052399129377,0.0,448.29905245417496,325.0060935236571,292.1412161937669,370.9476199552256,-301.36744391726364,2106.026566987378,1.0,370.9476199552256,1.0,835.9248710625856,5324.641723346279,260.2612163981853
0.2788675492660726,0.005581918648092377,2.02711637073642,198.27907930878268,0.0,1.0,0.0,0.42857142857142855,0.42857142857142855,413.1305272263327,0.0,0.0,4717.910808765723,1.0,261.80986076618444,1.0,1.0,0.00020344173186718587,0.00017732563669795956,0.0,18.0,1.0,1.0,28.475850402304822,0.0,1.0,1.0,1.0,36.0,108.0,0.0,106.69108523473199,337.6995148168444,1.9997965582681327,1.999822674363302,4176.458059004707,0.0,2357.119945752449,0.0,0.0,0.0,1.0,0.0,0.0,2590.0201080177203,-304.9751699931298,2894.99527801085,0.0,0.0,0.0,0.0,9.839855681481396,9.162074079726622,9.839855681481396,9.162074079726622,38.003859522416036,294.43019058867884,275.08681745741745,569.5170080460963,0.017050371329813036,0.015918119310835536,0.017050371329813036,0.015918119310835536,0.0,4717.910808765723,169.96156970340377,460.0274175625984,460.0274175625984,0.0,1.0,208.19850941595837,0.0,0.0,0.0,0.0,0.0,0.0,0.0,0.0,0.0,0.0,0.0,0.0,0.0,0.0,0.0,0.0,0.0,720.0,108.0,32,5940.0,0.0,0.0,0.0,720.0,720.0,451.3794530040702,451.3794530040702,457.46275498969464,457.46275498969464,468.29352274683947,0.0,451.3794530040702,321.14831484654786,299.6956552944284,386.47655407180116,-304.9751699931298,2894.99527801085,1.0,386.47655407180116,1.0,814.8800083914634,5582.420788996126,273.29019907899635
0.27314004372000855,0.0052151662725831716,1.9897947000471534,212.45790992864326,0.0,1.0,0.0,0.0,0.0,445.111586868734,0.0,0.0,4947.51529991461,1.0,263.4129335005484,1.0,1.0,0.00020152003499851467,0.00017716126418284203,0.0,18.0,1.0,1.0,28.391119442458436,0.0,1.0,1.0,1.0,36.0,108.0,0.0,106.22578375253262,304.05520782760885,1.9997984799650017,1.9998228387358172,4164.03085156057,0.0,2341.8144235663176,0.0,0.0,0.0,1.0,0.0,0.0,1746.95655996382,-295.02129571566576,2041.9778556794856,0.0,0.0,0.0,0.0,4.9012748390603615,4.584950668423813,4.9012748390603615,4.584950668423813,18.97245101496835,292.9615892724239,274.8607995767447,567.8223888491686,0.016969618459115165,0.01591073675629888,0.016969618459115165,0.01591073675629888,0.0,4947.51529991461,167.79992747774511,491.34704211463253,491.34704211463253,0.0,1.0,216.70737982941785,0.0,0.0,0.0,0.0,0.0,0.0,0.0,0.0,0.0,0.0,0.0,0.0,0.0,0.0,0.0,0.0,0.0,720.0,108.0,33,6120.0,0.0,0.0,0.0,720.0,720.0,439.64187451239616,439.64187451239616,442.53194357349867,442.53194357349867,458.4643305912528,0.0,439.64187451239616,317.0638164550416,285.0827568126405,363.9789292452978,-295.02129571566576,2041.9778556794856,1.0,363.9789292452978,1.0,818.7686648712177,5832.268761295741,285.78856099148805
0.2886544267834463,0.004900895715043929,2.0790770425161194,225.96442423603472,0.0,1.0,0.0,0.42857142857142855,0.42857142857142855,465.97241173486236,0.0,0.0,5174.437197651542,1.0,256.0380058272306,1.0,1.0,0.00019903008229269246,0.00017624705685820926,0.0,18.0,1.0,1.0,28.25661728270368,0.0,1.0,1.0,1.0,36.0,108.0,0.0,105.65729735087808,329.72631914139004,1.9998009699177075,1.999823752943142,4144.303868129874,0.0,2323.044318072448,0.0,0.0,0.0,1.0,0.0,0.0,2521.6814638677542,-298.01306035654176,2819.694524224296,0.0,0.0,0.0,0.0,9.748832395330146,9.155849288451593,9.748832395330146,9.155849288451593,37.80936336756348,291.0769333652584,274.0554122888153,565.1323456540737,0.016864413203397086,0.015869614031626355,0.016864413203397086,0.015869614031626355,0.0,5174.437197651542,165.5316254463764,460.0274175625984,460.0274175625984,0.0,1.0,203.6422459480023,0.0,0.0,0.0,0.0,0.0,0.0,0.0,0.0,0.0,0.0,0.0,0.0,0.0,0.0,0.0,0.0,0.0,720.0,108.0,34,6300.0,0.0,0.0,0.0,720.0,720.0,442.3958881922335,442.3958881922335,447.01959053481266,447.01959053481266,458.33326217637324,0.0,442.3958881922335,312.77778063995544,291.9169557738266,378.6436871509933,-298.01306035654176,2819.694524224296,1.0,378.6436871509933,1.0,795.6446506996551,6082.805497578637,298.43758938822566
0.28318132577572913,0.004619896850584282,2.0439615452850717,239.75208804029933,0.0,1.0,0.0,0.0,0.0,497.00303983787563,0.0,0.0,5398.249715307077,1.0,258.0791745831893,1.0,1.0,0.00019603685872299833,0.00017462940024474496,0.0,18.0,1.0,1.0,28.076125245458858,0.0,1.0,1.0,1.0,36.0,108.0,0.0,104.99887743470404,296.09396796417747,1.9998039631412772,1.9998253705997553,4117.831702667299,0.0,2301.2525142870936,0.0,0.0,0.0,1.0,0.0,0.0,1687.918212818814,-287.70471472337357,1975.6229275421877,0.0,0.0,0.0,0.0,4.841557254835581,4.562424660089424,4.841557254835581,4.562424660089424,18.80796382985001,288.81654312805455,272.7059617811227,561.5225049091773,0.016737070902426706,0.01579658770537619,0.016737070902426706,0.01579658770537619,0.0,5398.249715307077,163.17064844560815,491.34704211463253,491.34704211463253,0.0,1.0,211.69805732323678,0.0,0.0,0.0,0.0,0.0,0.0,0.0,0.0,0.0,0.0,0.0,0.0,0.0,0.0,0.0,0.0,0.0,720.0,108.0,35,6480.0,0.0,0.0,0.0,720.0,720.0,429.04813136677285,429.04813136677285,431.5570720850603,431.5570720850603,448.1052277341994,0.0,429.04813136677285,308.31663223734097,277.28600413432747,355.3450039926297,-287.70471472337357,1975.6229275421877,1.0,355.3450039926297,1.0,798.5650882700847,6324.300886511726,310.5722591936914
0.2966354944035123,0.0043769391191760265,2.1208721396783825,252.86660040956977,0.07142857142857142,1.0,0.0,0.42857142857142855,0.42857142857142855,517.230193305998,0.0,0.0,5618.583854094032,1.0,248.9254278832252,1.0,1.0,0.0001926065876078415,0.00017238148968362003,0.0,18.0,1.0,1.0,27.85426914435363,0.0,1.0,1.0,1.0,36.0,108.0,0.0,104.26295797194733,320.8369097258839,1.999807393412392,1.9998276185103165,4085.292807838531,0.0,2276.8552295977297,0.0,0.0,0.0,1.0,0.0,0.0,2447.0302502657437,-290.04071712975053,2737.0709673954943,0.0,0.0,0.0,0.0,9.603897657083744,9.074196084628172,9.603897657083744,9.074196084628172,37.35618748342383,286.22077611216145,270.864606774911,557.0853828870725,0.016589936057717684,0.015694547715278433,0.016589936057717684,0.015694547715278433,0.0,5618.583854094032,160.73155268375453,460.0274175625984,460.0274175625984,0.0,1.0,198.4853972125967,0.0,0.0,0.0,0.0,0.0,0.0,0.0,0.0,0.0,0.0,0.0,0.0,0.0,0.0,0.0,0.0,0.0,720.0,108.0,36,6660.0,0.0,0.0,0.0,720.0,720.0,431.8684356173532,431.8684356173532,435.0610756946258,435.0610756946258,447.0156267256618,0.0,431.8684356173532,303.70787571058264,283.4807222424601,369.43703585907315,-290.04071712975053,2737.0709673954943,1.0,369.43703585907315,1.0,774.095520005748,6567.682483017384,322.8199176033142
0.291462125010593,0.004158034765073593,2.088758165593195,266.2367344440378,0.14285714285714285,1.0,0.0,0.0,0.0,547.2592348483895,0.0,0.0,5835.779539908862,1.0,252.2284160112533,1.0,1.0,0.00018880323485955439,0.00016959056096916344,0.0,18.0,1.0,1.0,27.5959859665014,0.0,1.0,1.0,1.0,36.0,108.0,0.0,103.46095918548177,287.475403232045,1.9998111967651404,1.999830409439031,4047.4112750868703,0.0,2250.2350698558776,0.0,0.0,0.0,1.0,0.0,0.0,1635.792043302561,-279.82964513847,1915.621688441031,0.0,0.0,0.0,0.0,4.7575350911858045,4.504724507915241,4.7575350911858045,4.504724507915241,18.524519198202093,283.3281877584165,268.5915315716112,551.9197193300276,0.016425261219281173,0.015566930836912388,0.016425261219281173,0.015566930836912388,0.0,5835.779539908862,158.22937599726907,491.34704211463253,491.34704211463253,0.0,1.0,205.68580106691692,0.0,0.0,0.0,0.0,0.0,0.0,0.0,0.0,0.0,0.0,0.0,0.0,0.0,0.0,0.0,0.0,0.0,720.0,108.0,37,6840.0,0.0,0.0,0.0,720.0,720.0,417.23580084353114,417.23580084353114,419.74446770770504,419.74446770770504,436.45390558891137,0.0,417.23580084353114,298.97992557623513,268.95088403384284,345.7403145183881,-279.82964513847,1915.621688441031,1.0,345.7403145183881,1.0,776.9609334629525,6800.274575600783,334.5642855672452
0.30326411201536047,0.0039657177685442635,2.154992205116333,278.93876993903393,0.14285714285714285,1.0,0.0,0.42857142857142855,0.42857142857142855,566.83442724748,0.0,0.0,6049.411753933025,1.0,242.32275566600825,1.0,1.0,0.0001846869404017336,0.00016634686818691366,0.0,18.0,1.0,1.0,27.306138994755276,0.0,1.0,1.0,1.0,36.0,108.0,0.0,102.60327808902306,311.27668058597817,1.9998153130595984,1.9998336531318133,4004.9003858974393,0.0,2221.7404285100324,0.0,0.0,0.0,1.0,0.0,0.0,2359.8999435208602,-281.04899809425905,2640.948941615119,0.0,0.0,0.0,0.0,9.41562653670188,8.929344346292822,9.41562653670188,8.929344346292822,36.6899417659894,280.174876820641,265.9479030744644,546.1227798951054,0.016245159766734706,0.015417287740286318,0.016245159766734706,0.015417287740286318,0.0,6049.411753933025,155.67954513748205,460.0274175625984,460.0274175625984,0.0,1.0,193.28168340993514,0.0,0.0,0.0,0.0,0.0,0.0,0.0,0.0,0.0,0.0,0.0,0.0,0.0,0.0,0.0,0.0,0.0,720.0,108.0,38,7020.0,0.0,0.0,0.0,720.0,720.0,418.8701053680405,418.8701053680405,421.57349714138854,421.57349714138854,434.5822520183899,0.0,418.8701053680405,294.16193121907946,274.58673881998874,357.6503039121435,-281.04899809425905,2640.948941615119,1.0,357.6503039121435,1.0,751.8086676994399,7035.116286548546,346.40033314071906
0.29908172702253555,0.003791152991935498,2.1293776820587507,291.87529221814043,0.14285714285714285,1.0,0.0,0.0,0.0,595.4349388016152,0.0,0.0,6259.568919873965,1.0,244.33994170677792,1.0,1.0,0.00018031361760314132,0.00016273663335064636,0.0,18.0,1.0,1.0,26.989308612139837,0.0,1.0,1.0,1.0,36.0,108.0,0.0,101.69939354577126,278.8305840993889,1.999819686382397,1.9998372633666495,3958.431929780508,0.0,2191.6888390197846,0.0,0.0,0.0,1.0,0.0,0.0,1583.503677233275,-272.0106249053952,1855.5143021386702,0.0,0.0,0.0,0.0,4.6543723577270235,4.419376880798413,4.6543723577270235,4.419376880798413,18.14749847705087,276.79451744798587,262.99165479481064,539.7861722427965,0.016051602752616613,0.01524901251363265,0.016051602752616613,0.01524901251363265,0.0,6259.568919873965,153.09778065954896,491.3290196652848,491.3290196652848,0.0,1.0,199.6554002377251,0.0,0.0,0.0,0.0,0.0,0.0,0.0,0.0,0.0,0.0,0.0,0.0,0.0,0.0,0.0,0.0,0.0,720.0,108.0,39,7200.0,0.0,0.0,0.0,720.0,720.0,405.1614087944324,405.1614087944324,408.0159373580928,408.0159373580928,424.0165889439027,0.0,405.1614087944324,289.28359717647334,260.683085622338,336.6142511554839,-272.0106249053952,1855.5143021386702,1.0,336.6142511554839,1.0,754.193119394398,7260.165267470012,357.73773605583546
