N_P_star,N_UF_star,computation_time_sec,leader_candidate_count,leader_full_evaluated_count,leader_serial_override,solver_evaluations,step,sup_pick_pfo,sup_v_pfo,sup_v_pstack,wu_b2_price_A,wu_b2_price_B,wu_b2_price_C,wu_b2_price_D,wu_b2_price_F,wu_b2_price_delta_sec,wu_b2_price_enabled,wu_b2_price_ref_A,wu_b2_price_ref_B,wu_b2_price_ref_C,wu_b2_price_ref_D,wu_b2_price_ref_F,wu_b2_price_refresh_count,wu_b2_price_refreshed,wu_b2_price_skipped,wu_b2_price_trust_sec,wu_b3_cliff_both_FW_E,wu_b3_cliff_both_FW_W,wu_b3_meter_fd3_R_D_E_base,wu_b3_meter_fd3_R_D_E_cliffup,wu_b3_meter_fd3_R_D_E_curv,wu_b3_meter_fd3_R_D_E_hi,wu_b3_meter_fd3_R_D_E_lo,wu_b3_meter_fd3_R_D_E_nonlin,wu_b3_meter_fd3_R_D_W_base,wu_b3_meter_fd3_R_D_W_cliffup,wu_b3_meter_fd3_R_D_W_curv,wu_b3_meter_fd3_R_D_W_hi,wu_b3_meter_fd3_R_D_W_lo,wu_b3_meter_fd3_R_D_W_nonlin,wu_b3_meter_fd3_R_F_E_base,wu_b3_meter_fd3_R_F_E_cliffup,wu_b3_meter_fd3_R_F_E_curv,wu_b3_meter_fd3_R_F_E_hi,wu_b3_meter_fd3_R_F_E_lo,wu_b3_meter_fd3_R_F_E_nonlin,wu_b3_meter_fd3_R_F_W_base,wu_b3_meter_fd3_R_F_W_cliffup,wu_b3_meter_fd3_R_F_W_curv,wu_b3_meter_fd3_R_F_W_hi,wu_b3_meter_fd3_R_F_W_lo,wu_b3_meter_fd3_R_F_W_nonlin,wu_b3_meter_price_R_D_E,wu_b3_meter_price_R_D_W,wu_b3_meter_price_R_F_E,wu_b3_meter_price_R_F_W,wu_b3_meter_price_enabled,wu_b3_meter_price_ref_R_D_E,wu_b3_meter_price_ref_R_D_W,wu_b3_meter_price_ref_R_F_E,wu_b3_meter_price_ref_R_F_W,wu_b3_release_ratio_FW_E,wu_b3_release_ratio_FW_W,wu_b3_release_refresh,wu_b3_vsl_price_FW_E__seg0,wu_b3_vsl_price_FW_E__seg1,wu_b3_vsl_price_FW_E__seg2,wu_b3_vsl_price_FW_E__seg3,wu_b3_vsl_price_FW_E__seg4,wu_b3_vsl_price_FW_E__seg5,wu_b3_vsl_price_FW_E__seg6,wu_b3_vsl_price_FW_E__seg7,wu_b3_vsl_price_FW_W__seg0,wu_b3_vsl_price_FW_W__seg1,wu_b3_vsl_price_FW_W__seg2,wu_b3_vsl_price_FW_W__seg3,wu_b3_vsl_price_FW_W__seg4,wu_b3_vsl_price_FW_W__seg5,wu_b3_vsl_price_FW_W__seg6,wu_b3_vsl_price_FW_W__seg7,wu_b3_vsl_price_enabled,wu_b3_vsl_price_ref_FW_E__seg0,wu_b3_vsl_price_ref_FW_E__seg1,wu_b3_vsl_price_ref_FW_E__seg2,wu_b3_vsl_price_ref_FW_E__seg3,wu_b3_vsl_price_ref_FW_E__seg4,wu_b3_vsl_price_ref_FW_E__seg5,wu_b3_vsl_price_ref_FW_E__seg6,wu_b3_vsl_price_ref_FW_E__seg7,wu_b3_vsl_price_ref_FW_W__seg0,wu_b3_vsl_price_ref_FW_W__seg1,wu_b3_vsl_price_ref_FW_W__seg2,wu_b3_vsl_price_ref_FW_W__seg3,wu_b3_vsl_price_ref_FW_W__seg4,wu_b3_vsl_price_ref_FW_W__seg5,wu_b3_vsl_price_ref_FW_W__seg6,wu_b3_vsl_price_ref_FW_W__seg7,wu_b4_barrier_enabled,wu_f3_offset_inner_iters_A,wu_f3_offset_inner_iters_B,wu_f3_offset_inner_iters_C,wu_f3_offset_price_A,wu_f3_offset_price_B,wu_f3_offset_price_C,wu_f3_offset_price_enabled,wu_f3_offset_ref_A,wu_f3_offset_ref_B,wu_f3_offset_ref_C,wu_f3_offset_walk_from_A,wu_f3_offset_walk_from_B,wu_f3_offset_walk_from_C,wu_faithful_active,wu_faithful_np_bias_ratio,wu_faithful_np_cand_lambda,wu_faithful_np_cand_lambda_applied,wu_faithful_np_feasible_max,wu_faithful_np_feasible_max_veh,wu_faithful_np_feasible_min,wu_faithful_np_feasible_min_veh,wu_faithful_np_original_target,wu_faithful_np_original_target_veh,wu_faithful_np_pd_exit,wu_faithful_np_pd_iters,wu_faithful_np_pd_lam_entry,wu_faithful_np_pd_residual,wu_faithful_np_predictor_current_interval,wu_faithful_np_predictor_legacy,wu_faithful_np_predictor_mode_code,wu_faithful_np_predictor_phase_substep,wu_faithful_np_predictor_storage_aware,wu_faithful_np_projected_target,wu_faithful_np_projected_target_veh,wu_faithful_np_projection_residual,wu_faithful_np_realized_sum_nin_veh,wu_faithful_np_sum_nin,wu_faithful_np_target,wu_faithful_np_target_error,wu_seg13_active,wu_seg13_budget_FW_E,wu_seg13_budget_FW_W,wu_seg13_evals_FW_E,wu_seg13_evals_FW_W,wu_seg13_floor_alpha_FW_E,wu_seg13_floor_alpha_FW_W,wu_seg13_floor_cong_FW_E,wu_seg13_floor_cong_FW_W,wu_seg13_meter_box_edge_FW_E,wu_seg13_meter_box_edge_FW_W,wu_seg13_meter_box_r_FW_E,wu_seg13_meter_box_r_FW_W,wu_seg13_meter_box_total_FW_E,wu_seg13_meter_box_total_FW_W,wu_seg13_postsplit_FW_E,wu_seg13_postsplit_FW_W,wu_seg13_presplit_FW_E,wu_seg13_presplit_FW_W,wu_seg13_traj_used_FW_E,wu_seg13_traj_used_FW_W,wu_seg13_vsl_box_r_FW_E,wu_seg13_vsl_box_r_FW_W
0.0,0.0,1.5700003132224083e-05,0.0,0.0,0.0,0.0,0,,,,,,,,,,,,,,,,,,,,,,,,,,,,,,,,,,,,,,,,,,,,,,,,,,,,,,,,,,,,,,,,,,,,,,,,,,,,,,,,,,,,,,,,,,,,,,,,,,,,,,,,,0.0,,,,,,,,,,,,,,,,,,,,,,,,,,,,,,,,,,,,,,,,,,,,,,,,
0.0,0.0,4.840001929551363e-05,0.0,0.0,0.0,0.0,1,,,,,,,,,,,,,,,,,,,,,,,,,,,,,,,,,,,,,,,,,,,,,,,,,,,,,,,,,,,,,,,,,,,,,,,,,,,,,,,,,,,,,,,,,,,,,,,,,,,,,,,,,0.0,,,,,,,,,,,,,,,,,,,,,,,,,,,,,,,,,,,,,,,,,,,,,,,,
0.0,0.0,4.520005313679576e-05,0.0,0.0,0.0,0.0,2,,,,,,,,,,,,,,,,,,,,,,,,,,,,,,,,,,,,,,,,,,,,,,,,,,,,,,,,,,,,,,,,,,,,,,,,,,,,,,,,,,,,,,,,,,,,,,,,,,,,,,,,,0.0,,,,,,,,,,,,,,,,,,,,,,,,,,,,,,,,,,,,,,,,,,,,,,,,
0.0,0.0,3.470003139227629e-05,0.0,0.0,0.0,0.0,3,,,,,,,,,,,,,,,,,,,,,,,,,,,,,,,,,,,,,,,,,,,,,,,,,,,,,,,,,,,,,,,,,,,,,,,,,,,,,,,,,,,,,,,,,,,,,,,,,,,,,,,,,0.0,,,,,,,,,,,,,,,,,,,,,,,,,,,,,,,,,,,,,,,,,,,,,,,,
0.0,0.0,3.3699965570122004e-05,0.0,0.0,0.0,0.0,4,,,,,,,,,,,,,,,,,,,,,,,,,,,,,,,,,,,,,,,,,,,,,,,,,,,,,,,,,,,,,,,,,,,,,,,,,,,,,,,,,,,,,,,,,,,,,,,,,,,,,,,,,0.0,,,,,,,,,,,,,,,,,,,,,,,,,,,,,,,,,,,,,,,,,,,,,,,,
459.6955537746088,5087.248298705756,45.173224200028926,49.0,5.0,1.0,215.0,5,0.0,97.97365907964031,96.96089897010216,-0.00024760981424813266,-0.02143425749092078,-0.009738233215780507,0.008153276350947055,-0.02802722489964669,6.0,1.0,56.0,56.0,56.0,56.0,56.0,1.0,1.0,0.0,6.0,0.0,0.0,322.7825055609864,0.0,0.544846230244616,322.7825055609864,323.3273517912311,0.0,322.7825055609864,0.0,0.4324136458870953,322.7825055609864,323.21491920687356,0.0,322.7825055609864,0.0,0.6957696443095074,322.7825055609864,323.478275205296,0.0,322.7825055609864,0.0,0.6363882292256449,322.7825055609864,323.4188937902121,0.0,-0.001816154100815576,-0.0014413788196238405,-0.0023192321476985475,-0.0021212940974190057,1.0,1500.0,1500.0,1500.0,1500.0,1.0,1.0,0.0,0.05378287146833963,0.05419756168316088,0.05459772165385922,0.05482945766312533,0.055050151335201664,0.05475119294922673,0.05422432282567567,0.05296460392328575,0.053202542113386014,0.053582998640395105,0.05394021466880039,0.05419512409590074,0.05438056195983272,0.054168910307781454,0.05363697501987863,0.05241547775524688,1.0,115.0,115.0,115.0,115.0,115.0,115.0,115.0,115.0,115.0,115.0,115.0,115.0,115.0,115.0,115.0,115.0,0.0,4.0,4.0,4.0,-0.021025423648994637,-0.004487337650969275,-0.023004987637868502,1.0,0.0,0.0,0.0,0.0,0.0,0.0,1.0,1.0,10.0,1.0,518.3555537746088,459.6955537746088,385.07352792989144,459.6955537746088,-1502.7004046019936,-1502.7004046019936,2.0,2.0,0.0,41.30151938353805,0.0,1.0,0.0,0.0,0.0,418.39403439107076,459.6955537746088,-1921.0944389930644,459.6955537746088,459.6955537746088,-1502.7004046019936,41.30151938353805,1.0,2529.4282027021177,2557.8200960036384,24.0,24.0,,,,,2.0,2.0,300.0,300.0,2.0,2.0,2529.4282027021177,2557.8200960036384,3000.0,3000.0,1.0,1.0,15.0,15.0
582.5652897587972,6000.0,48.89007969998056,49.0,5.0,0.0,538.0,6,0.0,143.4134701196292,142.417101449295,0.0011422482319645901,-0.042845653978953714,-0.01026725380149207,0.03579658908099066,0.01802664714609704,6.0,1.0,56.0,56.0,56.0,56.0,56.0,2.0,1.0,0.0,6.0,0.0,0.0,393.2300673173696,0.0,0.04816580226111,393.21324377361105,393.29505666338923,0.0,393.2300673173696,0.0,0.033750162708770404,393.2186997394673,393.2751850579807,0.0,393.2300673173696,0.0,0.06867624914377757,393.2081578950057,393.3206529888773,0.0,393.2300673173696,0.0,0.041734631890108176,393.2158399192145,393.28602934741485,0.0,-0.00015283961334433224,-0.00010839840280322074,-0.00021015889668601554,-0.00013469733571183894,1.0,1264.7141013510588,1278.9100480018192,1264.7141013510588,1278.9100480018192,,,0.0,0.09884808962698984,0.09858664570106228,0.09782287156320901,0.0991553876336038,0.09887176050245312,0.09948236371180812,0.09898204964206396,0.0983967505377347,0.09878114916673245,0.0985026882449187,0.09775187480615824,0.10016571742166018,0.09982816555994206,0.09941111111904544,0.09898963476161012,0.09854929997099299,1.0,115.0,115.0,115.0,115.0,115.0,115.0,115.0,115.0,115.0,115.0,115.0,115.0,115.0,115.0,115.0,115.0,0.0,4.0,4.0,4.0,-0.02233097622047646,-0.011141902689944846,-0.024938927727942553,1.0,0.0,0.0,0.0,0.0,0.0,0.0,1.0,1.0,0.0,0.0,0.0,,0.0,,0.0,,-1.0,0.0,0.0,0.0,0.0,1.0,0.0,0.0,0.0,0.0,,0.0,,582.5652897587972,0.0,582.5652897587972,1.0,,,32.0,32.0,,,,,2.0,2.0,300.0,300.0,2.0,2.0,,,,,1.0,1.0,15.0,15.0
736.490525503372,6000.0,49.6394108000095,49.0,5.0,0.0,488.0,7,0.0,191.35766804075837,190.7172892278125,0.017818983878530426,-0.08011838052042586,0.013600916731608681,-0.05991607083065862,-0.09590217030038509,6.0,1.0,56.0,56.0,56.0,56.0,56.0,3.0,1.0,0.0,6.0,0.0,0.0,459.3310260850245,0.0,0.7311812468118433,459.3310260850245,460.06220733183636,0.0,459.3310260850245,0.0,0.2755145041983269,459.3310260850245,459.60654058922285,0.0,459.3310260850245,0.0,1.0711900196822626,459.3310260850245,460.4022161047067,0.0,459.3310260850245,0.0,0.6372940168555488,459.3310260850245,459.96832010188007,0.0,-0.002437270822706144,-0.0009183816806610897,-0.003485800963728304,-0.002124313389518496,1.0,1500.0,1500.0,1500.0,1500.0,,,0.0,0.09588261755237291,0.0952684861904853,0.09489956035591476,0.09979266964070489,0.09977828816870193,0.09994015303377922,0.09991957118614501,0.09981484321123801,0.0958347525533032,0.09526308269914736,0.0948372738334637,0.09969962565144108,0.09956226667459199,0.09994187663908925,0.09992615927642455,0.09971799945888407,1.0,115.0,115.0,115.0,115.0,115.0,115.0,115.0,115.0,115.0,115.0,115.0,115.0,115.0,115.0,115.0,115.0,0.0,4.0,4.0,4.0,-0.015157155011434132,-0.03425911801697181,-0.015977014281149206,1.0,0.0,0.0,0.0,0.0,0.0,0.0,1.0,1.0,0.0,0.0,0.0,,0.0,,0.0,,-1.0,0.0,0.0,0.0,0.0,1.0,0.0,0.0,0.0,0.0,,0.0,,736.490525503372,0.0,736.490525503372,1.0,,,24.0,24.0,,,,,2.0,2.0,300.0,300.0,2.0,2.0,,,,,1.0,1.0,15.0,15.0
829.1091560995288,6000.0,29.066711899999063,49.0,5.0,0.0,449.0,8,0.0,226.00253326041863,225.86461596973322,0.017818983878530426,-0.08011838052042586,0.013600916731608681,-0.05991607083065862,-0.09590217030038509,6.0,1.0,56.0,56.0,56.0,56.0,56.0,3.0,0.0,0.0,6.0,0.0,0.0,459.3310260850245,0.0,0.7311812468118433,459.3310260850245,460.06220733183636,0.0,459.3310260850245,0.0,0.2755145041983269,459.3310260850245,459.60654058922285,0.0,459.3310260850245,0.0,1.0711900196822626,459.3310260850245,460.4022161047067,0.0,459.3310260850245,0.0,0.6372940168555488,459.3310260850245,459.96832010188007,0.0,-0.002437270822706144,-0.0009183816806610897,-0.003485800963728304,-0.002124313389518496,1.0,1500.0,1500.0,1500.0,1500.0,,,0.0,0.09588261755237291,0.0952684861904853,0.09489956035591476,0.09979266964070489,0.09977828816870193,0.09994015303377922,0.09991957118614501,0.09981484321123801,0.0958347525533032,0.09526308269914736,0.0948372738334637,0.09969962565144108,0.09956226667459199,0.09994187663908925,0.09992615927642455,0.09971799945888407,1.0,115.0,115.0,115.0,115.0,115.0,115.0,115.0,115.0,115.0,115.0,115.0,115.0,115.0,115.0,115.0,115.0,0.0,4.0,4.0,4.0,-0.015157155011434132,-0.03425911801697181,-0.015977014281149206,1.0,0.0,0.0,0.0,0.0,0.0,0.0,1.0,1.0,0.0,0.0,0.0,,0.0,,0.0,,-1.0,0.0,0.0,0.0,0.0,1.0,0.0,0.0,0.0,0.0,,0.0,,829.1091560995288,0.0,829.1091560995288,1.0,,,24.0,24.0,,,,,2.0,2.0,300.0,300.0,2.0,2.0,,,,,1.0,1.0,15.0,15.0
0.0,0.0,29.217976499989163,0.0,0.0,0.0,370.0,9,1.0,248.3155614111585,248.60636594340508,,,,,,,,,,,,,,,,,,,,,,,,,,,,,,,,,,,,,,,,,,,,,,,,,,,,,,,,,,,,,,,,,,,,,,,,,,,,,,,,,,,,,,,,,,,,,,,,,,,,,,1.0,1.0,0.0,0.0,0.0,,0.0,,0.0,,-1.0,0.0,0.0,0.0,0.0,1.0,0.0,0.0,0.0,0.0,,0.0,,879.0619842241011,0.0,879.0619842241011,,,,,,,,,,,,,,,,,,,,,,,
895.2459459692545,4987.481203602965,82.37172409996856,75.0,11.0,1.0,664.0,10,0.0,268.46792865229554,268.2390250937994,0.029761568560383957,-0.16050453894993688,0.022681815671591405,0.2950451374629843,0.3669269639728001,6.0,1.0,56.0,56.0,56.0,50.0,56.0,4.0,1.0,0.0,6.0,0.0,0.0,618.5503323031048,0.0,0.24085482516807133,618.5503323031048,618.3094774779368,0.0,618.5503323031048,0.0,0.2229818178309415,618.5503323031048,618.7733141209358,0.0,618.5503323031048,0.0,1.2275823490240327,618.5503323031048,617.3227499540807,0.0,618.5503323031048,0.0,0.8109707099483785,618.5503323031048,617.7393615931563,0.0,0.0007987836844116694,-0.0007432727261031383,-0.0017529065940614904,0.0027898261068066196,1.0,1500.0,1500.0,1500.0,1500.0,1.0847365472818888,0.9999999999999998,0.0,-0.010341078240117697,-0.010011583419429116,-0.006893758334680911,0.0,0.0,0.0,0.0,-0.013132285726878478,0.002567611937499414,0.002490819237016417,0.0011662772997667048,0.0031472839659556938,0.002040577477445282,0.0,0.0,0.0,1.0,100.0,100.0,100.0,100.0,100.0,100.0,100.0,100.0,100.0,100.0,100.0,100.0,100.0,100.0,100.0,100.0,0.0,4.0,4.0,4.0,0.03544674666179181,-0.0031678788353821053,-0.018366410102024937,1.0,0.0,0.0,0.0,0.0,0.0,0.0,1.0,1.0,0.0,1.0,1053.6752114641754,895.2459459692545,641.072532799046,895.2459459692545,895.2459459692545,895.2459459692545,1.0,2.0,10.0,0.0,0.0,1.0,0.0,0.0,0.0,895.2459459692545,895.2459459692545,0.0,895.2459459692545,895.2459459692545,895.2459459692545,0.0,1.0,2212.5187963970347,2587.481203602965,36.0,36.0,,,,,2.0,2.0,300.0,300.0,2.0,2.0,2400.0,2587.4812036029643,2700.0,2700.0,1.0,1.0,15.0,15.0
0.0,0.0,68.96370129997376,0.0,0.0,0.0,435.0,11,1.0,290.8582852257282,291.0527027544282,,,,,,,,,,,,,,,,,,,,,,,,,,,,,,,,,,,,,,,,,,,,,,,,,,,,,,,,,,,,,,,,,,,,,,,,,,,,,,,,,,,,,,,,,,,,,,,,,,,,,,1.0,1.0,0.0,0.0,0.0,,0.0,,0.0,,-1.0,0.0,0.0,0.0,0.0,1.0,0.0,0.0,0.0,0.0,,0.0,,834.2047929701939,0.0,834.2047929701939,,,,,,,,,,,,,,,,,,,,,,,
0.0,0.0,54.9091511000297,0.0,0.0,0.0,404.0,12,1.0,317.7035233045397,317.896241693168,,,,,,,,,,,,,,,,,,,,,,,,,,,,,,,,,,,,,,,,,,,,,,,,,,,,,,,,,,,,,,,,,,,,,,,,,,,,,,,,,,,,,,,,,,,,,,,,,,,,,,1.0,1.0,0.0,0.0,0.0,,0.0,,0.0,,-1.0,0.0,0.0,0.0,0.0,1.0,0.0,0.0,0.0,0.0,,0.0,,849.5893416362546,0.0,849.5893416362546,,,,,,,,,,,,,,,,,,,,,,,
0.0,0.0,57.270559400029015,0.0,0.0,0.0,409.0,13,1.0,345.4854748257992,346.07892845136314,,,,,,,,,,,,,,,,,,,,,,,,,,,,,,,,,,,,,,,,,,,,,,,,,,,,,,,,,,,,,,,,,,,,,,,,,,,,,,,,,,,,,,,,,,,,,,,,,,,,,,1.0,1.0,0.0,0.0,0.0,,0.0,,0.0,,-1.0,0.0,0.0,0.0,0.0,1.0,0.0,0.0,0.0,0.0,,0.0,,874.4321966917059,0.0,874.4321966917059,,,,,,,,,,,,,,,,,,,,,,,
0.0,0.0,54.10089000000153,0.0,0.0,0.0,390.0,14,1.0,372.4749003375184,372.96930313834866,,,,,,,,,,,,,,,,,,,,,,,,,,,,,,,,,,,,,,,,,,,,,,,,,,,,,,,,,,,,,,,,,,,,,,,,,,,,,,,,,,,,,,,,,,,,,,,,,,,,,,1.0,1.0,0.0,0.0,0.0,,0.0,,0.0,,-1.0,0.0,0.0,0.0,0.0,1.0,0.0,0.0,0.0,0.0,,0.0,,971.7027348027382,0.0,971.7027348027382,,,,,,,,,,,,,,,,,,,,,,,
0.0,0.0,52.57110050000483,0.0,0.0,0.0,422.0,15,1.0,397.9889372877823,398.3547367305516,,,,,,,,,,,,,,,,,,,,,,,,,,,,,,,,,,,,,,,,,,,,,,,,,,,,,,,,,,,,,,,,,,,,,,,,,,,,,,,,,,,,,,,,,,,,,,,,,,,,,,1.0,1.0,0.0,0.0,0.0,,0.0,,0.0,,-1.0,0.0,0.0,0.0,0.0,1.0,0.0,0.0,0.0,0.0,,0.0,,1020.3033261310212,0.0,1020.3033261310212,,,,,,,,,,,,,,,,,,,,,,,
0.0,0.0,54.772577500029,0.0,0.0,0.0,415.0,16,1.0,422.36814572789206,422.9104767037317,,,,,,,,,,,,,,,,,,,,,,,,,,,,,,,,,,,,,,,,,,,,,,,,,,,,,,,,,,,,,,,,,,,,,,,,,,,,,,,,,,,,,,,,,,,,,,,,,,,,,,1.0,1.0,0.0,0.0,0.0,,0.0,,0.0,,-1.0,0.0,0.0,0.0,0.0,1.0,0.0,0.0,0.0,0.0,,0.0,,1137.7784359586785,0.0,1137.7784359586785,,,,,,,,,,,,,,,,,,,,,,,
0.0,0.0,53.596153900027275,0.0,0.0,0.0,401.0,17,1.0,446.5894624084527,447.7978814136245,,,,,,,,,,,,,,,,,,,,,,,,,,,,,,,,,,,,,,,,,,,,,,,,,,,,,,,,,,,,,,,,,,,,,,,,,,,,,,,,,,,,,,,,,,,,,,,,,,,,,,1.0,1.0,0.0,0.0,0.0,,0.0,,0.0,,-1.0,0.0,0.0,0.0,0.0,1.0,0.0,0.0,0.0,0.0,,0.0,,1251.0598461978034,0.0,1251.0598461978034,,,,,,,,,,,,,,,,,,,,,,,
0.0,0.0,55.40441149997059,0.0,0.0,0.0,419.0,18,1.0,471.5363978010267,473.2870569254686,,,,,,,,,,,,,,,,,,,,,,,,,,,,,,,,,,,,,,,,,,,,,,,,,,,,,,,,,,,,,,,,,,,,,,,,,,,,,,,,,,,,,,,,,,,,,,,,,,,,,,1.0,1.0,0.0,0.0,0.0,,0.0,,0.0,,-1.0,0.0,0.0,0.0,0.0,1.0,0.0,0.0,0.0,0.0,,0.0,,1350.0319368336372,0.0,1350.0319368336372,,,,,,,,,,,,,,,,,,,,,,,
0.0,0.0,51.319980999978725,0.0,0.0,0.0,375.0,19,1.0,497.57510588017016,497.792374221761,,,,,,,,,,,,,,,,,,,,,,,,,,,,,,,,,,,,,,,,,,,,,,,,,,,,,,,,,,,,,,,,,,,,,,,,,,,,,,,,,,,,,,,,,,,,,,,,,,,,,,1.0,1.0,0.0,0.0,0.0,,0.0,,0.0,,-1.0,0.0,0.0,0.0,0.0,1.0,0.0,0.0,0.0,0.0,,0.0,,1376.8646138654858,0.0,1376.8646138654858,,,,,,,,,,,,,,,,,,,,,,,
0.0,0.0,87.19351479999023,0.0,0.0,0.0,384.0,20,1.0,522.9020081480412,523.0878046663643,,,,,,,,,,,,,,,,,,,,,,,,,,,,,,,,,,,,,,,,,,,,,,,,,,,,,,,,,,,,,,,,,,,,,,,,,,,,,,,,,,,,,,,,,,,,,,,,,,,,,,1.0,1.0,0.0,0.0,0.0,,0.0,,0.0,,-1.0,0.0,0.0,0.0,0.0,1.0,0.0,0.0,0.0,0.0,,0.0,,1430.4134627168662,0.0,1430.4134627168662,,,,,,,,,,,,,,,,,,,,,,,
0.0,0.0,51.35635080002248,0.0,0.0,0.0,424.0,21,1.0,546.3379777307011,546.4994724047122,,,,,,,,,,,,,,,,,,,,,,,,,,,,,,,,,,,,,,,,,,,,,,,,,,,,,,,,,,,,,,,,,,,,,,,,,,,,,,,,,,,,,,,,,,,,,,,,,,,,,,1.0,1.0,0.0,0.0,0.0,,0.0,,0.0,,-1.0,0.0,0.0,0.0,0.0,1.0,0.0,0.0,0.0,0.0,,0.0,,1494.223074715751,0.0,1494.223074715751,,,,,,,,,,,,,,,,,,,,,,,
1491.4244884640275,4296.032924137935,50.360657799988985,49.0,5.0,1.0,188.0,22,0.0,567.6658611363846,567.6270300058641,0.03476608953534033,-0.09557723761200765,0.017188785988118127,0.0911461714549174,0.027772831715805538,6.0,1.0,56.0,56.0,51.0,56.0,56.0,16.0,1.0,0.0,6.0,0.0,0.0,1215.3103932726392,0.0,0.7968635554229877,1206.7376065492454,1223.0863164406098,0.0,1215.3103932726392,0.0,0.4039485807343226,1214.9287983018403,1216.0959368241724,0.0,1215.3103932726392,0.0,1.40136606970691,1210.158340937789,1221.8638116771965,0.0,1215.3103932726392,0.0,0.04011313124738081,1215.9287673226568,1214.6519060913743,0.0,-0.020400476896948683,-0.007228954826509409,-0.01170851473275036,-0.006098107644162525,1.0,600.0,1350.0,600.0,1350.0,0.7812611642145545,1.0,0.0,0.0006369528585288709,0.0012434379330102281,0.00121893724394937,0.0007345658606254801,0.0005364646202799857,-0.00018475894429315076,-0.0011981037531754168,-0.003313307509889541,-0.007201549059166012,-0.005195465706142955,-0.0003822659619608258,0.0,0.0,0.0,0.0,0.0,1.0,100.0,100.0,100.0,100.0,100.0,100.0,100.0,100.0,100.0,100.0,100.0,100.0,100.0,100.0,100.0,100.0,0.0,4.0,4.0,4.0,0.04634852679521645,-0.03688579377177974,0.03898313896150706,1.0,0.0,0.0,0.0,0.0,0.0,0.0,1.0,1.0,10.0,1.0,1538.6876009810417,1491.4244884640275,1122.8807795993937,1491.4244884640275,1518.6449097897903,1518.6449097897903,1.0,1.0,10.0,-27.2204213257628,0.0,1.0,0.0,0.0,0.0,1518.6449097897903,1491.4244884640275,0.0,1491.4244884640275,1491.4244884640275,1518.6449097897903,-27.2204213257628,1.0,2303.9670758620655,2496.032924137935,48.0,42.0,0.2081663245696391,,0.7960767651859872,,2.0,2.0,300.0,300.0,2.0,2.0,1800.0,2496.032924137935,1800.0,3000.0,,,15.0,15.0
1550.2434646991942,5400.0,53.541028500010725,49.0,4.0,0.0,710.0,23,0.0,589.3622757022122,588.1420329870638,-0.05694194068601957,-0.09091218550400064,0.0013535578241281598,0.15127710314799953,0.0450979094042078,6.0,1.0,50.0,56.0,51.0,62.0,62.0,17.0,1.0,0.0,6.0,0.0,0.0,1244.9223902060573,0.0,2.4747506087865077,1239.2819983889285,1248.0880314143994,0.0,1244.9223902060573,0.0,2.5226267634980104,1244.5840243968473,1242.7381292517694,1.0,1244.9223902060573,0.0,2.2194973661912627,1245.8401752265086,1246.2241025517976,1.0,1244.9223902060573,0.0,2.559899005879288,1245.155534516803,1242.129346889432,0.0,-0.010399880570174838,0.006243269125185051,0.003915185876059274,0.0063027449468221735,1.0,900.0,1248.0164620689675,900.0,1248.0164620689675,,,0.0,-0.000678818968192019,-0.00043146094395964986,-0.0006022038841337002,-0.0006167020611968612,-0.0010475768981521583,0.0,-0.0006024429738793913,-0.0010801942578055445,0.0009390987813286964,0.00278615445703103,0.004642301603772481,0.0,0.0,0.0,0.0,0.0,1.0,100.0,100.0,100.0,100.0,100.0,100.0,100.0,100.0,100.0,100.0,100.0,100.0,100.0,100.0,100.0,100.0,0.0,4.0,4.0,4.0,0.012096615688481312,-0.0618706007602525,0.02559488902744628,1.0,0.0,0.0,0.0,0.0,0.0,0.0,1.0,1.0,0.0,0.0,0.0,,0.0,,0.0,,-1.0,0.0,0.0,0.0,0.0,1.0,0.0,0.0,0.0,0.0,,0.0,,1550.2434646991942,0.0,1550.2434646991942,1.0,,,48.0,48.0,,,,,2.0,2.0,300.0,300.0,2.0,2.0,,,,,1.0,1.0,15.0,15.0
0.0,0.0,48.51680209999904,0.0,0.0,0.0,402.0,24,1.0,610.3294350354986,610.4024830197421,,,,,,,,,,,,,,,,,,,,,,,,,,,,,,,,,,,,,,,,,,,,,,,,,,,,,,,,,,,,,,,,,,,,,,,,,,,,,,,,,,,,,,,,,,,,,,,,,,,,,,1.0,1.0,0.0,0.0,0.0,,0.0,,0.0,,-1.0,0.0,0.0,0.0,0.0,1.0,0.0,0.0,0.0,0.0,,0.0,,1530.2310011287875,0.0,1530.2310011287875,,,,,,,,,,,,,,,,,,,,,,,
0.0,0.0,50.05545710003935,0.0,0.0,0.0,452.0,25,1.0,633.1652450724815,633.4882589844897,,,,,,,,,,,,,,,,,,,,,,,,,,,,,,,,,,,,,,,,,,,,,,,,,,,,,,,,,,,,,,,,,,,,,,,,,,,,,,,,,,,,,,,,,,,,,,,,,,,,,,1.0,1.0,0.0,0.0,0.0,,0.0,,0.0,,-1.0,0.0,0.0,0.0,0.0,1.0,0.0,0.0,0.0,0.0,,0.0,,1517.3430825767373,0.0,1517.3430825767373,,,,,,,,,,,,,,,,,,,,,,,
1367.5351478952452,5700.0,48.18139009998413,49.0,5.0,1.0,640.0,26,0.0,650.5650217297239,648.6316263740966,0.01728581404910597,-0.08309796998134669,0.01487766443077258,0.34952567167823767,-0.025992686676983588,6.0,1.0,51.0,56.0,51.0,50.0,56.0,20.0,1.0,0.0,6.0,0.0,0.0,1218.5980469235872,0.0,3.230922558709608,1208.5291315920247,1231.8978848138593,0.0,1218.5980469235872,0.0,2.5196579564540116,1218.3240744702625,1221.391677333366,0.0,1218.5980469235872,0.0,3.2211732321216004,1219.9407053934422,1220.476561685854,1.0,1218.5980469235872,0.0,0.28618307544502386,1218.8070581902261,1218.1028525815034,0.0,-0.040779976248138276,-0.011986022275985277,-0.009491258661004167,-0.005715643713547362,1.0,1200.0,1350.0,1200.0,1350.0,1.0,1.0,0.0,-0.00212207490177434,-0.0011878439647432515,-0.00015496323080910201,-0.0019103527888887583,-0.0020134550724492327,-0.0005034243686054651,-0.0007803004595530183,-0.0009557540641367268,-0.008574371462271912,-0.006888619905821613,-0.002647413287662914,-0.0024898389089685223,-0.002546832167990942,-0.0023509964189884157,-0.0025181899122458163,-0.0027054231904685365,1.0,100.0,100.0,100.0,100.0,100.0,100.0,100.0,100.0,100.0,100.0,100.0,100.0,100.0,100.0,100.0,100.0,0.0,4.0,4.0,4.0,0.05942570362950761,-0.024625704190451254,0.04712657994931532,1.0,0.0,0.0,0.0,0.0,0.0,0.0,1.0,1.0,10.0,1.0,1434.5925171496983,1367.5351478952452,1120.5830434404184,1367.5351478952452,-2409.2583903987197,-2409.2583903987197,2.0,1.0,10.0,168.4497360275068,0.0,1.0,0.0,0.0,0.0,1199.0854118677385,1367.5351478952452,-3608.343802266458,1367.5351478952452,1367.5351478952452,-2409.2583903987197,168.4497360275068,1.0,2784.766343601768,2915.233656398232,48.0,42.0,,,,,2.0,2.0,300.0,300.0,2.0,2.0,2784.766343601768,2915.233656398232,3000.0,3000.0,1.0,1.0,15.0,15.0
1240.3706293122536,6000.0,50.780352999980096,49.0,5.0,0.0,643.0,27,0.0,644.1497458943329,642.2502393866871,-0.10492523273838472,-0.06133100936791773,0.023296724252433638,0.04910501369410861,-0.11729153706419027,6.0,1.0,45.0,56.0,51.0,44.0,62.0,21.0,1.0,0.0,6.0,0.0,0.0,1161.4610696419932,0.0,2.251225193002938,1160.9133669834741,1164.2599974935154,0.0,1161.4610696419932,0.0,0.21577826223438024,1161.429819891291,1161.7080976549298,0.0,1161.4610696419932,0.0,0.11638484145714756,1162.0026294813922,1160.8031249611367,0.0,1161.4610696419932,0.0,0.11054725646135921,1161.4683995099656,1161.3431925175596,0.0,-0.01867063231832066,-0.008633995214109801,-0.021475898664237596,-0.005725552743080096,1.0,1392.383171800884,1457.616828199116,1392.383171800884,1457.616828199116,,,0.0,-0.015883242110579232,-0.022649313456052055,-0.026453331542067107,-0.001032985709332479,-0.0006226311949149022,-1.0270830080116866e-05,-2.189934423313389e-05,-3.665000534738283e-05,-0.022577236809727452,-0.027343799967766105,-0.029042206516118795,-0.005489526226892849,-0.005668996958854677,-0.005669624767233472,-0.005793380189527397,-0.005817851245524253,1.0,100.0,100.0,100.0,100.0,100.0,100.0,100.0,100.0,100.0,100.0,100.0,100.0,100.0,100.0,100.0,100.0,0.0,4.0,4.0,4.0,0.06132479434317991,-0.04241989709667161,0.04042544187937314,1.0,0.0,0.0,0.0,0.0,0.0,0.0,1.0,1.0,0.0,0.0,0.0,,0.0,,0.0,,-1.0,0.0,0.0,0.0,0.0,1.0,0.0,0.0,0.0,0.0,,0.0,,1240.3706293122536,0.0,1240.3706293122536,1.0,,,42.0,42.0,,,,,2.0,2.0,300.0,300.0,2.0,2.0,,,,,1.0,1.0,15.0,15.0
1117.0663554306961,5425.873414138749,47.233387699991,49.0,5.0,1.0,553.0,28,0.0,610.0934828276108,609.8036991831284,-4.675414876942341e-05,-0.038573605290537806,0.01669773362934753,-0.033095139767125886,-0.2792070861443226,6.0,1.0,51.0,56.0,51.0,44.0,62.0,22.0,1.0,0.0,6.0,0.0,0.0,1099.2998083352252,0.0,1.2181342575345298,1099.2998083352252,1098.0816740776909,0.0,1099.2998083352252,0.0,0.1347967031360895,1099.2998083352252,1099.4346050383613,0.0,1099.2998083352252,0.0,2.5293613447784082,1099.2998083352252,1096.7704469904468,0.0,1099.2998083352252,0.0,0.00170157389356973,1099.2998083352252,1099.2981067613318,0.0,-0.0006660401791174783,0.0018794089454059796,-0.006882509604726389,5.671912977807854e-06,1.0,1500.0,1500.0,1500.0,1500.0,1.0,0.9,0.0,-0.004125668035797503,-0.011096427144494214,-0.024937537038386637,-0.0004880716328784729,-0.00010626610636563783,0.0,0.0,0.0,-0.002503176814525965,-0.0025117217127352378,-0.0028868119722375235,-0.003175588495233761,-0.003283422316671469,-0.00634340559888944,-0.00673691955842557,-0.007496983320023531,1.0,100.0,100.0,100.0,100.0,100.0,100.0,100.0,100.0,100.0,100.0,100.0,100.0,100.0,100.0,100.0,100.0,0.0,4.0,4.0,4.0,0.048735616768771216,-0.014844312068487516,0.03700566460280612,1.0,0.0,0.0,0.0,0.0,0.0,0.0,1.0,1.0,10.0,1.0,1136.4315642384759,1117.0663554306961,951.9207049547683,1117.0663554306961,-2155.5694135096574,-2155.5694135096574,2.0,1.0,10.0,119.01793565500088,0.0,1.0,0.0,0.0,0.0,998.0484197756953,1117.0663554306961,-3153.6178332853524,1117.0663554306961,1117.0663554306961,-2155.5694135096574,119.01793565500088,1.0,2725.873414138748,3000.0,36.0,36.0,,0.65,,1.4080286013120362,2.0,2.0,300.0,300.0,2.0,2.0,2725.873414138748,2700.0,3000.0,2700.0,1.0,1.0,15.0,15.0
1058.667420826247,5184.395617558875,47.37756430002628,49.0,4.0,1.0,660.0,29,0.0,562.470187333613,561.9216785078243,0.001985626040928186,-0.025527725432746024,0.02263056889467189,-0.1268294638922451,-0.4764205260769773,6.0,1.0,46.0,56.0,51.0,50.0,68.0,23.0,1.0,0.0,6.0,0.0,0.0,1020.9985519422725,0.0,0.24248365636276503,1019.4734878792334,1022.7660996616743,0.0,1020.9985519422725,0.0,0.0723192518300948,1020.9985519422725,1021.0708711941027,0.0,1020.9985519422725,0.0,1.1715545115075656,1020.3655918064928,1022.8030665895596,0.0,1020.9985519422725,0.0,0.015120375676360709,1021.0144808750097,1020.9977433852116,0.0,-0.007558353829347637,0.00022401708147679498,-0.00995527758325191,2.7895816330101298e-05,1.0,1362.936707069374,1500.0,1362.936707069374,1200.0,1.0,0.8,0.0,-0.006723723603815302,-0.009152716837122911,-0.0148376462096536,-0.010736876079004531,-0.007233197954543869,-0.0022961019673765296,-0.0044208003745715985,-0.005238622983714691,-0.004004063409018776,-0.0038445578230100527,-0.003844293721753279,-0.005748890092521287,-0.006847857978764794,-0.007418900706135467,-0.008977946584516162,-0.010735273497969188,1.0,100.0,100.0,100.0,100.0,100.0,100.0,100.0,100.0,100.0,100.0,100.0,100.0,100.0,100.0,100.0,100.0,0.0,4.0,1.0,2.0,0.03188510005874221,-0.009728111153523086,-0.006861128609533769,1.0,0.0,15.0,90.0,0.0,0.0,0.0,1.0,1.0,10.0,1.0,1086.6725678584783,1058.667420826247,891.5517812215625,1058.667420826247,1069.1674208262473,1069.1674208262473,1.0,1.0,10.0,-10.500000000000227,0.0,1.0,0.0,0.0,0.0,1069.1674208262473,1058.667420826247,0.0,1058.667420826247,1058.667420826247,1069.1674208262473,-10.500000000000227,1.0,2784.3956175588746,3000.0,42.0,42.0,,0.65,,1.1584778626344872,2.0,2.0,300.0,300.0,2.0,2.0,2784.3956175588746,2400.0,3000.0,2400.0,1.0,1.0,15.0,15.0
0.0,0.0,66.72273630002746,0.0,0.0,0.0,458.0,30,1.0,517.5238598836379,517.6104766672894,,,,,,,,,,,,,,,,,,,,,,,,,,,,,,,,,,,,,,,,,,,,,,,,,,,,,,,,,,,,,,,,,,,,,,,,,,,,,,,,,,,,,,,,,,,,,,,,,,,,,,1.0,1.0,0.0,0.0,0.0,,0.0,,0.0,,-1.0,0.0,0.0,0.0,0.0,1.0,0.0,0.0,0.0,0.0,,0.0,,916.1645179727072,0.0,916.1645179727072,,,,,,,,,,,,,,,,,,,,,,,
831.7164305606357,6000.0,47.49465720000444,49.0,4.0,0.0,653.0,31,0.0,482.4785736262613,482.4162471511678,-0.004097954329124262,-0.010269443366565174,-0.03125329651373458,-0.203424983468647,-0.27196731178649713,6.0,1.0,40.0,56.0,51.0,56.0,74.0,25.0,1.0,0.0,6.0,0.0,0.0,884.2021141074292,0.0,6.837354403610107,884.2021141074292,891.0394685110393,0.0,884.2021141074292,0.0,0.0584066367118794,884.2021141074292,884.2605207441411,0.0,884.2021141074292,0.0,6.318240457764887,884.2021141074292,890.5203545651941,0.0,884.2021141074292,0.0,0.3902694122964476,884.1816254291566,884.6128721979983,0.0,-0.01698176702205913,-0.000194688789039598,-0.016076541600181998,-0.0007187446147361243,1.0,1500.0,1500.0,1500.0,1200.0,,,0.0,-0.004479499961686883,-0.005327853936525173,-0.008030436907531423,-0.008201585738868998,-0.009607941258023802,0.0,-0.004352352349405919,-0.006598299952721476,-0.005036633544670854,-0.005605835260298608,-0.007348524601984074,-0.01022490820649411,-0.012834024464170745,-0.013661316337033337,-0.015561155261270932,-0.017580184517800523,1.0,100.0,100.0,100.0,100.0,100.0,100.0,100.0,100.0,100.0,100.0,100.0,100.0,100.0,100.0,100.0,100.0,0.0,4.0,4.0,4.0,0.019913583349611724,-0.007318321853379099,0.019926936068654297,1.0,0.0,0.0,90.0,0.0,0.0,0.0,1.0,1.0,0.0,0.0,0.0,,0.0,,0.0,,-1.0,0.0,0.0,0.0,0.0,1.0,0.0,0.0,0.0,0.0,,0.0,,831.7164305606357,0.0,831.7164305606357,1.0,,,36.0,42.0,,,,,2.0,2.0,300.0,300.0,2.0,2.0,,,,,1.0,1.0,15.0,15.0
749.6378267118382,6000.0,47.50472870003432,49.0,4.0,0.0,578.0,32,0.0,452.99356458206125,452.88511324896655,-0.03517603247762935,-0.02171452208663756,0.1664987147368938,-0.1732994447920504,-0.038319847876074675,6.0,1.0,40.0,56.0,51.0,62.0,80.0,26.0,1.0,0.0,6.0,0.0,0.0,828.6205711620703,0.0,2.625605123875175,828.6205711620703,831.2461762859454,0.0,828.6205711620703,0.0,0.013889119658415439,828.6205711620703,828.6344602817288,0.0,828.6205711620703,0.0,2.5308106552220124,828.6205711620703,831.1513818172924,0.0,828.6205711620703,0.0,0.003535139167752277,828.6205711620703,828.624106301238,0.0,-0.0016210407332452334,-4.629706552843042e-05,-0.0009094989059431667,-1.1783797225840923e-05,1.0,1500.0,1500.0,1500.0,1500.0,,,0.0,-0.004306747686478118,-0.004935317929239957,-0.007230357154635313,-0.00743992399643929,-0.010431276108926114,0.0,-0.004828339302689244,-0.008006428578331537,-0.00507637292120835,-0.005770068839022268,-0.007710530184118002,-0.01075965337742839,-0.01350546134520072,-0.013875062390314642,-0.016102604953012543,-0.018339766819684078,1.0,100.0,100.0,100.0,100.0,100.0,100.0,100.0,100.0,100.0,100.0,100.0,100.0,100.0,100.0,100.0,100.0,0.0,4.0,4.0,4.0,-0.005150831305869256,0.0009423065773473147,-0.013437437198336018,1.0,0.0,0.0,90.0,0.0,0.0,0.0,1.0,1.0,0.0,0.0,0.0,,0.0,,0.0,,-1.0,0.0,0.0,0.0,0.0,1.0,0.0,0.0,0.0,0.0,,0.0,,749.6378267118382,0.0,749.6378267118382,1.0,,,36.0,36.0,,,,,2.0,2.0,300.0,300.0,2.0,2.0,,,,,1.0,1.0,15.0,15.0
735.9464499608426,6000.0,43.719310399959795,49.0,4.0,0.0,585.0,33,0.0,425.0240307368145,424.9555017688148,0.04544691030246003,-0.01990553642559334,-0.055996466628236284,-0.13199418939874738,-0.017002261044490062,6.0,1.0,40.0,56.0,50.0,68.0,80.0,27.0,1.0,0.0,6.0,0.0,0.0,777.4719361347086,0.0,2.783178579049718,777.4719361347086,780.2551147137583,0.0,777.4719361347086,0.0,0.007656235819695212,777.4719361347086,777.4795923705283,0.0,777.4719361347086,0.0,2.8028522347417493,777.4719361347086,780.2747883694503,0.0,777.4719361347086,0.0,0.0027295750169287203,777.4719361347086,777.4746657097255,0.0,-0.0020743366574617044,-2.5520786065650705e-05,-0.001634374780693667,-9.0985833897624e-06,1.0,1500.0,1500.0,1500.0,1500.0,,,0.0,-0.005091991569092257,-0.005967491924504742,-0.009439746100633074,-0.010037129619564312,-0.014302164141282957,0.0,-0.005458476021652458,-0.009644766657510928,-0.005096872894667781,-0.005755821001849527,-0.007669087703725408,-0.010784213605197924,-0.013453361754696623,-0.013954411844554395,-0.016080555587537848,-0.018294649305051668,1.0,100.0,100.0,100.0,100.0,100.0,100.0,100.0,100.0,100.0,100.0,100.0,100.0,100.0,100.0,100.0,100.0,0.0,4.0,0.0,0.0,-0.0028286228480349494,-0.0007714916400580308,0.0023875252837160113,1.0,0.0,0.0,0.0,0.0,0.0,0.0,1.0,1.0,0.0,0.0,0.0,,0.0,,0.0,,-1.0,0.0,0.0,0.0,0.0,1.0,0.0,0.0,0.0,0.0,,0.0,,735.9464499608426,0.0,735.9464499608426,1.0,,,36.0,36.0,,,,,2.0,2.0,300.0,300.0,2.0,2.0,,,,,1.0,1.0,15.0,15.0
664.7176653855436,6000.0,44.57808559999103,49.0,4.0,0.0,578.0,34,0.0,398.2669917641424,398.2669917641424,-0.005542528294485649,-0.021451417762881952,-0.15575254315551135,-0.02765858915421286,0.03672298142120904,6.0,1.0,40.0,56.0,50.0,74.0,80.0,28.0,1.0,0.0,6.0,0.0,0.0,731.0581182403553,0.0,2.8162903149654994,731.0581182403553,733.8744085553208,0.0,731.0581182403553,0.0,0.01316937987894562,731.0581182403553,731.0712876202342,0.0,731.0581182403553,0.0,2.8469603484227264,731.0581182403553,733.905078588778,0.0,731.0581182403553,0.0,0.004142718395996781,731.0581182403553,731.0622609587512,0.0,-0.0021804830749972597,-4.3897932929818735e-05,-0.001769867012285999,-1.3809061319610313e-05,1.0,1500.0,1500.0,1500.0,1500.0,,,0.0,-0.005214146193842595,-0.006217565703513372,-0.009476843570924485,-0.0101782149754154,-0.014854304874627647,0.0,-0.005934007375208594,-0.010575909603865341,-0.004990077016944073,-0.005588478884481107,-0.007350787549802228,-0.010136755413143383,-0.012473222276153394,-0.012902637551710415,-0.014893211049192744,-0.017124884906824935,1.0,100.0,100.0,100.0,100.0,100.0,100.0,100.0,100.0,100.0,100.0,100.0,100.0,100.0,100.0,100.0,100.0,0.0,4.0,0.0,4.0,-0.007635886276793494,0.002451808621194829,-0.0096004690931539,1.0,0.0,0.0,0.0,0.0,0.0,0.0,1.0,1.0,0.0,0.0,0.0,,0.0,,0.0,,-1.0,0.0,0.0,0.0,0.0,1.0,0.0,0.0,0.0,0.0,,0.0,,664.7176653855436,0.0,664.7176653855436,1.0,,,36.0,36.0,,,,,2.0,2.0,300.0,300.0,2.0,2.0,,,,,1.0,1.0,15.0,15.0
630.8264004992085,6000.0,27.449646299995948,49.0,4.0,0.0,574.0,35,0.0,373.95886757361836,373.92503388122714,-0.005542528294485649,-0.021451417762881952,-0.15575254315551135,-0.02765858915421286,0.03672298142120904,6.0,1.0,40.0,56.0,50.0,74.0,80.0,28.0,0.0,0.0,6.0,0.0,0.0,731.0581182403553,0.0,2.8162903149654994,731.0581182403553,733.8744085553208,0.0,731.0581182403553,0.0,0.01316937987894562,731.0581182403553,731.0712876202342,0.0,731.0581182403553,0.0,2.8469603484227264,731.0581182403553,733.905078588778,0.0,731.0581182403553,0.0,0.004142718395996781,731.0581182403553,731.0622609587512,0.0,-0.0021804830749972597,-4.3897932929818735e-05,-0.001769867012285999,-1.3809061319610313e-05,1.0,1500.0,1500.0,1500.0,1500.0,,,0.0,-0.005214146193842595,-0.006217565703513372,-0.009476843570924485,-0.0101782149754154,-0.014854304874627647,0.0,-0.005934007375208594,-0.010575909603865341,-0.004990077016944073,-0.005588478884481107,-0.007350787549802228,-0.010136755413143383,-0.012473222276153394,-0.012902637551710415,-0.014893211049192744,-0.017124884906824935,1.0,100.0,100.0,100.0,100.0,100.0,100.0,100.0,100.0,100.0,100.0,100.0,100.0,100.0,100.0,100.0,100.0,0.0,4.0,0.0,4.0,-0.007635886276793494,0.002451808621194829,-0.0096004690931539,1.0,0.0,0.0,0.0,0.0,0.0,0.0,1.0,1.0,0.0,0.0,0.0,,0.0,,0.0,,-1.0,0.0,0.0,0.0,0.0,1.0,0.0,0.0,0.0,0.0,,0.0,,630.8264004992085,0.0,630.8264004992085,1.0,,,36.0,36.0,,,,,2.0,2.0,300.0,300.0,2.0,2.0,,,,,1.0,1.0,15.0,15.0
540.3258070569127,6000.0,43.40637050004443,49.0,4.0,0.0,536.0,36,0.0,351.5937283614077,351.47939733181926,-0.012075320404270062,-0.018821019892751128,-0.1460495825388861,0.014472607039729486,0.39996170987623947,6.0,1.0,40.0,56.0,56.0,74.0,80.0,29.0,1.0,0.0,6.0,0.0,0.0,650.865979240058,0.0,2.7920504658090977,650.865979240058,653.6580297058671,0.0,650.865979240058,0.0,0.004933745105745402,650.865979240058,650.8709129851636,0.0,650.865979240058,0.0,2.8505249457425634,650.865979240058,653.7165041858005,0.0,650.865979240058,0.0,0.00507113972867046,650.865979240058,650.8710503797867,0.0,-0.0020993912628994122,-1.6445817018772382e-05,-0.0017809514405704614,-1.69037990955682e-05,1.0,1500.0,1500.0,1500.0,1500.0,,,0.0,-0.005225812143701702,-0.006241212232241723,-0.00952913388686376,-0.01022557453533892,-0.014940384971530562,-1.4013306213200848e-07,-0.0059945485281883044,-0.010693313274693495,-0.004774049737516385,-0.005180771478794853,-0.006408279455768051,-0.008477557710921159,-0.010289620403663324,-0.011513578573164951,-0.013066621650106167,-0.015070142732272274,1.0,100.0,100.0,100.0,100.0,100.0,100.0,100.0,100.0,100.0,100.0,100.0,100.0,100.0,100.0,100.0,100.0,0.0,4.0,0.0,4.0,-0.008167860180772854,0.00033226289854108404,-0.013329398802734715,1.0,0.0,0.0,0.0,0.0,0.0,0.0,1.0,1.0,0.0,0.0,0.0,,0.0,,0.0,,-1.0,0.0,0.0,0.0,0.0,1.0,0.0,0.0,0.0,0.0,,0.0,,540.3258070569127,0.0,540.3258070569127,1.0,,,36.0,36.0,,,,,2.0,2.0,300.0,300.0,2.0,2.0,,,,,1.0,1.0,15.0,15.0
534.380211040275,6000.0,47.80387260002317,49.0,4.0,0.0,521.0,37,0.0,331.5181232537559,331.3272409987039,-0.005085989603643204,-0.025044699078996164,-0.11434007885300564,0.0376882966012122,0.9708845379942174,6.0,1.0,40.0,56.0,62.0,74.0,74.0,30.0,1.0,0.0,6.0,0.0,0.0,605.3984768553776,0.0,2.714456289784721,605.3984768553776,608.1129331451624,0.0,605.3984768553776,0.0,0.0020055670772762824,605.3984768553776,605.4004824224548,0.0,605.3984768553776,0.0,2.8510840847602594,605.3984768553776,608.2495609401378,0.0,605.3984768553776,0.0,0.0037654081643268,605.3984768553776,605.4022422635418,0.0,-0.001840747463936386,-6.685223590920941e-06,-0.0017828783604409183,-1.2551360547377045e-05,1.0,1500.0,1500.0,1500.0,1500.0,,,0.0,-0.005208796447221076,-0.006139826668302817,-0.009266090250918067,-0.01012058459919416,-0.014816254920517836,-0.00020585245441679946,-0.006138495194640469,-0.01081605291514549,-0.004793228847702257,-0.0051278245877122595,-0.006201427960191142,-0.008196581919009826,-0.010070193206307953,-0.011837929315530803,-0.01323890433222079,-0.015029295468740766,1.0,100.0,100.0,100.0,100.0,100.0,100.0,100.0,100.0,100.0,100.0,100.0,100.0,100.0,100.0,100.0,100.0,0.0,4.0,1.0,4.0,-0.006123581858375915,-0.004171657926346958,0.03048722461120098,1.0,60.0,15.0,60.0,0.0,0.0,0.0,1.0,1.0,0.0,0.0,0.0,,0.0,,0.0,,-1.0,0.0,0.0,0.0,0.0,1.0,0.0,0.0,0.0,0.0,,0.0,,534.380211040275,0.0,534.380211040275,1.0,,,36.0,36.0,,,,,2.0,2.0,300.0,300.0,2.0,2.0,,,,,1.0,1.0,15.0,15.0
502.5997279079881,6000.0,44.42157089995453,49.0,4.0,0.0,549.0,38,0.0,311.4154124482112,310.8840989476614,-0.0076391629041588725,-0.03214360044104284,-0.08707461447978145,0.1638569386086992,0.8896446217990691,6.0,1.0,40.0,56.0,68.0,74.0,68.0,31.0,1.0,0.0,6.0,0.0,0.0,552.5283941454304,0.0,2.2752504042332475,552.5283941454304,554.8036445496635,0.0,552.5283941454304,0.0,0.0011570129636311322,552.5283941454304,552.529551158394,0.0,552.5283941454304,0.0,2.850724712103329,552.5283941454304,555.3791188575339,0.0,552.5283941454304,0.0,0.010767175430373754,552.5283941454304,552.5391613208608,0.0,-0.00037671402719899067,-3.85670987877044e-06,-0.0017815626246889598,-3.5890584767912516e-05,1.0,1500.0,1500.0,1500.0,1500.0,,,0.0,-0.004982984473385343,-0.00580594642031187,-0.008419536059106746,-0.010153275196723753,-0.01464788551922993,-0.002503013821348077,-0.007672068493194572,-0.012037357295297467,-0.004807563840460371,-0.00523555429048983,-0.006478888436065543,-0.008661866309748235,-0.010666617266416979,-0.012007020004199509,-0.013633553577374925,-0.015488197182837605,1.0,100.0,100.0,100.0,100.0,100.0,100.0,100.0,100.0,100.0,100.0,100.0,100.0,100.0,100.0,100.0,100.0,0.0,2.0,1.0,0.0,0.010017899650166489,-0.0007155361244189844,-0.02266139181766533,1.0,90.0,15.0,0.0,0.0,0.0,0.0,1.0,1.0,0.0,0.0,0.0,,0.0,,0.0,,-1.0,0.0,0.0,0.0,0.0,1.0,0.0,0.0,0.0,0.0,,0.0,,502.5997279079881,0.0,502.5997279079881,1.0,,,36.0,36.0,,,,,2.0,2.0,300.0,300.0,2.0,2.0,,,,,1.0,1.0,15.0,15.0
499.34797635887736,6000.0,45.96478159999242,49.0,4.0,0.0,573.0,39,0.0,288.50863306396275,287.8984478012318,-0.005980727057012098,-0.08738355766858241,0.004923053673119238,0.09918653878309414,0.9314574576160523,6.0,1.0,40.0,56.0,74.0,68.0,62.0,32.0,1.0,0.0,6.0,0.0,0.0,495.54070504429103,0.0,1.7221444774779684,495.54070504429103,497.262849521769,0.0,495.54070504429103,0.0,0.0017147061000741814,495.54070504429103,495.5424197503911,0.0,495.54070504429103,0.0,2.8516207911908396,495.54070504429103,498.39232583548187,0.0,495.54070504429103,0.0,0.006030943567338909,495.54070504429103,495.5467359878584,0.0,0.0013352292442269228,-5.715687000247271e-06,-0.0017729423310233255,-2.0103145224652508e-05,1.0,1500.0,1500.0,1500.0,1500.0,,,0.0,-0.004696280488074222,-0.005184352460121744,-0.0068008994366540055,-0.008565235442970122,-0.01258436227412112,-0.005389362955216016,-0.00947697855180536,-0.013341622424158928,-0.004877093480087202,-0.00532816287069684,-0.006606803831301633,-0.009012025313180416,-0.01148033313677681,-0.013273227138269707,-0.014814860866058809,-0.016565083006597137,1.0,100.0,100.0,100.0,100.0,100.0,100.0,100.0,100.0,100.0,100.0,100.0,100.0,100.0,100.0,100.0,100.0,0.0,2.0,4.0,2.0,0.010492454914614143,0.005029799701445607,0.01872601235050381,1.0,30.0,0.0,30.0,0.0,0.0,0.0,1.0,1.0,0.0,0.0,0.0,,0.0,,0.0,,-1.0,0.0,0.0,0.0,0.0,1.0,0.0,0.0,0.0,0.0,,0.0,,499.34797635887736,0.0,499.34797635887736,1.0,,,36.0,36.0,,,,,2.0,2.0,300.0,300.0,2.0,2.0,,,,,1.0,1.0,15.0,15.0
495.0135912637086,6000.0,67.21826059999876,75.0,9.0,0.0,542.0,40,0.0,260.69391570234507,258.4914770346476,-0.011933661359933642,-0.04081474274113035,0.05176331881589109,0.1400428877045619,0.7139455868070067,6.0,1.0,40.0,56.0,80.0,68.0,56.0,33.0,1.0,0.0,6.0,0.0,0.0,437.57347302129153,0.0,1.001497813021615,437.57347302129153,438.57497083431315,0.0,437.57347302129153,0.0,0.002955973404368706,437.57347302129153,437.5764289946959,0.0,437.57347302129153,0.0,2.858432058482549,437.57347302129153,440.431905079774,0.0,437.57347302129153,0.0,0.017001838292344473,437.57347302129153,437.59047485958394,0.0,0.0025280901216306025,-9.853244681229019e-06,-0.001651917779761855,-5.667279430800439e-05,1.0,1500.0,1500.0,1500.0,1500.0,,,0.0,-0.0039972057449706,-0.004285972832175844,-0.005116034987011632,-0.007411147121522533,-0.010989126912661362,-0.007978322425529427,-0.011118878797272557,-0.014636625708928007,-0.004480218518473089,-0.004991595440026764,-0.006514599018458389,-0.009063684295203255,-0.011587037367888176,-0.012868696897223898,-0.014624104196323894,-0.01655070098526985,1.0,100.0,100.0,100.0,100.0,100.0,100.0,100.0,100.0,100.0,100.0,100.0,100.0,100.0,100.0,100.0,100.0,0.0,4.0,0.0,0.0,0.006712031941660257,-0.007219633564986102,-0.008070832966827032,1.0,30.0,0.0,0.0,0.0,0.0,0.0,1.0,1.0,0.0,0.0,0.0,,0.0,,0.0,,-1.0,0.0,0.0,0.0,0.0,1.0,0.0,0.0,0.0,0.0,,0.0,,495.0135912637086,0.0,495.0135912637086,1.0,,,36.0,36.0,,,,,2.0,2.0,300.0,300.0,2.0,2.0,,,,,1.0,1.0,15.0,15.0
446.8131609327885,6000.0,41.73270779999439,49.0,4.0,0.0,532.0,41,0.0,227.70998249192212,226.37371344377038,0.010794531295606775,-0.01891247591914287,0.0049114289042870105,0.10684165795800737,0.7196976709445243,6.0,1.0,40.0,62.0,80.0,62.0,50.0,34.0,1.0,0.0,6.0,0.0,0.0,374.95062451705434,0.0,0.3203319365717334,374.95062451705434,375.270956453626,0.0,374.95062451705434,0.0,0.0029060075543156927,374.95062451705434,374.9535305246087,0.0,374.95062451705434,0.0,2.922963835500809,374.95062451705434,377.8735883525551,0.0,374.95062451705434,0.0,0.018131209342186594,374.95062451705434,374.9687557263966,0.0,-0.00037225306510766396,-9.686691847908454e-06,-0.0013482551080456432,-5.427573982656734e-05,1.0,1500.0,1500.0,1500.0,1500.0,,,0.0,-0.004441015767804934,-0.004764652387100909,-0.005896766180255319,-0.00766485969721966,-0.011069058184028435,-0.007440844921917388,-0.011030954963684893,-0.015041237143216969,-0.004699539932209218,-0.005202465320250838,-0.00653885928788136,-0.008967272361036026,-0.01128494801385851,-0.0126680074494391,-0.01449321604912024,-0.016533314883143826,1.0,100.0,100.0,100.0,100.0,100.0,100.0,100.0,100.0,100.0,100.0,100.0,100.0,100.0,100.0,100.0,100.0,0.0,4.0,4.0,4.0,-0.001997490977305361,-0.035574919628617904,-0.0032730696985697532,1.0,15.0,0.0,0.0,15.0,0.0,0.0,1.0,1.0,0.0,0.0,0.0,,0.0,,0.0,,-1.0,0.0,0.0,0.0,0.0,1.0,0.0,0.0,0.0,0.0,,0.0,,446.8131609327885,0.0,446.8131609327885,1.0,,,36.0,36.0,,,,,2.0,2.0,300.0,300.0,2.0,2.0,,,,,1.0,1.0,15.0,15.0
416.1668639952168,6000.0,41.56642709998414,49.0,4.0,0.0,525.0,42,0.0,195.10875922251998,194.1139291258001,-0.06315300106061311,0.01617187223594177,0.013481010541004406,0.0446700325278373,0.8338890866876458,6.0,1.0,40.0,68.0,80.0,56.0,44.0,35.0,1.0,0.0,6.0,0.0,0.0,317.0443672504838,0.0,0.0039892721711112245,317.0443672504838,317.0483565226549,0.0,317.0443672504838,0.0,0.0037665874847334635,317.0443672504838,317.0481338379685,0.0,317.0443672504838,0.0,3.130679382831886,317.0443672504838,320.1750466333157,0.0,317.0443672504838,0.0,0.021286030657392985,317.0443672504838,317.06565328114124,0.0,-1.3297573903704082e-05,-1.2555291615778211e-05,-0.0017389797271089684,-7.095343552483276e-05,1.0,1500.0,1500.0,1500.0,1500.0,,,0.0,-0.005285415461733932,-0.005700076891577943,-0.007118075572995685,-0.009664972915100021,-0.013546103439167468,-0.008491142654317052,-0.011914156508487928,-0.016041209618205876,-0.005219591130146206,-0.005623004444375424,-0.006941518621045972,-0.009236262625658843,-0.01157764215922983,-0.013158874813592148,-0.014311995708619739,-0.01637017564363008,1.0,100.0,100.0,100.0,100.0,100.0,100.0,100.0,100.0,100.0,100.0,100.0,100.0,100.0,100.0,100.0,100.0,0.0,4.0,0.0,0.0,-0.022089819389354094,-0.013255195707823741,0.0035641633743462705,1.0,0.0,0.0,0.0,0.0,0.0,0.0,1.0,1.0,0.0,0.0,0.0,,0.0,,0.0,,-1.0,0.0,0.0,0.0,0.0,1.0,0.0,0.0,0.0,0.0,,0.0,,416.1668639952168,0.0,416.1668639952168,1.0,,,36.0,36.0,,,,,2.0,2.0,300.0,300.0,2.0,2.0,,,,,1.0,1.0,15.0,15.0
296.89741662971045,6000.0,41.30913089995738,49.0,4.0,0.0,504.0,43,0.0,165.14243079182296,164.25173438238417,-0.03768651935798846,-0.01181538651647062,0.004760851830282242,-0.001625397802257858,0.6059739163695511,6.0,1.0,40.0,68.0,80.0,56.0,38.0,36.0,1.0,0.0,6.0,0.0,0.0,264.6618227462301,0.0,0.002160977045718937,264.6618227462301,264.6639837232758,0.0,264.6618227462301,0.0,0.0020691078634627047,264.6618227462301,264.6638918540935,0.0,264.6618227462301,0.0,3.1845707867184956,264.6618227462301,267.8463935329486,0.0,264.6618227462301,0.0,0.010526440982403074,264.6618227462301,264.67234918721255,0.0,-7.203256819063124e-06,-6.897026211352871e-06,-0.0018741486093837995,-3.0391236317051093e-05,1.0,1500.0,1500.0,1500.0,1500.0,,,0.0,-0.0047620018475321045,-0.005196380849380766,-0.006650592529359045,-0.009195112706422214,-0.013135202993435336,-0.008345374709698384,-0.012571111267249436,-0.016858939670608742,-0.004608848411565259,-0.004997610301797062,-0.006262876268973194,-0.008416595786841306,-0.010483660868944167,-0.012480373704092206,-0.01402968206935409,-0.0158263863732234,1.0,100.0,100.0,100.0,100.0,100.0,100.0,100.0,100.0,100.0,100.0,100.0,100.0,100.0,100.0,100.0,100.0,0.0,4.0,4.0,4.0,-0.016520969023483757,-0.017532128484806512,-0.006932028937941155,1.0,0.0,0.0,0.0,0.0,0.0,0.0,1.0,1.0,0.0,0.0,0.0,,0.0,,0.0,,-1.0,0.0,0.0,0.0,0.0,1.0,0.0,0.0,0.0,0.0,,0.0,,296.89741662971045,0.0,296.89741662971045,1.0,,,36.0,36.0,,,,,2.0,2.0,300.0,300.0,2.0,2.0,,,,,1.0,1.0,15.0,15.0
213.03906959731358,6000.0,40.30203339998843,49.0,4.0,0.0,491.0,44,0.0,138.29019226553788,137.2561882568012,-0.04941804645819751,-0.031266605658756795,0.0004524552156484245,0.029251885211806196,0.4152804068814205,6.0,1.0,40.0,68.0,80.0,56.0,32.0,37.0,1.0,0.0,6.0,0.0,0.0,220.11453362782436,0.0,0.0012773677065069933,220.11453362782436,220.1158109955309,0.0,220.11453362782436,0.0,0.001707571558597465,220.11453362782436,220.11624119938296,0.0,220.11453362782436,0.0,3.160314479112003,220.11453362782436,223.27484810693633,0.0,220.11453362782436,0.0,0.009925801379722543,220.11453362782436,220.12445942920408,0.0,-4.25789235511805e-06,-5.691905195324883e-06,-0.0017939096251281227,-3.3086004599075144e-05,1.0,1500.0,1500.0,1500.0,1500.0,,,0.0,-0.004772409782110287,-0.005167257232365863,-0.006451960421742341,-0.008841073190246008,-0.012780702324283766,-0.008641279575698844,-0.012684542480478634,-0.016919760716354124,-0.004590660935581293,-0.0049194933692355385,-0.00598135357385785,-0.007912546061002512,-0.009722501736968559,-0.011385805715696851,-0.012828393690374628,-0.014692933044895228,1.0,100.0,100.0,100.0,100.0,100.0,100.0,100.0,100.0,100.0,100.0,100.0,100.0,100.0,100.0,100.0,100.0,0.0,4.0,0.0,4.0,-0.02087308669739468,-0.01242886210140044,0.006728259013807039,1.0,0.0,0.0,0.0,0.0,0.0,0.0,1.0,1.0,0.0,0.0,0.0,,0.0,,0.0,,-1.0,0.0,0.0,0.0,0.0,1.0,0.0,0.0,0.0,0.0,,0.0,,213.03906959731358,0.0,213.03906959731358,1.0,,,36.0,36.0,,,,,2.0,2.0,300.0,300.0,2.0,2.0,,,,,1.0,1.0,15.0,15.0
153.21285287138008,6000.0,46.620083299989346,49.0,4.0,0.0,498.0,45,0.0,114.11605217927512,114.11605217927512,-0.03846140781015779,-0.03723462564658207,-0.003621532750597808,0.02511004845771934,-0.027565612076249302,6.0,1.0,40.0,68.0,80.0,56.0,26.0,38.0,1.0,0.0,6.0,0.0,0.0,186.50381963789087,0.0,0.001590753862501515,186.50381963789087,186.50541039175337,0.0,186.50381963789087,0.0,0.002227357647655026,186.50381963789087,186.50604699553853,0.0,186.50381963789087,0.0,2.2577410234344484,186.50381963789087,188.76156066132532,0.0,186.50381963789087,0.0,0.006273645611202028,186.50381963789087,186.51009328350204,0.0,-5.30251287500505e-06,-7.42452549218342e-06,0.0012160451304898366,-2.0912152037245355e-05,1.0,1500.0,1500.0,1500.0,1500.0,,,0.0,-0.005386320736519856,-0.005701448865366388,-0.006858128493606586,-0.008178047397024102,-0.010600312289456328,-0.008658493061113505,-0.01162852608614333,-0.015421340820244466,-0.005274469185538954,-0.005598282767735574,-0.006681955190682932,-0.007877606113097223,-0.009376440041507684,-0.01109262609824615,-0.012348959730084319,-0.014024596639532438,1.0,100.0,100.0,100.0,100.0,100.0,100.0,100.0,100.0,100.0,100.0,100.0,100.0,100.0,100.0,100.0,100.0,0.0,4.0,4.0,4.0,-0.017268984597244356,-0.020435299338184082,-0.0015847758064216047,1.0,0.0,0.0,0.0,0.0,0.0,0.0,1.0,1.0,0.0,0.0,0.0,,0.0,,0.0,,-1.0,0.0,0.0,0.0,0.0,1.0,0.0,0.0,0.0,0.0,,0.0,,153.21285287138008,0.0,153.21285287138008,1.0,,,36.0,36.0,,,,,2.0,2.0,300.0,300.0,2.0,2.0,,,,,1.0,1.0,15.0,15.0
0.0,0.0,26.4745152000105,0.0,0.0,0.0,315.0,46,1.0,94.83088607747942,95.24364486537559,,,,,,,,,,,,,,,,,,,,,,,,,,,,,,,,,,,,,,,,,,,,,,,,,,,,,,,,,,,,,,,,,,,,,,,,,,,,,,,,,,,,,,,,,,,,,,,,,,,,,,1.0,1.0,0.0,0.0,0.0,,0.0,,0.0,,-1.0,0.0,0.0,0.0,0.0,1.0,0.0,0.0,0.0,0.0,,0.0,,116.3073018362841,0.0,116.3073018362841,,,,,,,,,,,,,,,,,,,,,,,
161.9369386540488,6000.0,23.58509030001005,49.0,4.0,0.0,491.0,47,0.0,80.82667349023349,80.81511681917101,-0.03846140781015779,-0.03723462564658207,-0.003621532750597808,0.02511004845771934,-0.027565612076249302,6.0,1.0,40.0,68.0,80.0,56.0,26.0,38.0,0.0,0.0,6.0,0.0,0.0,186.50381963789087,0.0,0.001590753862501515,186.50381963789087,186.50541039175337,0.0,186.50381963789087,0.0,0.002227357647655026,186.50381963789087,186.50604699553853,0.0,186.50381963789087,0.0,2.2577410234344484,186.50381963789087,188.76156066132532,0.0,186.50381963789087,0.0,0.006273645611202028,186.50381963789087,186.51009328350204,0.0,-5.30251287500505e-06,-7.42452549218342e-06,0.0012160451304898366,-2.0912152037245355e-05,1.0,1500.0,1500.0,1500.0,1500.0,,,0.0,-0.005386320736519856,-0.005701448865366388,-0.006858128493606586,-0.008178047397024102,-0.010600312289456328,-0.008658493061113505,-0.01162852608614333,-0.015421340820244466,-0.005274469185538954,-0.005598282767735574,-0.006681955190682932,-0.007877606113097223,-0.009376440041507684,-0.01109262609824615,-0.012348959730084319,-0.014024596639532438,1.0,100.0,100.0,100.0,100.0,100.0,100.0,100.0,100.0,100.0,100.0,100.0,100.0,100.0,100.0,100.0,100.0,0.0,4.0,4.0,4.0,-0.017268984597244356,-0.020435299338184082,-0.0015847758064216047,1.0,0.0,0.0,0.0,0.0,0.0,0.0,1.0,1.0,0.0,0.0,0.0,,0.0,,0.0,,-1.0,0.0,0.0,0.0,0.0,1.0,0.0,0.0,0.0,0.0,,0.0,,161.9369386540488,0.0,161.9369386540488,1.0,,,36.0,36.0,,,,,2.0,2.0,300.0,300.0,2.0,2.0,,,,,1.0,1.0,15.0,15.0
203.1157513105472,6000.0,41.68423710000934,49.0,4.0,0.0,478.0,48,0.0,71.6748001519143,71.6748001519143,-0.055113045778166524,-0.03727365580458205,0.006619910789502896,0.022017107499261102,-0.14340084213511728,6.0,1.0,40.0,68.0,80.0,56.0,32.0,39.0,1.0,0.0,6.0,0.0,0.0,136.93610144258886,0.0,0.00036575705217956056,136.93610144258886,136.93646719964107,0.0,136.93610144258886,0.0,0.0008458111345248653,136.93610144258886,136.93694725372336,0.0,136.93610144258886,0.0,0.13521733655483104,136.93610144258886,137.07131877914372,0.0,136.93610144258886,0.0,0.0023776315087502553,136.93610144258886,136.93847907409764,0.0,-1.2191901740266075e-06,-2.8193704483214787e-06,-0.0001588704106165236,-7.92543836259559e-06,1.0,1500.0,1500.0,1500.0,1500.0,,,0.0,-0.0048223756121071664,-0.005043958227739242,-0.005852375478676208,-0.007410642556302083,-0.008917744203262768,-0.009380380962154522,-0.011241119536997513,-0.013902760046177323,-0.004672582949931271,-0.004913976901287587,-0.00573359359636605,-0.007172617935499704,-0.008342508627867541,-0.009629005049952564,-0.010735815081360168,-0.012329639667011437,1.0,100.0,100.0,100.0,100.0,100.0,100.0,100.0,100.0,100.0,100.0,100.0,100.0,100.0,100.0,100.0,100.0,0.0,4.0,4.0,4.0,-0.023340074171154822,-0.007036689216477251,0.013446732229110102,1.0,0.0,0.0,0.0,0.0,0.0,0.0,1.0,1.0,0.0,0.0,0.0,,0.0,,0.0,,-1.0,0.0,0.0,0.0,0.0,1.0,0.0,0.0,0.0,0.0,,0.0,,203.1157513105472,0.0,203.1157513105472,1.0,,,36.0,36.0,,,,,2.0,2.0,300.0,300.0,2.0,2.0,,,,,1.0,1.0,15.0,15.0
260.46431934554505,6000.0,41.28193800000008,49.0,4.0,0.0,490.0,49,0.0,66.9480858167469,66.32325958861813,-0.04216721795116244,-0.03998056228945718,0.004065246699416788,0.023412304423928183,-0.014755480739932344,6.0,1.0,40.0,68.0,80.0,56.0,38.0,40.0,1.0,0.0,6.0,0.0,0.0,131.09607854984557,0.0,0.0021828026898447206,131.09607854984557,131.09826135253545,0.0,131.09607854984557,0.0,0.0019206079819014121,131.09607854984557,131.09799915782747,0.0,131.09607854984557,0.0,0.017060888893865922,131.09607854984557,131.1131394387394,0.0,131.09607854984557,0.0,0.0010638320336511242,131.09607854984557,131.09714238187922,0.0,-7.2760089662438074e-06,-6.402026606338041e-06,-5.6869629646125e-05,-3.5461067788370808e-06,1.0,1500.0,1500.0,1500.0,1500.0,,,0.0,-0.004922294311190533,-0.005153605344722845,-0.006067094065262958,-0.007586460808276741,-0.008410752972703328,-0.008997824942988954,-0.010662935003722751,-0.012946441602942293,-0.004739006876482899,-0.004999766345225343,-0.005932866449892016,-0.007497748663963799,-0.008590926209822047,-0.010172170615056287,-0.011207707452599623,-0.012642688882706875,1.0,100.0,100.0,100.0,100.0,100.0,100.0,100.0,100.0,100.0,100.0,100.0,100.0,100.0,100.0,100.0,100.0,0.0,4.0,4.0,4.0,-0.019416275422451945,-0.014745155521612922,-0.007388162448075889,1.0,0.0,0.0,90.0,0.0,0.0,0.0,1.0,1.0,0.0,0.0,0.0,,0.0,,0.0,,-1.0,0.0,0.0,0.0,0.0,1.0,0.0,0.0,0.0,0.0,,0.0,,260.46431934554505,0.0,260.46431934554505,1.0,,,36.0,36.0,,,,,2.0,2.0,300.0,300.0,2.0,2.0,,,,,1.0,1.0,15.0,15.0
271.10646020186107,6000.0,53.75351209996734,75.0,9.0,0.0,483.0,50,0.0,64.52981151936852,64.52981151936852,0.0048437586072013015,-0.007475945830551464,0.0034066342747875455,-0.02485765199296474,-0.011449221606967042,6.0,1.0,40.0,68.0,80.0,56.0,38.0,41.0,1.0,0.0,6.0,0.0,0.0,128.79432957044662,0.0,0.0034763782153959255,128.79432957044662,128.79780594866202,0.0,128.79432957044662,0.0,0.0030029352624296735,128.79432957044662,128.79733250570902,0.0,128.79432957044662,0.0,0.0012347479134859896,128.79432957044662,128.79556431836008,0.0,128.79432957044662,0.0,0.0009645418506352144,128.79432957044662,128.79529411229726,0.0,-1.1587927384653084e-05,-1.0009784208004173e-05,-4.115826378191893e-06,-3.2151395021173813e-06,1.0,1500.0,1500.0,1500.0,1500.0,,,0.0,-0.0048985277867840795,-0.005200673962078505,-0.006277576856842026,-0.008226540030115003,-0.009247384181193129,-0.010489636836140681,-0.011688606652375987,-0.013392482308825702,-0.004667891895668186,-0.0049691625236623965,-0.00600184055728854,-0.007859511293119858,-0.008869204694188946,-0.01020103102119969,-0.011202540317147137,-0.012658950195538131,1.0,100.0,100.0,100.0,100.0,100.0,100.0,100.0,100.0,100.0,100.0,100.0,100.0,100.0,100.0,100.0,100.0,0.0,0.0,4.0,2.0,0.0017964936823778605,0.016661195010652184,0.005348870185573081,1.0,15.0,15.0,15.0,15.0,15.0,105.0,1.0,1.0,0.0,0.0,0.0,,0.0,,0.0,,-1.0,0.0,0.0,0.0,0.0,1.0,0.0,0.0,0.0,0.0,,0.0,,271.10646020186107,0.0,271.10646020186107,1.0,,,36.0,36.0,,,,,2.0,2.0,300.0,300.0,2.0,2.0,,,,,1.0,1.0,15.0,15.0
271.28339470260005,6000.0,40.68704789999174,49.0,4.0,0.0,493.0,51,0.0,64.27320649714727,64.27320649714727,-0.04129916852051021,-0.03559164416420807,0.0037373539770143016,0.02476182133134991,0.0004372269425416038,6.0,1.0,40.0,68.0,80.0,56.0,38.0,42.0,1.0,0.0,6.0,0.0,0.0,128.4155036373607,0.0,0.0023017411911609997,128.4155036373607,128.41780537855186,0.0,128.4155036373607,0.0,0.0019019928047327994,128.4155036373607,128.41740563016546,0.0,128.4155036373607,0.0,0.002688129220814517,128.4155036373607,128.41819176658154,0.0,128.4155036373607,0.0,0.0016369500766586498,128.4155036373607,128.41714058743733,0.0,-7.672470637203333e-06,-6.339976015870737e-06,-8.96043073614313e-06,-5.456500255434093e-06,1.0,1500.0,1500.0,1500.0,1500.0,,,0.0,-0.004932463930717601,-0.005193984385343287,-0.006150909138500405,-0.007768538890703702,-0.008900899650873217,-0.010450171505491124,-0.011693410507090628,-0.013321190448210408,-0.004696496491717106,-0.004957118837082942,-0.005869847332295474,-0.007412101728058617,-0.008519250868361005,-0.01014588254019726,-0.011189978484954424,-0.012635928913047012,1.0,100.0,100.0,100.0,100.0,100.0,100.0,100.0,100.0,100.0,100.0,100.0,100.0,100.0,100.0,100.0,100.0,0.0,4.0,4.0,4.0,-0.01947942163290642,-0.014018762073031918,-0.005156316630823962,1.0,0.0,0.0,90.0,0.0,0.0,0.0,1.0,1.0,0.0,0.0,0.0,,0.0,,0.0,,-1.0,0.0,0.0,0.0,0.0,1.0,0.0,0.0,0.0,0.0,,0.0,,271.28339470260005,0.0,271.28339470260005,1.0,,,36.0,36.0,,,,,2.0,2.0,300.0,300.0,2.0,2.0,,,,,1.0,1.0,15.0,15.0
254.2613202235185,6000.0,40.97772070002975,49.0,4.0,0.0,478.0,52,0.0,64.17715934243691,64.17715934243691,-0.05432302367141647,-0.03816317454512149,0.007159049231601377,0.022319340884224742,0.0038559486411637867,6.0,1.0,40.0,68.0,80.0,56.0,38.0,43.0,1.0,0.0,6.0,0.0,0.0,128.3951695006735,0.0,0.0017786143904459095,128.3951695006735,128.3969481150639,0.0,128.3951695006735,0.0,0.0014245932425751562,128.3951695006735,128.39659409391606,0.0,128.3951695006735,0.0,0.003859040378983991,128.3951695006735,128.39902854105245,0.0,128.3951695006735,0.0,0.002119618719916616,128.3951695006735,128.39728911939343,0.0,-5.9287146347249594e-06,-4.748644141917187e-06,-1.2863467929851898e-05,-7.065395733150126e-06,1.0,1500.0,1500.0,1500.0,1500.0,,,0.0,-0.00487596343711183,-0.005127335888322193,-0.006015858300648702,-0.007583088637000834,-0.00869185322851207,-0.009958548260064549,-0.011278756348877515,-0.013027972282314025,-0.004642055119373234,-0.004892146130665687,-0.005742728039726152,-0.007232108439147966,-0.008315545008060976,-0.009685301735849448,-0.010794945752295736,-0.012356367847031268,1.0,100.0,100.0,100.0,100.0,100.0,100.0,100.0,100.0,100.0,100.0,100.0,100.0,100.0,100.0,100.0,100.0,0.0,4.0,4.0,4.0,-0.023551563258999462,-0.007877922714328085,-0.008049945300694946,1.0,0.0,0.0,90.0,0.0,0.0,0.0,1.0,1.0,0.0,0.0,0.0,,0.0,,0.0,,-1.0,0.0,0.0,0.0,0.0,1.0,0.0,0.0,0.0,0.0,,0.0,,254.2613202235185,0.0,254.2613202235185,1.0,,,36.0,36.0,,,,,2.0,2.0,300.0,300.0,2.0,2.0,,,,,1.0,1.0,15.0,15.0
275.2977390614732,6000.0,41.75623880000785,49.0,4.0,0.0,489.0,53,0.0,64.22112513033899,64.22112513033899,-0.04236884794556065,-0.03985431147169068,0.003956547912100131,0.023372231482966195,0.0003214468622158665,6.0,1.0,40.0,68.0,80.0,56.0,38.0,44.0,1.0,0.0,6.0,0.0,0.0,128.36212466347095,0.0,0.0023087501375016473,128.36212466347095,128.36443341360848,0.0,128.36212466347095,0.0,0.0019094914565016552,128.36212466347095,128.36403415492745,0.0,128.36212466347095,0.0,0.001986316773297858,128.36212466347095,128.36411098024428,0.0,128.36212466347095,0.0,0.001056516693950016,128.36212466347095,128.36318118016493,0.0,-7.695833791766897e-06,-6.364971521672184e-06,-6.621055911087599e-06,-3.5217223132614588e-06,1.0,1500.0,1500.0,1500.0,1500.0,,,0.0,-0.004930143406076847,-0.005201973030354079,-0.0061757009740898375,-0.007825977594130685,-0.00894420511692653,-0.010478683718681658,-0.011711236327118256,-0.013322460999012974,-0.004694177307638014,-0.0049607144210535034,-0.005898233161298406,-0.007464651023974733,-0.008557971570952417,-0.010171673226417832,-0.01120551086212318,-0.012637514011694507,1.0,100.0,100.0,100.0,100.0,100.0,100.0,100.0,100.0,100.0,100.0,100.0,100.0,100.0,100.0,100.0,100.0,0.0,4.0,4.0,4.0,-0.019468764512117345,-0.014648422358750236,-0.006233983536126371,1.0,0.0,0.0,90.0,0.0,0.0,0.0,1.0,1.0,0.0,0.0,0.0,,0.0,,0.0,,-1.0,0.0,0.0,0.0,0.0,1.0,0.0,0.0,0.0,0.0,,0.0,,275.2977390614732,0.0,275.2977390614732,1.0,,,36.0,36.0,,,,,2.0,2.0,300.0,300.0,2.0,2.0,,,,,1.0,1.0,15.0,15.0
253.92085166264422,6000.0,41.085216099978425,49.0,4.0,0.0,478.0,54,0.0,64.14229714021342,64.14229714021342,-0.054571155335522925,-0.03819460489052111,0.007148615319811573,0.022130877897941457,0.0036840672439430087,6.0,1.0,40.0,68.0,80.0,56.0,38.0,45.0,1.0,0.0,6.0,0.0,0.0,128.35976521391288,0.0,0.0017999365721266258,128.35976521391288,128.361565150485,0.0,128.35976521391288,0.0,0.001444615336311017,128.35976521391288,128.36120982924922,0.0,128.35976521391288,0.0,0.003949711140762702,128.35976521391288,128.36371492505364,0.0,128.35976521391288,0.0,0.0021107593055944562,128.35976521391288,128.36187597321845,0.0,-5.999788573755419e-06,-4.815384454464796e-06,-1.3165703802542338e-05,-7.0358643518867815e-06,1.0,1500.0,1500.0,1500.0,1500.0,,,0.0,-0.0048775372768455234,-0.005128284589423248,-0.006012031875019819,-0.007575464960413036,-0.008683780716091192,-0.009950877302309058,-0.011272316474528575,-0.013022105071247571,-0.004640991419175355,-0.004890446179988217,-0.005738919053415347,-0.007221292695226378,-0.008307453283813084,-0.009677564562904362,-0.010788565750033641,-0.01235051099773554,1.0,100.0,100.0,100.0,100.0,100.0,100.0,100.0,100.0,100.0,100.0,100.0,100.0,100.0,100.0,100.0,100.0,0.0,4.0,4.0,4.0,-0.023507015239199673,-0.007583684259136951,-0.0080193612029956,1.0,0.0,0.0,90.0,0.0,0.0,0.0,1.0,1.0,0.0,0.0,0.0,,0.0,,0.0,,-1.0,0.0,0.0,0.0,0.0,1.0,0.0,0.0,0.0,0.0,,0.0,,253.92085166264422,0.0,253.92085166264422,1.0,,,36.0,36.0,,,,,2.0,2.0,300.0,300.0,2.0,2.0,,,,,1.0,1.0,15.0,15.0
275.633625890803,6000.0,41.25651939999079,49.0,4.0,0.0,489.0,55,0.0,64.21801015823658,64.21801015823658,-0.042365304539698265,-0.03988119647733951,0.003991671621852693,0.02335009981259133,0.0003210091947798144,6.0,1.0,40.0,68.0,80.0,56.0,38.0,46.0,1.0,0.0,6.0,0.0,0.0,128.35893077984662,0.0,0.0023082587634917218,128.35893077984662,128.3612390386101,0.0,128.35893077984662,0.0,0.0019090651422857263,128.35893077984662,128.36083984498893,0.0,128.35893077984662,0.0,0.00197171789955064,128.35893077984662,128.3609024977462,0.0,128.35893077984662,0.0,0.001055096067091199,128.35893077984662,128.3599858759137,0.0,-7.694195878305739e-06,-6.363550474380493e-06,-6.572392998596873e-06,-3.5169868903039968e-06,1.0,1500.0,1500.0,1500.0,1500.0,,,0.0,-0.0049359768076320705,-0.005203459688088241,-0.006177221315130276,-0.007827621215067993,-0.008947245663873062,-0.010478394481331234,-0.011710998425915607,-0.013322523856286628,-0.004697389502327808,-0.004963933970683732,-0.005899757156752195,-0.007468031708163724,-0.008561025399673738,-0.010171358122014374,-0.011205260133003492,-0.012637585414860418,1.0,100.0,100.0,100.0,100.0,100.0,100.0,100.0,100.0,100.0,100.0,100.0,100.0,100.0,100.0,100.0,100.0,0.0,4.0,4.0,4.0,-0.019467727593073143,-0.014694525537857639,-0.006299546482631346,1.0,0.0,0.0,90.0,0.0,0.0,0.0,1.0,1.0,0.0,0.0,0.0,,0.0,,0.0,,-1.0,0.0,0.0,0.0,0.0,1.0,0.0,0.0,0.0,0.0,,0.0,,275.633625890803,0.0,275.633625890803,1.0,,,36.0,36.0,,,,,2.0,2.0,300.0,300.0,2.0,2.0,,,,,1.0,1.0,15.0,15.0
253.92111686317722,6000.0,41.26483389997156,49.0,4.0,0.0,478.0,56,0.0,64.14099953313196,64.14099953313196,-0.05457291092038171,-0.03819301956748576,0.007142796683137997,0.02213016861480561,0.0036779871616978155,6.0,1.0,40.0,68.0,80.0,56.0,38.0,47.0,1.0,0.0,6.0,0.0,0.0,128.3584395885543,0.0,0.0017987755722970178,128.3584395885543,128.36023836412656,0.0,128.3584395885543,0.0,0.0014435257644436206,128.3584395885543,128.35988311431876,0.0,128.3584395885543,0.0,0.0039414144187048805,128.3584395885543,128.36238100297302,0.0,128.3584395885543,0.0,0.002109544439917954,128.3584395885543,128.3605491329942,0.0,-5.9959185742286535e-06,-4.811752548240141e-06,-1.3138048062444341e-05,-7.031814799726514e-06,1.0,1500.0,1500.0,1500.0,1500.0,,,0.0,-0.0048749689077151265,-0.005125747274951076,-0.006012205091752021,-0.007572564183065512,-0.008684159040047044,-0.00995144075639751,-0.011272700313033379,-0.013022261903039789,-0.004641044536449358,-0.004890530690178174,-0.005736459228346336,-0.007221592041060987,-0.008307827167997717,-0.009678094565117635,-0.010788915674073384,-0.012350668879740567,1.0,100.0,100.0,100.0,100.0,100.0,100.0,100.0,100.0,100.0,100.0,100.0,100.0,100.0,100.0,100.0,100.0,0.0,4.0,4.0,4.0,-0.023506230724609833,-0.007578304132711333,-0.00802531336855536,1.0,0.0,0.0,90.0,0.0,0.0,0.0,1.0,1.0,0.0,0.0,0.0,,0.0,,0.0,,-1.0,0.0,0.0,0.0,0.0,1.0,0.0,0.0,0.0,0.0,,0.0,,253.92111686317722,0.0,253.92111686317722,1.0,,,36.0,36.0,,,,,2.0,2.0,300.0,300.0,2.0,2.0,,,,,1.0,1.0,15.0,15.0
275.6342400428861,6000.0,41.60655399999814,49.0,4.0,0.0,489.0,57,0.0,64.21746807369946,64.21746807369946,-0.04236484680649072,-0.03987914456926397,0.0039914848112541645,0.023348697690046456,0.0003209952060981384,6.0,1.0,40.0,68.0,80.0,56.0,38.0,48.0,1.0,0.0,6.0,0.0,0.0,128.35837947968548,0.0,0.0023081233448465355,128.35837947968548,128.36068760303033,0.0,128.35837947968548,0.0,0.0019089361058490795,128.35837947968548,128.36028841579133,0.0,128.35837947968548,0.0,0.001971553804537507,128.35837947968548,128.36035103349005,0.0,128.35837947968548,0.0,0.001055077395221815,128.35837947968548,128.35943455708068,0.0,-7.693744482821785e-06,-6.3631203528302645e-06,-6.571846015219762e-06,-3.5169246506446446e-06,1.0,1500.0,1500.0,1500.0,1500.0,,,0.0,-0.004935980716768106,-0.005203465542243003,-0.006177232463004678,-0.007827644616809116,-0.008947258241589305,-0.010478400165157662,-0.011710992368240093,-0.01332249729222572,-0.004697393261217897,-0.004963939615893009,-0.005899767830952297,-0.007468054302655203,-0.008561037057609067,-0.010171362578612887,-0.011205250984221891,-0.012637558590313791,1.0,100.0,100.0,100.0,100.0,100.0,100.0,100.0,100.0,100.0,100.0,100.0,100.0,100.0,100.0,100.0,100.0,0.0,4.0,4.0,4.0,-0.019467247470345818,-0.014693505462952634,-0.00629959561925116,1.0,0.0,0.0,90.0,0.0,0.0,0.0,1.0,1.0,0.0,0.0,0.0,,0.0,,0.0,,-1.0,0.0,0.0,0.0,0.0,1.0,0.0,0.0,0.0,0.0,,0.0,,275.6342400428861,0.0,275.6342400428861,1.0,,,36.0,36.0,,,,,2.0,2.0,300.0,300.0,2.0,2.0,,,,,1.0,1.0,15.0,15.0
253.92190280441216,6000.0,40.55648810003186,49.0,4.0,0.0,478.0,58,0.0,64.14092062161004,64.14092062161004,-0.054572842678259,-0.038193030121873126,0.007142780420622515,0.022130219139818073,0.0036780154787909307,6.0,1.0,40.0,68.0,80.0,56.0,38.0,49.0,1.0,0.0,6.0,0.0,0.0,128.35835875457184,0.0,0.0017987603982874134,128.35835875457184,128.36015751497013,0.0,128.35835875457184,0.0,0.001443511661022967,128.35835875457184,128.35980226623286,0.0,128.35835875457184,0.0,0.003941274610724577,128.35835875457184,128.36230002918253,0.0,128.35835875457184,0.0,0.002109540922560882,128.35835875457184,128.36046829549437,0.0,-5.995867994291378e-06,-4.811705536743224e-06,-1.313758203565385e-05,-7.0318030751082e-06,1.0,1500.0,1500.0,1500.0,1500.0,,,0.0,-0.004874968723535123,-0.005125746798622055,-0.006012205260482828,-0.007572562251834914,-0.008684157510783086,-0.009951441208092814,-0.011272699663903117,-0.013022260438570488,-0.00464104434927819,-0.004890530213747679,-0.005736458246578468,-0.0072215901028619195,-0.008307825627273946,-0.009678094572735984,-0.01078891449201649,-0.012350667452019426,1.0,100.0,100.0,100.0,100.0,100.0,100.0,100.0,100.0,100.0,100.0,100.0,100.0,100.0,100.0,100.0,100.0,0.0,4.0,4.0,4.0,-0.023506204640195257,-0.007578495907779943,-0.008025150420583393,1.0,0.0,0.0,90.0,0.0,0.0,0.0,1.0,1.0,0.0,0.0,0.0,,0.0,,0.0,,-1.0,0.0,0.0,0.0,0.0,1.0,0.0,0.0,0.0,0.0,,0.0,,253.92190280441216,0.0,253.92190280441216,1.0,,,36.0,36.0,,,,,2.0,2.0,300.0,300.0,2.0,2.0,,,,,1.0,1.0,15.0,15.0
275.6340712341416,6000.0,41.755868699983694,49.0,4.0,0.0,489.0,59,0.0,64.21744005542232,64.21744005542232,-0.04236481425022566,-0.03987910934350861,0.003991466578637748,0.023348642261469755,0.0003209756252735563,6.0,1.0,40.0,68.0,80.0,56.0,38.0,50.0,1.0,0.0,6.0,0.0,0.0,128.35835089318482,0.0,0.0023081143409626748,128.35835089318482,128.3606590075258,0.0,128.35835089318482,0.0,0.0019089276324280036,128.35835089318482,128.36025982081725,0.0,128.35835089318482,0.0,0.001971533408607229,128.35835089318482,128.36032242659343,0.0,128.35835089318482,0.0,0.0010550689448791672,128.35835089318482,128.35940596212973,0.0,-7.693714469970322e-06,-6.3630921080933454e-06,-6.571778028690763e-06,-3.5168964830252964e-06,1.0,1500.0,1500.0,1500.0,1500.0,,,0.0,-0.004935980694368869,-0.005203465381932482,-0.0061772319216754756,-0.007827643731245892,-0.008947256680510128,-0.01047839858697408,-0.011710989786497185,-0.013322493486225096,-0.004697393221378388,-0.004963939434011567,-0.005899767263988576,-0.007468053381398932,-0.008561035458128386,-0.01017136074671008,-0.011205248088966304,-0.012637554803960916,1.0,100.0,100.0,100.0,100.0,100.0,100.0,100.0,100.0,100.0,100.0,100.0,100.0,100.0,100.0,100.0,100.0,0.0,4.0,4.0,4.0,-0.019467233335301277,-0.014693492379057687,-0.0062995674441996535,1.0,0.0,0.0,90.0,0.0,0.0,0.0,1.0,1.0,0.0,0.0,0.0,,0.0,,0.0,,-1.0,0.0,0.0,0.0,0.0,1.0,0.0,0.0,0.0,0.0,,0.0,,275.6340712341416,0.0,275.6340712341416,1.0,,,36.0,36.0,,,,,2.0,2.0,300.0,300.0,2.0,2.0,,,,,1.0,1.0,15.0,15.0
253.92189822223185,6000.0,53.56622530001914,75.0,9.0,0.0,478.0,60,0.0,64.14091140598603,64.14091140598603,-0.05457280945273842,-0.03819302029322462,0.0071427841199338165,0.022130217788033424,0.0036780013541873975,6.0,1.0,40.0,68.0,80.0,56.0,38.0,51.0,1.0,0.0,6.0,0.0,0.0,128.3583493662948,0.0,0.0017987603609412872,128.3583493662948,128.36014812665576,0.0,128.3583493662948,0.0,0.0014435116310664853,128.3583493662948,128.35979287792583,0.0,128.3583493662948,0.0,0.003941260432384297,128.3583493662948,128.36229062672717,0.0,128.3583493662948,0.0,0.002109539203672739,128.3583493662948,128.36045890549843,0.0,-5.99586786989903e-06,-4.811705436793545e-06,-1.3137534774614323e-05,-7.031797345481057e-06,1.0,1500.0,1500.0,1500.0,1500.0,,,0.0,-0.004874968744888263,-0.00512574681815674,-0.0060122052564032915,-0.007572562185860932,-0.008684157611394029,-0.00995144183081247,-0.011272699876937329,-0.013022260014610956,-0.004641044366361413,-0.004890530228109879,-0.005736458231447949,-0.007221590024488567,-0.008307825707819606,-0.009678095118681895,-0.010788914602240808,-0.01235066702075849,1.0,100.0,100.0,100.0,100.0,100.0,100.0,100.0,100.0,100.0,100.0,100.0,100.0,100.0,100.0,100.0,100.0,0.0,4.0,4.0,4.0,-0.023506193829652303,-0.007578489991704077,-0.008025133139594092,1.0,0.0,0.0,90.0,0.0,0.0,0.0,1.0,1.0,0.0,0.0,0.0,,0.0,,0.0,,-1.0,0.0,0.0,0.0,0.0,1.0,0.0,0.0,0.0,0.0,,0.0,,253.92189822223185,0.0,253.92189822223185,1.0,,,36.0,36.0,,,,,2.0,2.0,300.0,300.0,2.0,2.0,,,,,1.0,1.0,15.0,15.0
275.6340753551459,6000.0,41.52339950000169,49.0,4.0,0.0,489.0,61,0.0,64.21743813296179,64.21743813296179,-0.042364812675664096,-0.039879105660837064,0.003991466768347735,0.02334864183378224,0.00032097513448529436,6.0,1.0,40.0,68.0,80.0,56.0,38.0,52.0,1.0,0.0,6.0,0.0,0.0,128.358348932003,0.0,0.002308113906849485,128.358348932003,128.36065704590982,0.0,128.358348932003,0.0,0.0019089272231553878,128.358348932003,128.36025785922618,0.0,128.358348932003,0.0,0.0019715319894544336,128.358348932003,128.36032046399242,0.0,128.358348932003,0.0,0.0010550687080126409,128.358348932003,128.35940400071098,0.0,-7.693713022736878e-06,-6.363090743946032e-06,-6.571773298086706e-06,-3.5168956932807305e-06,1.0,1500.0,1500.0,1500.0,1500.0,,,0.0,-0.004935980679639939,-0.005203465348780024,-0.006177231842705844,-0.007827643587713328,-0.008947256511368316,-0.01047839843933276,-0.011710989623823977,-0.013322493317280682,-0.004697393206096434,-0.004963939400197237,-0.005899767184667581,-0.007468053237322803,-0.008561035288833941,-0.010171360586788802,-0.011205247913857665,-0.012637554636128943,1.0,100.0,100.0,100.0,100.0,100.0,100.0,100.0,100.0,100.0,100.0,100.0,100.0,100.0,100.0,100.0,100.0,0.0,4.0,4.0,4.0,-0.019467232576417717,-0.01469349069344023,-0.006299565922659955,1.0,0.0,0.0,90.0,0.0,0.0,0.0,1.0,1.0,0.0,0.0,0.0,,0.0,,0.0,,-1.0,0.0,0.0,0.0,0.0,1.0,0.0,0.0,0.0,0.0,,0.0,,275.6340753551459,0.0,275.6340753551459,1.0,,,36.0,36.0,,,,,2.0,2.0,300.0,300.0,2.0,2.0,,,,,1.0,1.0,15.0,15.0
253.92189985426143,6000.0,41.20163019996835,49.0,4.0,0.0,478.0,62,0.0,64.14091083776248,64.14091083776248,-0.054572808647620374,-0.03819301949761685,0.007142783892684819,0.02213021696719527,0.0036780005597435994,6.0,1.0,40.0,68.0,80.0,56.0,38.0,53.0,1.0,0.0,6.0,0.0,0.0,128.3583487865564,0.0,0.0017987601739264392,128.3583487865564,128.36014754673033,0.0,128.3583487865564,0.0,0.0014435114552497907,128.3583487865564,128.35979229801163,0.0,128.3583487865564,0.0,0.0039412592689132,128.3583487865564,128.3622900458253,0.0,128.3583487865564,0.0,0.002109538939748745,128.3583487865564,128.36045832549613,0.0,-5.995867246421464e-06,-4.811704850737897e-06,-1.3137530896282593e-05,-7.031796465734412e-06,1.0,1500.0,1500.0,1500.0,1500.0,,,0.0,-0.004874968748627318,-0.005125746822480925,-0.006012205269528348,-0.007572562193045717,-0.008684157616336875,-0.009951441850641896,-0.011272699870465754,-0.013022259974977902,-0.004641044369819581,-0.004890530232115964,-0.005736458236727282,-0.007221590030874969,-0.008307825712018112,-0.009678095131760413,-0.010788914588582443,-0.012350666981468717,1.0,100.0,100.0,100.0,100.0,100.0,100.0,100.0,100.0,100.0,100.0,100.0,100.0,100.0,100.0,100.0,100.0,0.0,4.0,4.0,4.0,-0.023506193478871378,-0.007578489970062,-0.008025132798206724,1.0,0.0,0.0,90.0,0.0,0.0,0.0,1.0,1.0,0.0,0.0,0.0,,0.0,,0.0,,-1.0,0.0,0.0,0.0,0.0,1.0,0.0,0.0,0.0,0.0,,0.0,,253.92189985426143,0.0,253.92189985426143,1.0,,,36.0,36.0,,,,,2.0,2.0,300.0,300.0,2.0,2.0,,,,,1.0,1.0,15.0,15.0
275.63407490914625,6000.0,41.498576000041794,49.0,4.0,0.0,489.0,63,0.0,64.21743796030876,64.21743796030876,-0.04236481260101851,-0.03987910533148318,0.003991466685149677,0.02334864170000837,0.00032097512867671857,6.0,1.0,40.0,68.0,80.0,56.0,38.0,54.0,1.0,0.0,6.0,0.0,0.0,128.35834875610334,0.0,0.002308113884851082,128.35834875610334,128.36065686998816,0.0,128.35834875610334,0.0,0.0019089272023506965,128.35834875610334,128.3602576833057,0.0,128.35834875610334,0.0,0.0019715319716624435,128.35834875610334,128.36032028807497,0.0,128.35834875610334,0.0,0.0010550687045451923,128.35834875610334,128.35940382480786,0.0,-7.693712949408868e-06,-6.363090674502322e-06,-6.5717732387800725e-06,-3.5168956817225687e-06,1.0,1500.0,1500.0,1500.0,1500.0,,,0.0,-0.0049359806796859034,-0.005203465348583691,-0.006177231841745412,-0.007827643585872446,-0.008947256508366497,-0.010478398436484015,-0.01171098961720074,-0.013322493303941618,-0.004697393206080314,-0.004963939399904582,-0.005899767183583738,-0.0074680532352846985,-0.008561035285572638,-0.010171360583172275,-0.011205247906145254,-0.012637554622668778,1.0,100.0,100.0,100.0,100.0,100.0,100.0,100.0,100.0,100.0,100.0,100.0,100.0,100.0,100.0,100.0,100.0,0.0,4.0,4.0,4.0,-0.01946723251595207,-0.014693490485159768,-0.00629956563744973,1.0,0.0,0.0,90.0,0.0,0.0,0.0,1.0,1.0,0.0,0.0,0.0,,0.0,,0.0,,-1.0,0.0,0.0,0.0,0.0,1.0,0.0,0.0,0.0,0.0,,0.0,,275.63407490914625,0.0,275.63407490914625,1.0,,,36.0,36.0,,,,,2.0,2.0,300.0,300.0,2.0,2.0,,,,,1.0,1.0,15.0,15.0
253.9218999949515,6000.0,41.20658669999102,49.0,4.0,0.0,478.0,64,0.0,64.14091079904121,64.14091079904121,-0.05457280857386465,-0.03819301947409244,0.007142783892792547,0.022130216941418517,0.0036780005219817593,6.0,1.0,40.0,68.0,80.0,56.0,38.0,55.0,1.0,0.0,6.0,0.0,0.0,128.35834874703133,0.0,0.0017987601660820474,128.35834874703133,128.3601475071974,0.0,128.35834874703133,0.0,0.0014435114479169897,128.35834874703133,128.35979225847922,0.0,128.35834874703133,0.0,0.003941259213661397,128.35834874703133,128.362290006245,0.0,128.35834874703133,0.0,0.0021095389298579903,128.35834874703133,128.3604582859612,0.0,-5.995867220273491e-06,-4.811704826295227e-06,-1.3137530712204656e-05,-7.031796432859968e-06,1.0,1500.0,1500.0,1500.0,1500.0,,,0.0,-0.004874968748734875,-0.005125746822557753,-0.00601220526981745,-0.007572562192879939,-0.00868415761620982,-0.009951441851636343,-0.011272699870125314,-0.013022259973065031,-0.004641044369906311,-0.004890530232181022,-0.0057364582367108955,-0.007221590030671354,-0.008307825711841854,-0.009678095132406427,-0.010788914587847698,-0.01235066697956575,1.0,100.0,100.0,100.0,100.0,100.0,100.0,100.0,100.0,100.0,100.0,100.0,100.0,100.0,100.0,100.0,100.0,0.0,4.0,4.0,4.0,-0.02350619345412835,-0.007578489976944751,-0.00802513275278185,1.0,0.0,0.0,90.0,0.0,0.0,0.0,1.0,1.0,0.0,0.0,0.0,,0.0,,0.0,,-1.0,0.0,0.0,0.0,0.0,1.0,0.0,0.0,0.0,0.0,,0.0,,253.9218999949515,0.0,253.9218999949515,1.0,,,36.0,36.0,,,,,2.0,2.0,300.0,300.0,2.0,2.0,,,,,1.0,1.0,15.0,15.0
275.63407488235265,6000.0,41.58013699995354,49.0,4.0,0.0,489.0,65,0.0,64.21743794879393,64.21743794879393,-0.04236481259445289,-0.039879105313724406,0.003991466680746328,0.023348641685084603,0.0003209751266147476,6.0,1.0,40.0,68.0,80.0,56.0,38.0,56.0,1.0,0.0,6.0,0.0,0.0,128.3583487443607,0.0,0.0023081138818383806,128.3583487443607,128.36065685824255,0.0,128.3583487443607,0.0,0.001908927199451682,128.3583487443607,128.36025767156016,0.0,128.3583487443607,0.0,0.001971531959895856,128.3583487443607,128.36032027632058,0.0,128.3583487443607,0.0,0.0010550687024419858,128.3583487443607,128.35940381306318,0.0,-7.693712939461269e-06,-6.3630906648389405e-06,-6.571773199558114e-06,-3.516895674901358e-06,1.0,1500.0,1500.0,1500.0,1500.0,,,0.0,-0.004935980679690877,-0.005203465348538883,-0.006177231841608234,-0.007827643585724207,-0.008947256507891055,-0.010478398435998359,-0.01171098961641599,-0.013322493302761496,-0.004697393206076806,-0.004963939399856443,-0.005899767183436521,-0.007468053235103333,-0.00856103528508765,-0.010171360582614409,-0.01120524790525259,-0.012637554621490743,1.0,100.0,100.0,100.0,100.0,100.0,100.0,100.0,100.0,100.0,100.0,100.0,100.0,100.0,100.0,100.0,100.0,0.0,4.0,4.0,4.0,-0.01946723251141266,-0.01469349047549212,-0.006299565626031533,1.0,0.0,0.0,90.0,0.0,0.0,0.0,1.0,1.0,0.0,0.0,0.0,,0.0,,0.0,,-1.0,0.0,0.0,0.0,0.0,1.0,0.0,0.0,0.0,0.0,,0.0,,275.63407488235265,0.0,275.63407488235265,1.0,,,36.0,36.0,,,,,2.0,2.0,300.0,300.0,2.0,2.0,,,,,1.0,1.0,15.0,15.0
253.9218999980667,6000.0,40.99387070001103,49.0,4.0,0.0,478.0,66,0.0,64.14091079579458,64.14091079579458,-0.05457280856805254,-0.03819301947023218,0.007142783892959285,0.02213021693914392,0.0036780005193493095,6.0,1.0,40.0,68.0,80.0,56.0,38.0,57.0,1.0,0.0,6.0,0.0,0.0,128.35834874372193,0.0,0.0017987601654567698,128.35834874372193,128.3601475038874,0.0,128.35834874372193,0.0,0.0014435114473485555,128.35834874372193,128.35979225516928,0.0,128.35834874372193,0.0,0.003941259210478165,128.35834874372193,128.3622900029324,0.0,128.35834874372193,0.0,0.0021095389291758693,128.35834874372193,128.3604582826511,0.0,-5.995867218189232e-06,-4.811704824495185e-06,-1.3137530701593885e-05,-7.031796430586231e-06,1.0,1500.0,1500.0,1500.0,1500.0,,,0.0,-0.004874968748730035,-0.00512574682255047,-0.006012205269812743,-0.0075725621928100844,-0.008684157616140054,-0.009951441851632527,-0.01127269987003374,-0.013022259972844364,-0.0046410443699045345,-0.004890530232176449,-0.005736458236684472,-0.007221590030600433,-0.008307825711778483,-0.009678095132381338,-0.010788914587731124,-0.012350666979353078,1.0,100.0,100.0,100.0,100.0,100.0,100.0,100.0,100.0,100.0,100.0,100.0,100.0,100.0,100.0,100.0,100.0,0.0,4.0,4.0,4.0,-0.023506193452114865,-0.007578489975517396,-0.008025132749107955,1.0,0.0,0.0,90.0,0.0,0.0,0.0,1.0,1.0,0.0,0.0,0.0,,0.0,,0.0,,-1.0,0.0,0.0,0.0,0.0,1.0,0.0,0.0,0.0,0.0,,0.0,,253.9218999980667,0.0,253.9218999980667,1.0,,,36.0,36.0,,,,,2.0,2.0,300.0,300.0,2.0,2.0,,,,,1.0,1.0,15.0,15.0
275.63407488195656,6000.0,41.5621801999514,49.0,4.0,0.0,489.0,67,0.0,64.21743794799013,64.21743794799013,-0.04236481259396396,-0.039879105312661145,0.003991466680481151,0.023348641684381166,0.0003209751264437455,6.0,1.0,40.0,68.0,80.0,56.0,38.0,58.0,1.0,0.0,6.0,0.0,0.0,128.35834874354055,0.0,0.0023081138814404767,128.35834874354055,128.36065685742201,0.0,128.35834874354055,0.0,0.0019089271992243084,128.35834874354055,128.36025767073974,0.0,128.35834874354055,0.0,0.001971531959384265,128.35834874354055,128.36032027549996,0.0,128.35834874354055,0.0,0.001055068702328299,128.35834874354055,128.35940381224287,0.0,-7.693712938229661e-06,-6.363090663986289e-06,-6.571773198042289e-06,-3.516895674427663e-06,1.0,1500.0,1500.0,1500.0,1500.0,,,0.0,-0.004935980679687235,-0.005203465348540792,-0.0061772318415930895,-0.007827643585679578,-0.008947256507853664,-0.010478398435953773,-0.01171098961635857,-0.013322493302683959,-0.004697393206074895,-0.004963939399844098,-0.0058997671834129396,-0.00746805323508104,-0.008561035285042751,-0.010171360582567113,-0.011205247905193748,-0.012637554621413473,1.0,100.0,100.0,100.0,100.0,100.0,100.0,100.0,100.0,100.0,100.0,100.0,100.0,100.0,100.0,100.0,100.0,0.0,4.0,4.0,4.0,-0.01946723251112662,-0.014693490475064975,-0.006299565624987812,1.0,0.0,0.0,90.0,0.0,0.0,0.0,1.0,1.0,0.0,0.0,0.0,,0.0,,0.0,,-1.0,0.0,0.0,0.0,0.0,1.0,0.0,0.0,0.0,0.0,,0.0,,275.63407488195656,0.0,275.63407488195656,1.0,,,36.0,36.0,,,,,2.0,2.0,300.0,300.0,2.0,2.0,,,,,1.0,1.0,15.0,15.0
253.92189999869922,6000.0,41.160241499950644,49.0,4.0,0.0,478.0,68,0.0,64.14091079556678,64.14091079556678,-0.05457280856766644,-0.0381930194699777,0.007142783892922148,0.022130216938954388,0.0036780005190534906,6.0,1.0,40.0,68.0,80.0,56.0,38.0,59.0,1.0,0.0,6.0,0.0,0.0,128.3583487434894,0.0,0.0017987601654567698,128.3583487434894,128.36014750365482,0.0,128.3583487434894,0.0,0.001443511447291712,128.3583487434894,128.35979225493665,0.0,128.3583487434894,0.0,0.003941259210137105,128.3583487434894,128.36229000269952,0.0,128.3583487434894,0.0,0.0021095389290621824,128.3583487434894,128.36045828241845,0.0,-5.995867218094493e-06,-4.811704824210968e-06,-1.3137530700457016e-05,-7.031796430207275e-06,1.0,1500.0,1500.0,1500.0,1500.0,,,0.0,-0.004874968748731856,-0.005125746822545674,-0.006012205269812609,-0.007572562192815368,-0.008684157616142009,-0.00995144185164829,-0.011272699870034585,-0.01302225997283122,-0.004641044369912129,-0.004890530232171653,-0.00573645823668012,-0.007221590030605763,-0.008307825711774264,-0.0096780951323868,-0.010788914587731747,-0.012350666979336688,1.0,100.0,100.0,100.0,100.0,100.0,100.0,100.0,100.0,100.0,100.0,100.0,100.0,100.0,100.0,100.0,100.0,0.0,4.0,4.0,4.0,-0.023506193451976853,-0.0075784899754412684,-0.00802513274886988,1.0,0.0,0.0,90.0,0.0,0.0,0.0,1.0,1.0,0.0,0.0,0.0,,0.0,,0.0,,-1.0,0.0,0.0,0.0,0.0,1.0,0.0,0.0,0.0,0.0,,0.0,,253.92189999869922,0.0,253.92189999869922,1.0,,,36.0,36.0,,,,,2.0,2.0,300.0,300.0,2.0,2.0,,,,,1.0,1.0,15.0,15.0
275.6340748819227,6000.0,41.92567050002981,49.0,4.0,0.0,489.0,69,0.0,64.21743794792737,64.21743794792737,-0.042364812593936985,-0.03987910531253167,0.0039914666804590215,0.023348641684310112,0.00032097512643883275,6.0,1.0,40.0,68.0,80.0,56.0,38.0,60.0,1.0,0.0,6.0,0.0,0.0,128.35834874347628,0.0,0.002308113881611007,128.35834874347628,128.3606568573579,0.0,128.35834874347628,0.0,0.0019089271992811518,128.35834874347628,128.3602576706756,0.0,128.35834874347628,0.0,0.0019715319594411085,128.35834874347628,128.36032027543573,0.0,128.35834874347628,0.0,0.0010550687022146121,128.35834874347628,128.3594038121785,0.0,-7.693712938703356e-06,-6.363090664365245e-06,-6.571773198137029e-06,-3.5168956740487073e-06,1.0,1500.0,1500.0,1500.0,1500.0,,,0.0,-0.004935980679686036,-0.005203465348533998,-0.0061772318415896695,-0.007827643585685306,-0.008947256507849931,-0.010478398435955504,-0.011710989616357149,-0.01332249330267654,-0.0046973932060749395,-0.004963939399855733,-0.005899767183420623,-0.007468053235076777,-0.00856103528503751,-0.010171360582560672,-0.011205247905189617,-0.012637554621406054,1.0,100.0,100.0,100.0,100.0,100.0,100.0,100.0,100.0,100.0,100.0,100.0,100.0,100.0,100.0,100.0,100.0,0.0,4.0,4.0,4.0,-0.019467232511098807,-0.014693490475006824,-0.006299565624915711,1.0,0.0,0.0,90.0,0.0,0.0,0.0,1.0,1.0,0.0,0.0,0.0,,0.0,,0.0,,-1.0,0.0,0.0,0.0,0.0,1.0,0.0,0.0,0.0,0.0,,0.0,,275.6340748819227,0.0,275.6340748819227,1.0,,,36.0,36.0,,,,,2.0,2.0,300.0,300.0,2.0,2.0,,,,,1.0,1.0,15.0,15.0
253.92189999874267,6000.0,54.28246630000649,75.0,9.0,0.0,478.0,70,0.0,64.14091079555041,64.14091079555041,-0.054572808567637535,-0.03819301946996593,0.007142783892923739,0.022130216938940184,0.003678000519036985,6.0,1.0,40.0,68.0,80.0,56.0,38.0,61.0,1.0,0.0,6.0,0.0,0.0,128.3583487434724,0.0,0.0017987601654567698,128.3583487434724,128.36014750363788,0.0,128.3583487434724,0.0,0.0014435114471780253,128.3583487434724,128.3597922549196,0.0,128.3583487434724,0.0,0.003941259210193948,128.3583487434724,128.36229000268258,0.0,128.3583487434724,0.0,0.002109538929119026,128.3583487434724,128.3604582824015,0.0,-5.995867218283972e-06,-4.81170482402149e-06,-1.3137530700646494e-05,-7.031796430396753e-06,1.0,1500.0,1500.0,1500.0,1500.0,,,0.0,-0.004874968748732033,-0.005125746822551581,-0.0060122052698087895,-0.007572562192807508,-0.00868415761614032,-0.009951441851651002,-0.011272699870039028,-0.013022259972832418,-0.004641044369900937,-0.004890530232166146,-0.005736458236677855,-0.007221590030602121,-0.00830782571177675,-0.009678095132392619,-0.010788914587733168,-0.012350666979336422,1.0,100.0,100.0,100.0,100.0,100.0,100.0,100.0,100.0,100.0,100.0,100.0,100.0,100.0,100.0,100.0,100.0,0.0,4.0,4.0,4.0,-0.023506193451965935,-0.007578489975437164,-0.008025132748853477,1.0,0.0,0.0,90.0,0.0,0.0,0.0,1.0,1.0,0.0,0.0,0.0,,0.0,,0.0,,-1.0,0.0,0.0,0.0,0.0,1.0,0.0,0.0,0.0,0.0,,0.0,,253.92189999874267,0.0,253.92189999874267,1.0,,,36.0,36.0,,,,,2.0,2.0,300.0,300.0,2.0,2.0,,,,,1.0,1.0,15.0,15.0
275.6340748819149,6000.0,41.8935278999852,49.0,4.0,0.0,489.0,71,0.0,64.2174379479226,64.2174379479226,-0.04236481259392655,-0.03987910531252622,0.003991466680455136,0.023348641684305376,0.00032097512643644577,6.0,1.0,40.0,68.0,80.0,56.0,38.0,62.0,1.0,0.0,6.0,0.0,0.0,128.35834874347114,0.0,0.0023081138815541635,128.35834874347114,128.36065685735272,0.0,128.35834874347114,0.0,0.0019089271993379953,128.35834874347114,128.36025767067048,0.0,128.35834874347114,0.0,0.0019715319594411085,128.35834874347114,128.36032027543058,0.0,128.35834874347114,0.0,0.0010550687023851424,128.35834874347114,128.35940381217353,0.0,-7.693712938608617e-06,-6.363090664459984e-06,-6.571773198137029e-06,-3.5168956746171414e-06,1.0,1500.0,1500.0,1500.0,1500.0,,,0.0,-0.0049359806796903,-0.005203465348538172,-0.006177231841593845,-0.007827643585692412,-0.008947256507851576,-0.010478398435949955,-0.011710989616354707,-0.013322493302682405,-0.0046973932060692565,-0.004963939399851469,-0.00589976718341223,-0.007468053235072735,-0.00856103528504204,-0.010171360582565115,-0.011205247905192773,-0.012637554621409298,1.0,100.0,100.0,100.0,100.0,100.0,100.0,100.0,100.0,100.0,100.0,100.0,100.0,100.0,100.0,100.0,100.0,0.0,4.0,4.0,4.0,-0.019467232511097124,-0.01469349047500837,-0.006299565624911034,1.0,0.0,0.0,90.0,0.0,0.0,0.0,1.0,1.0,0.0,0.0,0.0,,0.0,,0.0,,-1.0,0.0,0.0,0.0,0.0,1.0,0.0,0.0,0.0,0.0,,0.0,,275.6340748819149,0.0,275.6340748819149,1.0,,,36.0,36.0,,,,,2.0,2.0,300.0,300.0,2.0,2.0,,,,,1.0,1.0,15.0,15.0
253.9218999987454,6000.0,40.97542699996848,49.0,4.0,0.0,478.0,72,0.0,64.14091079554892,64.14091079554892,-0.05457280856762755,-0.03819301946996338,0.00714278389292409,0.022130216938937814,0.0036780005190335994,6.0,1.0,40.0,68.0,80.0,56.0,38.0,63.0,1.0,0.0,6.0,0.0,0.0,128.35834874347057,0.0,0.0017987601654567698,128.35834874347057,128.36014750363606,0.0,128.35834874347057,0.0,0.001443511447291712,128.35834874347057,128.35979225491786,0.0,128.35834874347057,0.0,0.003941259210193948,128.35834874347057,128.36229000268077,0.0,128.35834874347057,0.0,0.0021095389290621824,128.35834874347057,128.36045828239963,0.0,-5.995867218283972e-06,-4.811704824305707e-06,-1.3137530700646494e-05,-7.031796430207275e-06,1.0,1500.0,1500.0,1500.0,1500.0,,,0.0,-0.004874968748733676,-0.00512574682254452,-0.006012205269808967,-0.007572562192804933,-0.00868415761613752,-0.009951441851652686,-0.011272699870034809,-0.013022259972832552,-0.004641044369903603,-0.004890530232167567,-0.0057364582366819395,-0.007221590030603808,-0.00830782571177684,-0.009678095132394081,-0.010788914587733478,-0.012350666979334957,1.0,100.0,100.0,100.0,100.0,100.0,100.0,100.0,100.0,100.0,100.0,100.0,100.0,100.0,100.0,100.0,100.0,0.0,4.0,4.0,4.0,-0.023506193451965838,-0.007578489975439928,-0.008025132748855076,1.0,0.0,0.0,90.0,0.0,0.0,0.0,1.0,1.0,0.0,0.0,0.0,,0.0,,0.0,,-1.0,0.0,0.0,0.0,0.0,1.0,0.0,0.0,0.0,0.0,,0.0,,253.9218999987454,0.0,253.9218999987454,1.0,,,36.0,36.0,,,,,2.0,2.0,300.0,300.0,2.0,2.0,,,,,1.0,1.0,15.0,15.0
275.6340748819146,6000.0,41.44533409998985,49.0,4.0,0.0,489.0,73,0.0,64.21743794792198,64.21743794792198,-0.04236481259392666,-0.039879105312530895,0.003991466680459892,0.023348641684305366,0.000320975126434068,6.0,1.0,40.0,68.0,80.0,56.0,38.0,64.0,1.0,0.0,6.0,0.0,0.0,128.3583487434702,0.0,0.002308113881611007,128.3583487434702,128.36065685735178,0.0,128.3583487434702,0.0,0.0019089271993379953,128.3583487434702,128.36025767066954,0.0,128.3583487434702,0.0,0.0019715319594411085,128.3583487434702,128.36032027542964,0.0,128.3583487434702,0.0,0.001055068702328299,128.3583487434702,128.35940381217256,0.0,-7.693712938608617e-06,-6.363090664459984e-06,-6.571773198137029e-06,-3.5168956745224024e-06,1.0,1500.0,1500.0,1500.0,1500.0,,,0.0,-0.004935980679685903,-0.0052034653485424345,-0.0061772318415953984,-0.00782764358568957,-0.008947256507854462,-0.010478398435949955,-0.011710989616353107,-0.013322493302679607,-0.004697393206069301,-0.004963939399853023,-0.005899767183415073,-0.007468053235068384,-0.008561035285041997,-0.010171360582563647,-0.011205247905194192,-0.01263755462140921,1.0,100.0,100.0,100.0,100.0,100.0,100.0,100.0,100.0,100.0,100.0,100.0,100.0,100.0,100.0,100.0,100.0,0.0,4.0,4.0,4.0,-0.019467232511097086,-0.0146934904750065,-0.006299565624913894,1.0,0.0,0.0,90.0,0.0,0.0,0.0,1.0,1.0,0.0,0.0,0.0,,0.0,,0.0,,-1.0,0.0,0.0,0.0,0.0,1.0,0.0,0.0,0.0,0.0,,0.0,,275.6340748819146,0.0,275.6340748819146,1.0,,,36.0,36.0,,,,,2.0,2.0,300.0,300.0,2.0,2.0,,,,,1.0,1.0,15.0,15.0
253.9218999987456,6000.0,40.872921200003475,49.0,4.0,0.0,478.0,74,0.0,64.14091079554854,64.14091079554854,-0.054572808567629874,-0.03819301946996101,0.007142783892926534,0.02213021693894255,0.003678000519028779,6.0,1.0,40.0,68.0,80.0,56.0,38.0,65.0,1.0,0.0,6.0,0.0,0.0,128.35834874346992,0.0,0.0017987601654567698,128.35834874346992,128.36014750363537,0.0,128.35834874346992,0.0,0.0014435114472348687,128.35834874346992,128.35979225491712,0.0,128.35834874346992,0.0,0.003941259210193948,128.35834874346992,128.36229000268008,0.0,128.35834874346992,0.0,0.002109538929119026,128.35834874346992,128.360458282399,0.0,-5.995867218189232e-06,-4.81170482402149e-06,-1.3137530700551755e-05,-7.031796430302014e-06,1.0,1500.0,1500.0,1500.0,1500.0,,,0.0,-0.004874968748732167,-0.005125746822545985,-0.006012205269807458,-0.007572562192806354,-0.008684157616134591,-0.009951441851651446,-0.011272699870034675,-0.013022259972835348,-0.004641044369903691,-0.004890530232163347,-0.005736458236684872,-0.007221590030606696,-0.00830782571177826,-0.009678095132394126,-0.010788914587733523,-0.012350666979335088,1.0,100.0,100.0,100.0,100.0,100.0,100.0,100.0,100.0,100.0,100.0,100.0,100.0,100.0,100.0,100.0,100.0,0.0,4.0,4.0,4.0,-0.023506193451963923,-0.007578489975436139,-0.008025132748855038,1.0,0.0,0.0,90.0,0.0,0.0,0.0,1.0,1.0,0.0,0.0,0.0,,0.0,,0.0,,-1.0,0.0,0.0,0.0,0.0,1.0,0.0,0.0,0.0,0.0,,0.0,,253.9218999987456,0.0,253.9218999987456,1.0,,,36.0,36.0,,,,,2.0,2.0,300.0,300.0,2.0,2.0,,,,,1.0,1.0,15.0,15.0
275.63407488191456,6000.0,41.92623139999341,49.0,4.0,0.0,489.0,75,0.0,64.21743794792165,64.21743794792165,-0.04236481259392666,-0.03987910531253088,0.00399146668045754,0.023348641684307742,0.00032097512643644577,6.0,1.0,40.0,68.0,80.0,56.0,38.0,66.0,1.0,0.0,6.0,0.0,0.0,128.3583487434696,0.0,0.0023081138815541635,128.3583487434696,128.36065685735116,0.0,128.3583487434696,0.0,0.0019089271993379953,128.3583487434696,128.36025767066894,0.0,128.3583487434696,0.0,0.001971531959384265,128.3583487434696,128.36032027542902,0.0,128.3583487434696,0.0,0.0010550687022714555,128.3583487434696,128.3594038121719,0.0,-7.693712938513878e-06,-6.363090664459984e-06,-6.571773198042289e-06,-3.516895674332924e-06,1.0,1500.0,1500.0,1500.0,1500.0,,,0.0,-0.004935980679684482,-0.005203465348543901,-0.006177231841591046,-0.00782764358568957,-0.008947256507850242,-0.010478398435952796,-0.011710989616355949,-0.013322493302676807,-0.0046973932060707215,-0.004963939399852934,-0.0058997671834165825,-0.007468053235068429,-0.008561035285043327,-0.010171360582563693,-0.01120524790519135,-0.012637554621410717,1.0,100.0,100.0,100.0,100.0,100.0,100.0,100.0,100.0,100.0,100.0,100.0,100.0,100.0,100.0,100.0,100.0,0.0,4.0,4.0,4.0,-0.01946723251109803,-0.014693490475003661,-0.006299565624912958,1.0,0.0,0.0,90.0,0.0,0.0,0.0,1.0,1.0,0.0,0.0,0.0,,0.0,,0.0,,-1.0,0.0,0.0,0.0,0.0,1.0,0.0,0.0,0.0,0.0,,0.0,,275.63407488191456,0.0,275.63407488191456,1.0,,,36.0,36.0,,,,,2.0,2.0,300.0,300.0,2.0,2.0,,,,,1.0,1.0,15.0,15.0
253.92189999874563,6000.0,41.68261379998876,49.0,4.0,0.0,478.0,76,0.0,64.14091079554822,64.14091079554822,-0.05457280856762514,-0.03819301946996574,0.007142783892926534,0.022130216938940184,0.003678000519028779,6.0,1.0,40.0,68.0,80.0,56.0,38.0,67.0,1.0,0.0,6.0,0.0,0.0,128.35834874346935,0.0,0.0017987601653999263,128.35834874346935,128.36014750363478,0.0,128.35834874346935,0.0,0.0014435114471780253,128.35834874346935,128.35979225491653,0.0,128.35834874346935,0.0,0.003941259210193948,128.35834874346935,128.36229000267952,0.0,128.35834874346935,0.0,0.0021095389290621824,128.35834874346935,128.3604582823984,0.0,-5.995867218094493e-06,-4.811704823926751e-06,-1.3137530700551755e-05,-7.031796430207275e-06,1.0,1500.0,1500.0,1500.0,1500.0,,,0.0,-0.004874968748730702,-0.005125746822544564,-0.006012205269808879,-0.007572562192807775,-0.008684157616134591,-0.009951441851650067,-0.01127269987003614,-0.013022259972832507,-0.004641044369902269,-0.0048905302321647255,-0.0057364582366834956,-0.007221590030606696,-0.008307825711779682,-0.00967809513239417,-0.010788914587734897,-0.012350666979335088,1.0,100.0,100.0,100.0,100.0,100.0,100.0,100.0,100.0,100.0,100.0,100.0,100.0,100.0,100.0,100.0,100.0,0.0,4.0,4.0,4.0,-0.023506193451964873,-0.007578489975436135,-0.008025132748855987,1.0,0.0,0.0,90.0,0.0,0.0,0.0,1.0,1.0,0.0,0.0,0.0,,0.0,,0.0,,-1.0,0.0,0.0,0.0,0.0,1.0,0.0,0.0,0.0,0.0,,0.0,,253.92189999874563,0.0,253.92189999874563,1.0,,,36.0,36.0,,,,,2.0,2.0,300.0,300.0,2.0,2.0,,,,,1.0,1.0,15.0,15.0
275.6340748819146,6000.0,41.74427879997529,49.0,4.0,0.0,489.0,77,0.0,64.21743794792138,64.21743794792138,-0.04236481259392666,-0.03987910531253086,0.00399146668045754,0.023348641684305376,0.00032097512643644577,6.0,1.0,40.0,68.0,80.0,56.0,38.0,68.0,1.0,0.0,6.0,0.0,0.0,128.3583487434691,0.0,0.00230811388149732,128.3583487434691,128.3606568573506,0.0,128.3583487434691,0.0,0.0019089271992811518,128.3583487434691,128.36025767066837,0.0,128.3583487434691,0.0,0.001971531959384265,128.3583487434691,128.36032027542848,0.0,128.3583487434691,0.0,0.0010550687022714555,128.3583487434691,128.35940381217137,0.0,-7.6937129383244e-06,-6.363090664270506e-06,-6.57177319794755e-06,-3.516895674238185e-06,1.0,1500.0,1500.0,1500.0,1500.0,,,0.0,-0.004935980679685903,-0.005203465348541058,-0.006177231841591046,-0.00782764358568815,-0.008947256507848823,-0.010478398435951374,-0.011710989616356037,-0.013322493302679652,-0.0046973932060707215,-0.004963939399850093,-0.0058997671834165825,-0.0074680532350698495,-0.008561035285043327,-0.010171360582566537,-0.011205247905192773,-0.012637554621409298,1.0,100.0,100.0,100.0,100.0,100.0,100.0,100.0,100.0,100.0,100.0,100.0,100.0,100.0,100.0,100.0,100.0,0.0,4.0,4.0,4.0,-0.01946723251109803,-0.014693490475004605,-0.006299565624912958,1.0,0.0,0.0,90.0,0.0,0.0,0.0,1.0,1.0,0.0,0.0,0.0,,0.0,,0.0,,-1.0,0.0,0.0,0.0,0.0,1.0,0.0,0.0,0.0,0.0,,0.0,,275.6340748819146,0.0,275.6340748819146,1.0,,,36.0,36.0,,,,,2.0,2.0,300.0,300.0,2.0,2.0,,,,,1.0,1.0,15.0,15.0
253.92189999874563,6000.0,40.742616200004704,49.0,4.0,0.0,478.0,78,0.0,64.14091079554797,64.14091079554797,-0.05457280856762514,-0.03819301946996574,0.007142783892926534,0.022130216938940184,0.003678000519028779,6.0,1.0,40.0,68.0,80.0,56.0,38.0,69.0,1.0,0.0,6.0,0.0,0.0,128.3583487434688,0.0,0.0017987601654567698,128.3583487434688,128.36014750363424,0.0,128.3583487434688,0.0,0.0014435114471211818,128.3583487434688,128.35979225491593,0.0,128.3583487434688,0.0,0.003941259210193948,128.3583487434688,128.362290002679,0.0,128.3583487434688,0.0,0.0021095389290621824,128.3583487434688,128.3604582823979,0.0,-5.995867218094493e-06,-4.811704823737273e-06,-1.3137530700646494e-05,-7.031796430302014e-06,1.0,1500.0,1500.0,1500.0,1500.0,,,0.0,-0.004874968748732123,-0.005125746822544564,-0.006012205269808879,-0.007572562192806354,-0.008684157616134591,-0.009951441851650067,-0.01127269987003614,-0.013022259972829665,-0.004641044369905112,-0.004890530232163303,-0.0057364582366834956,-0.007221590030606696,-0.00830782571177684,-0.009678095132395592,-0.010788914587734897,-0.012350666979335088,1.0,100.0,100.0,100.0,100.0,100.0,100.0,100.0,100.0,100.0,100.0,100.0,100.0,100.0,100.0,100.0,100.0,0.0,4.0,4.0,4.0,-0.023506193451964873,-0.007578489975436142,-0.008025132748855038,1.0,0.0,0.0,90.0,0.0,0.0,0.0,1.0,1.0,0.0,0.0,0.0,,0.0,,0.0,,-1.0,0.0,0.0,0.0,0.0,1.0,0.0,0.0,0.0,0.0,,0.0,,253.92189999874563,0.0,253.92189999874563,1.0,,,36.0,36.0,,,,,2.0,2.0,300.0,300.0,2.0,2.0,,,,,1.0,1.0,15.0,15.0
275.6340748819146,6000.0,41.74715800001286,49.0,4.0,0.0,489.0,79,0.0,64.21743794792111,64.21743794792111,-0.042364812593924286,-0.03987910531253323,0.00399146668045754,0.023348641684307742,0.00032097512643407733,6.0,1.0,40.0,68.0,80.0,56.0,38.0,70.0,1.0,0.0,6.0,0.0,0.0,128.35834874346853,0.0,0.0023081138815541635,128.35834874346853,128.36065685735005,0.0,128.35834874346853,0.0,0.0019089271993379953,128.35834874346853,128.36025767066786,0.0,128.35834874346853,0.0,0.0019715319594411085,128.35834874346853,128.36032027542797,0.0,128.35834874346853,0.0,0.0010550687022714555,128.35834874346853,128.35940381217083,0.0,-7.693712938419139e-06,-6.363090664459984e-06,-6.571773198137029e-06,-3.516895674332924e-06,1.0,1500.0,1500.0,1500.0,1500.0,,,0.0,-0.004935980679683061,-0.005203465348542479,-0.006177231841591046,-0.00782764358568957,-0.008947256507850242,-0.010478398435951374,-0.011710989616356037,-0.01332249330267823,-0.004697393206069301,-0.004963939399854355,-0.005899767183415162,-0.007468053235068429,-0.008561035285041908,-0.010171360582565115,-0.01120524790519135,-0.012637554621409298,1.0,100.0,100.0,100.0,100.0,100.0,100.0,100.0,100.0,100.0,100.0,100.0,100.0,100.0,100.0,100.0,100.0,0.0,4.0,4.0,4.0,-0.019467232511097082,-0.014693490475004605,-0.006299565624913905,1.0,0.0,0.0,90.0,0.0,0.0,0.0,1.0,1.0,0.0,0.0,0.0,,0.0,,0.0,,-1.0,0.0,0.0,0.0,0.0,1.0,0.0,0.0,0.0,0.0,,0.0,,275.6340748819146,0.0,275.6340748819146,1.0,,,36.0,36.0,,,,,2.0,2.0,300.0,300.0,2.0,2.0,,,,,1.0,1.0,15.0,15.0
