N_P_star,N_UF_star,computation_time_sec,leader_candidate_count,leader_full_evaluated_count,leader_serial_override,solver_evaluations,step,wu_faithful_active,wu_faithful_np_bias_ratio,wu_faithful_np_cand_lambda,wu_faithful_np_cand_lambda_applied,wu_faithful_np_feasible_max,wu_faithful_np_feasible_min,wu_faithful_np_original_target,wu_faithful_np_pd_exit,wu_faithful_np_pd_iters,wu_faithful_np_pd_lam_entry,wu_faithful_np_pd_residual,wu_faithful_np_predictor_current_interval,wu_faithful_np_predictor_legacy,wu_faithful_np_predictor_mode_code,wu_faithful_np_predictor_phase_substep,wu_faithful_np_predictor_storage_aware,wu_faithful_np_projected_target,wu_faithful_np_projection_residual,wu_faithful_np_sum_nin,wu_faithful_np_target,wu_faithful_np_target_error
0.0,0.0,2.9799994081258774e-05,0.0,0.0,0.0,0.0,0,0.0,,,,,,,,,,,,,,,,,,,,
0.0,0.0,3.330002073198557e-05,0.0,0.0,0.0,0.0,1,0.0,,,,,,,,,,,,,,,,,,,,
0.0,0.0,2.9699993319809437e-05,0.0,0.0,0.0,0.0,2,0.0,,,,,,,,,,,,,,,,,,,,
0.0,0.0,2.8900045435875654e-05,0.0,0.0,0.0,0.0,3,0.0,,,,,,,,,,,,,,,,,,,,
0.0,0.0,1.8400023691356182e-05,0.0,0.0,0.0,0.0,4,0.0,,,,,,,,,,,,,,,,,,,,
0.0,0.0,1.8179600999574177,0.0,0.0,0.0,356.0,5,1.0,1.0,0.0,0.0,0.0,0.0,0.0,-1.0,0.0,0.0,0.0,0.0,1.0,0.0,0.0,0.0,0.0,0.0,435.59805377460884,0.0,435.59805377460884
0.0,0.0,1.8955900000291876,0.0,0.0,0.0,379.0,6,1.0,1.0,0.0,0.0,0.0,0.0,0.0,-1.0,0.0,0.0,0.0,0.0,1.0,0.0,0.0,0.0,0.0,0.0,545.2677254696802,0.0,545.2677254696802
0.0,0.0,1.9789369000354782,0.0,0.0,0.0,407.0,7,1.0,1.0,0.0,0.0,0.0,0.0,0.0,-1.0,0.0,0.0,0.0,0.0,1.0,0.0,0.0,0.0,0.0,0.0,689.7484726385138,0.0,689.7484726385138
0.0,0.0,1.8942213999689557,0.0,0.0,0.0,371.0,8,1.0,1.0,0.0,0.0,0.0,0.0,0.0,-1.0,0.0,0.0,0.0,0.0,1.0,0.0,0.0,0.0,0.0,0.0,768.7659846120116,0.0,768.7659846120116
0.0,0.0,1.7879186000209302,0.0,0.0,0.0,372.0,9,1.0,1.0,0.0,0.0,0.0,0.0,0.0,-1.0,0.0,0.0,0.0,0.0,1.0,0.0,0.0,0.0,0.0,0.0,828.2122862121403,0.0,828.2122862121403
0.0,0.0,1.8305975999683142,0.0,0.0,0.0,368.0,10,1.0,1.0,0.0,0.0,0.0,0.0,0.0,-1.0,0.0,0.0,0.0,0.0,1.0,0.0,0.0,0.0,0.0,0.0,797.5906383934371,0.0,797.5906383934371
0.0,0.0,1.801710500032641,0.0,0.0,0.0,352.0,11,1.0,1.0,0.0,0.0,0.0,0.0,0.0,-1.0,0.0,0.0,0.0,0.0,1.0,0.0,0.0,0.0,0.0,0.0,801.0878367749197,0.0,801.0878367749197
0.0,0.0,1.757841799990274,0.0,0.0,0.0,369.0,12,1.0,1.0,0.0,0.0,0.0,0.0,0.0,-1.0,0.0,0.0,0.0,0.0,1.0,0.0,0.0,0.0,0.0,0.0,778.2364078007749,0.0,778.2364078007749
0.0,0.0,1.7176417000009678,0.0,0.0,0.0,359.0,13,1.0,1.0,0.0,0.0,0.0,0.0,0.0,-1.0,0.0,0.0,0.0,0.0,1.0,0.0,0.0,0.0,0.0,0.0,782.3267009255046,0.0,782.3267009255046
0.0,0.0,1.7268419999745674,0.0,0.0,0.0,369.0,14,1.0,1.0,0.0,0.0,0.0,0.0,0.0,-1.0,0.0,0.0,0.0,0.0,1.0,0.0,0.0,0.0,0.0,0.0,775.9805630370847,0.0,775.9805630370847
0.0,0.0,1.767942900012713,0.0,0.0,0.0,379.0,15,1.0,1.0,0.0,0.0,0.0,0.0,0.0,-1.0,0.0,0.0,0.0,0.0,1.0,0.0,0.0,0.0,0.0,0.0,782.5594425156411,0.0,782.5594425156411
0.0,0.0,1.7209975000005215,0.0,0.0,0.0,364.0,16,1.0,1.0,0.0,0.0,0.0,0.0,0.0,-1.0,0.0,0.0,0.0,0.0,1.0,0.0,0.0,0.0,0.0,0.0,777.7089914701133,0.0,777.7089914701133
0.0,0.0,1.9930209000012837,0.0,0.0,0.0,403.0,17,1.0,1.0,0.0,0.0,0.0,0.0,0.0,-1.0,0.0,0.0,0.0,0.0,1.0,0.0,0.0,0.0,0.0,0.0,787.5911596011838,0.0,787.5911596011838
0.0,0.0,1.8885539000038989,0.0,0.0,0.0,381.0,18,1.0,1.0,0.0,0.0,0.0,0.0,0.0,-1.0,0.0,0.0,0.0,0.0,1.0,0.0,0.0,0.0,0.0,0.0,794.2713831433903,0.0,794.2713831433903
0.0,0.0,2.0022019000025466,0.0,0.0,0.0,411.0,19,1.0,1.0,0.0,0.0,0.0,0.0,0.0,-1.0,0.0,0.0,0.0,0.0,1.0,0.0,0.0,0.0,0.0,0.0,811.7725302492584,0.0,811.7725302492584
0.0,0.0,1.9178730000276119,0.0,0.0,0.0,393.0,20,1.0,1.0,0.0,0.0,0.0,0.0,0.0,-1.0,0.0,0.0,0.0,0.0,1.0,0.0,0.0,0.0,0.0,0.0,814.0590178988712,0.0,814.0590178988712
0.0,0.0,2.01089699997101,0.0,0.0,0.0,409.0,21,1.0,1.0,0.0,0.0,0.0,0.0,0.0,-1.0,0.0,0.0,0.0,0.0,1.0,0.0,0.0,0.0,0.0,0.0,825.3371084296436,0.0,825.3371084296436
0.0,0.0,2.0759784000110812,0.0,0.0,0.0,398.0,22,1.0,1.0,0.0,0.0,0.0,0.0,0.0,-1.0,0.0,0.0,0.0,0.0,1.0,0.0,0.0,0.0,0.0,0.0,829.3804601950798,0.0,829.3804601950798
0.0,0.0,2.044542099989485,0.0,0.0,0.0,394.0,23,1.0,1.0,0.0,0.0,0.0,0.0,0.0,-1.0,0.0,0.0,0.0,0.0,1.0,0.0,0.0,0.0,0.0,0.0,839.5388226884193,0.0,839.5388226884193
0.0,0.0,1.9809892000048421,0.0,0.0,0.0,393.0,24,1.0,1.0,0.0,0.0,0.0,0.0,0.0,-1.0,0.0,0.0,0.0,0.0,1.0,0.0,0.0,0.0,0.0,0.0,845.1518641219653,0.0,845.1518641219653
0.0,0.0,2.0981566999689676,0.0,0.0,0.0,412.0,25,1.0,1.0,0.0,0.0,0.0,0.0,0.0,-1.0,0.0,0.0,0.0,0.0,1.0,0.0,0.0,0.0,0.0,0.0,869.4212540162832,0.0,869.4212540162832
0.0,0.0,1.9701143999700435,0.0,0.0,0.0,381.0,26,1.0,1.0,0.0,0.0,0.0,0.0,0.0,-1.0,0.0,0.0,0.0,0.0,1.0,0.0,0.0,0.0,0.0,0.0,781.1841704832927,0.0,781.1841704832927
0.0,0.0,1.9098703000345267,0.0,0.0,0.0,376.0,27,1.0,1.0,0.0,0.0,0.0,0.0,0.0,-1.0,0.0,0.0,0.0,0.0,1.0,0.0,0.0,0.0,0.0,0.0,625.820745836668,0.0,625.820745836668
0.0,0.0,1.8638923999969848,0.0,0.0,0.0,381.0,28,1.0,1.0,0.0,0.0,0.0,0.0,0.0,-1.0,0.0,0.0,0.0,0.0,1.0,0.0,0.0,0.0,0.0,0.0,451.61377732147207,0.0,451.61377732147207
0.0,0.0,1.908530700020492,0.0,0.0,0.0,352.0,29,1.0,1.0,0.0,0.0,0.0,0.0,0.0,-1.0,0.0,0.0,0.0,0.0,1.0,0.0,0.0,0.0,0.0,0.0,364.15068922250003,0.0,364.15068922250003
0.0,0.0,1.7652909000171348,0.0,0.0,0.0,366.0,30,1.0,1.0,0.0,0.0,0.0,0.0,0.0,-1.0,0.0,0.0,0.0,0.0,1.0,0.0,0.0,0.0,0.0,0.0,286.6171970840751,0.0,286.6171970840751
0.0,0.0,1.7194730999763124,0.0,0.0,0.0,338.0,31,1.0,1.0,0.0,0.0,0.0,0.0,0.0,-1.0,0.0,0.0,0.0,0.0,1.0,0.0,0.0,0.0,0.0,0.0,259.6064277719845,0.0,259.6064277719845
0.0,0.0,1.7810373000102118,0.0,0.0,0.0,367.0,32,1.0,1.0,0.0,0.0,0.0,0.0,0.0,-1.0,0.0,0.0,0.0,0.0,1.0,0.0,0.0,0.0,0.0,0.0,260.0680944533627,0.0,260.0680944533627
0.0,0.0,1.7774138000095263,0.0,0.0,0.0,356.0,33,1.0,1.0,0.0,0.0,0.0,0.0,0.0,-1.0,0.0,0.0,0.0,0.0,1.0,0.0,0.0,0.0,0.0,0.0,269.6304628160853,0.0,269.6304628160853
0.0,0.0,1.8509948999853805,0.0,0.0,0.0,369.0,34,1.0,1.0,0.0,0.0,0.0,0.0,0.0,-1.0,0.0,0.0,0.0,0.0,1.0,0.0,0.0,0.0,0.0,0.0,263.9240278141724,0.0,263.9240278141724
0.0,0.0,1.897323100012727,0.0,0.0,0.0,360.0,35,1.0,1.0,0.0,0.0,0.0,0.0,0.0,-1.0,0.0,0.0,0.0,0.0,1.0,0.0,0.0,0.0,0.0,0.0,269.4136267102541,0.0,269.4136267102541
0.0,0.0,2.0427584999706596,0.0,0.0,0.0,369.0,36,1.0,1.0,0.0,0.0,0.0,0.0,0.0,-1.0,0.0,0.0,0.0,0.0,1.0,0.0,0.0,0.0,0.0,0.0,263.92812982545036,0.0,263.92812982545036
0.0,0.0,1.8917705999920145,0.0,0.0,0.0,360.0,37,1.0,1.0,0.0,0.0,0.0,0.0,0.0,-1.0,0.0,0.0,0.0,0.0,1.0,0.0,0.0,0.0,0.0,0.0,269.43879160407806,0.0,269.43879160407806
0.0,0.0,1.8185821000370197,0.0,0.0,0.0,369.0,38,1.0,1.0,0.0,0.0,0.0,0.0,0.0,-1.0,0.0,0.0,0.0,0.0,1.0,0.0,0.0,0.0,0.0,0.0,263.9683181875585,0.0,263.9683181875585
0.0,0.0,1.774414199986495,0.0,0.0,0.0,360.0,39,1.0,1.0,0.0,0.0,0.0,0.0,0.0,-1.0,0.0,0.0,0.0,0.0,1.0,0.0,0.0,0.0,0.0,0.0,269.44007937320265,0.0,269.44007937320265
0.0,0.0,1.798441399994772,0.0,0.0,0.0,369.0,40,1.0,1.0,0.0,0.0,0.0,0.0,0.0,-1.0,0.0,0.0,0.0,0.0,1.0,0.0,0.0,0.0,0.0,0.0,263.96852607023453,0.0,263.96852607023453
0.0,0.0,1.7315379000501707,0.0,0.0,0.0,360.0,41,1.0,1.0,0.0,0.0,0.0,0.0,0.0,-1.0,0.0,0.0,0.0,0.0,1.0,0.0,0.0,0.0,0.0,0.0,269.440145771432,0.0,269.440145771432
0.0,0.0,1.82213770004455,0.0,0.0,0.0,369.0,42,1.0,1.0,0.0,0.0,0.0,0.0,0.0,-1.0,0.0,0.0,0.0,0.0,1.0,0.0,0.0,0.0,0.0,0.0,263.9685326766478,0.0,263.9685326766478
0.0,0.0,1.7428629000205547,0.0,0.0,0.0,360.0,43,1.0,1.0,0.0,0.0,0.0,0.0,0.0,-1.0,0.0,0.0,0.0,0.0,1.0,0.0,0.0,0.0,0.0,0.0,269.44015040715107,0.0,269.44015040715107
0.0,0.0,1.8135992999887094,0.0,0.0,0.0,369.0,44,1.0,1.0,0.0,0.0,0.0,0.0,0.0,-1.0,0.0,0.0,0.0,0.0,1.0,0.0,0.0,0.0,0.0,0.0,263.968533255354,0.0,263.968533255354
0.0,0.0,1.8479099000105634,0.0,0.0,0.0,360.0,45,1.0,1.0,0.0,0.0,0.0,0.0,0.0,-1.0,0.0,0.0,0.0,0.0,1.0,0.0,0.0,0.0,0.0,0.0,269.4401507540308,0.0,269.4401507540308
0.0,0.0,1.8630067000049166,0.0,0.0,0.0,369.0,46,1.0,1.0,0.0,0.0,0.0,0.0,0.0,-1.0,0.0,0.0,0.0,0.0,1.0,0.0,0.0,0.0,0.0,0.0,263.96853330139686,0.0,263.96853330139686
0.0,0.0,1.7811078999657184,0.0,0.0,0.0,360.0,47,1.0,1.0,0.0,0.0,0.0,0.0,0.0,-1.0,0.0,0.0,0.0,0.0,1.0,0.0,0.0,0.0,0.0,0.0,269.44015077889577,0.0,269.44015077889577
0.0,0.0,1.8447707999730483,0.0,0.0,0.0,369.0,48,1.0,1.0,0.0,0.0,0.0,0.0,0.0,-1.0,0.0,0.0,0.0,0.0,1.0,0.0,0.0,0.0,0.0,0.0,263.9685333047111,0.0,263.9685333047111
0.0,0.0,1.8447546000243165,0.0,0.0,0.0,360.0,49,1.0,1.0,0.0,0.0,0.0,0.0,0.0,-1.0,0.0,0.0,0.0,0.0,1.0,0.0,0.0,0.0,0.0,0.0,269.44015078066576,0.0,269.44015078066576
0.0,0.0,1.8844303999794647,0.0,0.0,0.0,369.0,50,1.0,1.0,0.0,0.0,0.0,0.0,0.0,-1.0,0.0,0.0,0.0,0.0,1.0,0.0,0.0,0.0,0.0,0.0,263.9685333048847,0.0,263.9685333048847
0.0,0.0,1.8147859000018798,0.0,0.0,0.0,360.0,51,1.0,1.0,0.0,0.0,0.0,0.0,0.0,-1.0,0.0,0.0,0.0,0.0,1.0,0.0,0.0,0.0,0.0,0.0,269.4401507807847,0.0,269.4401507807847
0.0,0.0,1.7961603999719955,0.0,0.0,0.0,369.0,52,1.0,1.0,0.0,0.0,0.0,0.0,0.0,-1.0,0.0,0.0,0.0,0.0,1.0,0.0,0.0,0.0,0.0,0.0,263.96853330489887,0.0,263.96853330489887
0.0,0.0,1.7667522000265308,0.0,0.0,0.0,360.0,53,1.0,1.0,0.0,0.0,0.0,0.0,0.0,-1.0,0.0,0.0,0.0,0.0,1.0,0.0,0.0,0.0,0.0,0.0,269.440150780793,0.0,269.440150780793
0.0,0.0,1.7395876999944448,0.0,0.0,0.0,369.0,54,1.0,1.0,0.0,0.0,0.0,0.0,0.0,-1.0,0.0,0.0,0.0,0.0,1.0,0.0,0.0,0.0,0.0,0.0,263.96853330489995,0.0,263.96853330489995
0.0,0.0,1.658317600027658,0.0,0.0,0.0,360.0,55,1.0,1.0,0.0,0.0,0.0,0.0,0.0,-1.0,0.0,0.0,0.0,0.0,1.0,0.0,0.0,0.0,0.0,0.0,269.44015078079354,0.0,269.44015078079354
0.0,0.0,1.8088849000050686,0.0,0.0,0.0,369.0,56,1.0,1.0,0.0,0.0,0.0,0.0,0.0,-1.0,0.0,0.0,0.0,0.0,1.0,0.0,0.0,0.0,0.0,0.0,263.9685333049,0.0,263.9685333049
0.0,0.0,1.7483352999552153,0.0,0.0,0.0,360.0,57,1.0,1.0,0.0,0.0,0.0,0.0,0.0,-1.0,0.0,0.0,0.0,0.0,1.0,0.0,0.0,0.0,0.0,0.0,269.4401507807936,0.0,269.4401507807936
0.0,0.0,1.8704459000146016,0.0,0.0,0.0,369.0,58,1.0,1.0,0.0,0.0,0.0,0.0,0.0,-1.0,0.0,0.0,0.0,0.0,1.0,0.0,0.0,0.0,0.0,0.0,263.96853330490006,0.0,263.96853330490006
0.0,0.0,1.7559450000408106,0.0,0.0,0.0,360.0,59,1.0,1.0,0.0,0.0,0.0,0.0,0.0,-1.0,0.0,0.0,0.0,0.0,1.0,0.0,0.0,0.0,0.0,0.0,269.4401507807936,0.0,269.4401507807936
0.0,0.0,1.985882400011178,0.0,0.0,0.0,369.0,60,1.0,1.0,0.0,0.0,0.0,0.0,0.0,-1.0,0.0,0.0,0.0,0.0,1.0,0.0,0.0,0.0,0.0,0.0,263.96853330490006,0.0,263.96853330490006
0.0,0.0,1.8292803000076674,0.0,0.0,0.0,360.0,61,1.0,1.0,0.0,0.0,0.0,0.0,0.0,-1.0,0.0,0.0,0.0,0.0,1.0,0.0,0.0,0.0,0.0,0.0,269.4401507807936,0.0,269.4401507807936
0.0,0.0,1.746485399955418,0.0,0.0,0.0,369.0,62,1.0,1.0,0.0,0.0,0.0,0.0,0.0,-1.0,0.0,0.0,0.0,0.0,1.0,0.0,0.0,0.0,0.0,0.0,263.96853330490006,0.0,263.96853330490006
0.0,0.0,1.7564324999693781,0.0,0.0,0.0,360.0,63,1.0,1.0,0.0,0.0,0.0,0.0,0.0,-1.0,0.0,0.0,0.0,0.0,1.0,0.0,0.0,0.0,0.0,0.0,269.4401507807936,0.0,269.4401507807936
0.0,0.0,1.769333700009156,0.0,0.0,0.0,369.0,64,1.0,1.0,0.0,0.0,0.0,0.0,0.0,-1.0,0.0,0.0,0.0,0.0,1.0,0.0,0.0,0.0,0.0,0.0,263.96853330490006,0.0,263.96853330490006
0.0,0.0,1.867936099995859,0.0,0.0,0.0,360.0,65,1.0,1.0,0.0,0.0,0.0,0.0,0.0,-1.0,0.0,0.0,0.0,0.0,1.0,0.0,0.0,0.0,0.0,0.0,269.4401507807936,0.0,269.4401507807936
0.0,0.0,1.7698239000164904,0.0,0.0,0.0,369.0,66,1.0,1.0,0.0,0.0,0.0,0.0,0.0,-1.0,0.0,0.0,0.0,0.0,1.0,0.0,0.0,0.0,0.0,0.0,263.96853330490006,0.0,263.96853330490006
0.0,0.0,1.845128900022246,0.0,0.0,0.0,360.0,67,1.0,1.0,0.0,0.0,0.0,0.0,0.0,-1.0,0.0,0.0,0.0,0.0,1.0,0.0,0.0,0.0,0.0,0.0,269.4401507807936,0.0,269.4401507807936
0.0,0.0,1.8051405999576673,0.0,0.0,0.0,369.0,68,1.0,1.0,0.0,0.0,0.0,0.0,0.0,-1.0,0.0,0.0,0.0,0.0,1.0,0.0,0.0,0.0,0.0,0.0,263.96853330490006,0.0,263.96853330490006
0.0,0.0,1.9905497999861836,0.0,0.0,0.0,360.0,69,1.0,1.0,0.0,0.0,0.0,0.0,0.0,-1.0,0.0,0.0,0.0,0.0,1.0,0.0,0.0,0.0,0.0,0.0,269.4401507807936,0.0,269.4401507807936
0.0,0.0,1.8790929000242613,0.0,0.0,0.0,369.0,70,1.0,1.0,0.0,0.0,0.0,0.0,0.0,-1.0,0.0,0.0,0.0,0.0,1.0,0.0,0.0,0.0,0.0,0.0,263.96853330490006,0.0,263.96853330490006
0.0,0.0,1.7665501000010408,0.0,0.0,0.0,360.0,71,1.0,1.0,0.0,0.0,0.0,0.0,0.0,-1.0,0.0,0.0,0.0,0.0,1.0,0.0,0.0,0.0,0.0,0.0,269.4401507807936,0.0,269.4401507807936
0.0,0.0,1.903037599986419,0.0,0.0,0.0,369.0,72,1.0,1.0,0.0,0.0,0.0,0.0,0.0,-1.0,0.0,0.0,0.0,0.0,1.0,0.0,0.0,0.0,0.0,0.0,263.96853330490006,0.0,263.96853330490006
0.0,0.0,1.8856429999577813,0.0,0.0,0.0,360.0,73,1.0,1.0,0.0,0.0,0.0,0.0,0.0,-1.0,0.0,0.0,0.0,0.0,1.0,0.0,0.0,0.0,0.0,0.0,269.4401507807936,0.0,269.4401507807936
0.0,0.0,1.9074065999593586,0.0,0.0,0.0,369.0,74,1.0,1.0,0.0,0.0,0.0,0.0,0.0,-1.0,0.0,0.0,0.0,0.0,1.0,0.0,0.0,0.0,0.0,0.0,263.96853330490006,0.0,263.96853330490006
0.0,0.0,1.7500160999479704,0.0,0.0,0.0,360.0,75,1.0,1.0,0.0,0.0,0.0,0.0,0.0,-1.0,0.0,0.0,0.0,0.0,1.0,0.0,0.0,0.0,0.0,0.0,269.4401507807936,0.0,269.4401507807936
0.0,0.0,1.8943512000259943,0.0,0.0,0.0,369.0,76,1.0,1.0,0.0,0.0,0.0,0.0,0.0,-1.0,0.0,0.0,0.0,0.0,1.0,0.0,0.0,0.0,0.0,0.0,263.96853330490006,0.0,263.96853330490006
0.0,0.0,1.7922972000087611,0.0,0.0,0.0,360.0,77,1.0,1.0,0.0,0.0,0.0,0.0,0.0,-1.0,0.0,0.0,0.0,0.0,1.0,0.0,0.0,0.0,0.0,0.0,269.4401507807936,0.0,269.4401507807936
0.0,0.0,1.8783318999921903,0.0,0.0,0.0,369.0,78,1.0,1.0,0.0,0.0,0.0,0.0,0.0,-1.0,0.0,0.0,0.0,0.0,1.0,0.0,0.0,0.0,0.0,0.0,263.96853330490006,0.0,263.96853330490006
0.0,0.0,1.8114816000452265,0.0,0.0,0.0,360.0,79,1.0,1.0,0.0,0.0,0.0,0.0,0.0,-1.0,0.0,0.0,0.0,0.0,1.0,0.0,0.0,0.0,0.0,0.0,269.4401507807936,0.0,269.4401507807936
