boundary_queue_in_A_left,boundary_queue_in_A_top,boundary_queue_in_B_top,boundary_queue_in_C_right,boundary_queue_in_C_top,boundary_queue_in_D_left,boundary_queue_in_F_right,boundary_queue_out_A_left,boundary_queue_out_A_top,boundary_queue_out_B_top,boundary_queue_out_C_right,boundary_queue_out_C_top,boundary_queue_out_D_left,boundary_queue_out_F_right,flow_FW_E_mean,flow_FW_W_mean,freeway_vehicles,lambda_eff_FW_E_last,lambda_eff_FW_E_mean,lambda_eff_FW_W_last,lambda_eff_FW_W_mean,movement_queue_A_E_to_N,movement_queue_A_E_to_S,movement_queue_A_E_to_W,movement_queue_A_N_to_E,movement_queue_A_N_to_S,movement_queue_A_N_to_W,movement_queue_A_S_to_E,movement_queue_A_S_to_N,movement_queue_A_S_to_W,movement_queue_A_W_to_E,movement_queue_A_W_to_N,movement_queue_A_W_to_S,movement_queue_B_E_to_N,movement_queue_B_E_to_S,movement_queue_B_E_to_W,movement_queue_B_N_to_E,movement_queue_B_N_to_S,movement_queue_B_N_to_W,movement_queue_B_S_to_E,movement_queue_B_S_to_N,movement_queue_B_S_to_W,movement_queue_B_W_to_E,movement_queue_B_W_to_N,movement_queue_B_W_to_S,movement_queue_C_E_to_N,movement_queue_C_E_to_S,movement_queue_C_E_to_W,movement_queue_C_N_to_E,movement_queue_C_N_to_S,movement_queue_C_N_to_W,movement_queue_C_S_to_E,movement_queue_C_S_to_N,movement_queue_C_S_to_W,movement_queue_C_W_to_E,movement_queue_C_W_to_N,movement_queue_C_W_to_S,movement_queue_D_E_to_N,movement_queue_D_E_to_W,movement_queue_D_E_to_onE,movement_queue_D_E_to_onW,movement_queue_D_N_to_E,movement_queue_D_N_to_W,movement_queue_D_N_to_onE,movement_queue_D_N_to_onW,movement_queue_D_W_to_E,movement_queue_D_W_to_N,movement_queue_D_W_to_onE,movement_queue_D_W_to_onW,movement_queue_D_offE_to_E,movement_queue_D_offE_to_N,movement_queue_D_offE_to_W,movement_queue_D_offW_to_E,movement_queue_D_offW_to_N,movement_queue_D_offW_to_W,movement_queue_E_E_to_N,movement_queue_E_E_to_W,movement_queue_E_N_to_E,movement_queue_E_N_to_W,movement_queue_E_W_to_E,movement_queue_E_W_to_N,movement_queue_F_E_to_N,movement_queue_F_E_to_W,movement_queue_F_E_to_onE,movement_queue_F_E_to_onW,movement_queue_F_N_to_E,movement_queue_F_N_to_W,movement_queue_F_N_to_onE,movement_queue_F_N_to_onW,movement_queue_F_W_to_E,movement_queue_F_W_to_N,movement_queue_F_W_to_onE,movement_queue_F_W_to_onW,movement_queue_F_offE_to_E,movement_queue_F_offE_to_N,movement_queue_F_offE_to_W,movement_queue_F_offW_to_E,movement_queue_F_offW_to_N,movement_queue_F_offW_to_W,ramp_queue_R_D_E,ramp_queue_R_D_W,ramp_queue_R_F_E,ramp_queue_R_F_W,rho_FW_E_mean,rho_FW_W_mean,speed_FW_E_mean,speed_FW_W_mean,step,storage_available_A_left_out,storage_available_A_to_B,storage_available_A_to_D,storage_available_A_top_out,storage_available_B_to_A,storage_available_B_to_C,storage_available_B_to_E,storage_available_B_top_out,storage_available_C_right_out,storage_available_C_to_B,storage_available_C_to_F,storage_available_C_top_out,storage_available_D_R_E,storage_available_D_R_W,storage_available_D_left_out,storage_available_D_to_A,storage_available_D_to_E,storage_available_E_to_B,storage_available_E_to_D,storage_available_E_to_F,storage_available_F_R_E,storage_available_F_R_W,storage_available_F_right_out,storage_available_F_to_C,storage_available_F_to_E,storage_available_OR_D_E_storage,storage_available_OR_D_W_storage,storage_available_OR_F_E_storage,storage_available_OR_F_W_storage,time_sec,urban_protected_accumulation_veh,urban_vehicles
9.667623815695624,0.8680555555555556,0.0,10.296976192621122,1.1323531740669441,1.243885445397675,2.905274837098891,0.843852035787431,2.400926688565208,7.667991169986545,0.36892361111111116,2.0464662703775014,1.8227326498592382,0.8731149411456458,3429.0009991499023,3345.423670505343,155.79011749051256,1.9995581286009079,1.999852709533636,1.9995906680236353,1.9998635560078784,0.0,0.0,0.5454579385652087,0.2170138888888889,0.4340277777777778,0.2170138888888889,0.08138020833333334,0.16276041666666669,0.08138020833333334,5.191291271898541,2.2381662718985416,2.2381662718985416,4.269199404627847,4.269199404627847,8.538398809255694,0.0,0.0,0.0,0.0,0.0,0.0,6.797583530717396,3.398791765358698,3.398791765358698,1.8728551592663902,1.8728551592663902,6.551265874088342,0.2821180555555556,0.5681170629558329,0.2821180555555556,0.08680555555555555,0.1736111111111111,0.08680555555555555,0.0,0.0,0.0,0.0,0.0,0.0,0.0,1.2550710818635238,1.2550710818635238,6.1026857351578805,4.741574624046763,1.243885445397675,0.0,0.0,0.0,0.28993891381426007,0.5798778276285201,0.28993891381426007,0.2777226541814545,0.555445308362909,0.2777226541814545,0.0,0.0,0.0,0.0,0.0,0.0,0.0,2.905274837098891,0.0,0.0,0.30545337314993126,0.30545337314993126,5.863827310063253,4.502716198952145,0.0,0.0,1.1448581704322216,0.5129137259877814,0.28993891381426007,0.5798778276285201,0.28993891381426007,0.2777226541814545,0.555445308362909,0.2777226541814545,4.348958333333336,3.717013888888889,4.236111111111111,4.236111111111111,23.848444085760576,22.572622487562388,72.0602246086984,74.18475102382683,0,208.46212460523188,202.5364583333333,205.60188154967636,210.43695099412082,211.0655381944445,211.22829861111117,205.41775173611092,216.8760850694444,206.26736111111117,200.65063293704418,201.00479960371067,208.66104960371075,180.0,180.0,212.41142312843203,208.28275617647043,198.71524257287643,202.05114264124816,202.6540263074383,202.10544966714323,180.0,180.0,210.79545794934637,207.87042978758154,196.10101350490183,116.32389430809192,116.45228909314781,116.32389430809192,116.45228909314781,180.0,344.8042662410916,88.53525191313543
0.09678259599224776,9.713429697622734,10.596468761042976,0.22923845550528482,16.07131095424852,0.2733904086762973,0.31754236184730983,5.776550867164404,6.69638688551744,5.366055551293028,6.871198663167438,5.706741849210616,7.684854154042705,6.572442542379494,3223.061724697443,3081.8527682335844,142.08717328516087,1.999455504240239,1.999818501413413,1.9994822430182544,1.9998274143394184,0.0,0.0,0.0,2.4283574244056836,4.856714848811367,2.4283574244056836,3.34819344275872,6.69638688551744,3.34819344275872,0.09678259599224776,0.0,0.0,0.0,0.0,0.0,2.649117190260744,5.298234380521488,2.649117190260744,2.683027775646514,5.366055551293028,2.683027775646514,0.0,0.0,0.0,0.0,0.0,0.22923845550528482,4.01782773856213,8.03565547712426,4.01782773856213,2.853370924605308,5.706741849210616,2.853370924605308,0.0,0.0,0.0,0.0,0.22743055555555552,0.3091430352890951,0.25969284773756124,4.239460788420042,4.239460788420042,25.334577043985345,22.19325918101903,0.2733904086762973,0.0,0.0,0.0,1.6366081082401565,3.273216216480313,1.6366081082401565,1.5813547018269514,3.1627094036539027,1.5813547018269514,0.0,0.0,0.0,0.0,0.0,0.0,0.0,0.31754236184730983,0.0,0.0,3.7938469449366297,3.7938469449366297,18.542090848933057,15.400772985966732,0.22743055555555552,0.0,0.33386812906486213,0.2844179415133283,1.298262553483288,2.596525106966576,1.298262553483288,1.2529024884040214,2.505804976808043,1.2529024884040214,1.4180604618494659,1.368610274297932,1.4648615322107394,1.4154113446592054,24.004781400157082,21.473682280493815,68.6211627583147,73.07732184597647,1,203.7203269934954,206.05880097313786,204.0840106510605,205.69511731557253,201.97866971048728,204.95405698976913,204.5721365688917,202.36059013136483,205.2825622722091,203.54224954894772,203.73919853127776,205.0856132898788,180.0,180.0,207.97232946397233,208.98627642148438,206.43863019176865,202.8199276021743,198.56443760060438,197.97599392707022,180.0,180.0,205.668742678871,204.25125918207704,201.96065797284422,115.99175566855081,116.10070187913227,115.99175566855081,116.10070187913227,360.0,425.23985344535896,195.09234180612867
11.957651264537066,0.0,0.0,10.393281933568938,1.1673092508693628,0.0,1.64090706660173,5.5342116484631365,5.730275461053797,6.330253806513143,4.349283666929555,3.5849020462307433,3.8918705833194553,0.9341887575986636,3414.4311192873306,3307.728855239197,167.43223065895415,1.999461304431386,1.999820434810462,1.999501622941991,1.999833874313997,2.7671058242315683,2.7671058242315683,5.5342116484631365,0.0,0.0,0.0,0.0,0.0,0.0,6.031311990892608,2.963169636822229,2.963169636822229,3.444550141921033,3.444550141921033,6.96889576832441,0.0,0.0,0.0,0.0,0.0,0.0,5.77140732918422,2.88570366459211,2.88570366459211,2.127437625624435,2.127437625624435,6.138406682320069,0.2918273127173407,0.5836546254346814,0.2918273127173407,0.16711389062566184,0.3342277812513237,0.16711389062566184,3.8903424635865527,1.1232366393549844,1.1232366393549844,0.0,0.0,0.0,0.0,2.5742455792690255,2.5742455792690255,38.581355817802496,33.629810685795604,0.0,0.0,0.0,0.0,0.6682921297575541,1.3365842595151083,0.6682921297575541,0.6493328742928758,1.2986657485857516,0.6493328742928758,0.0,0.0,0.0,0.0,0.0,0.0,0.0,1.64090706660173,0.0,0.0,0.2869204818302257,0.2869204818302257,20.45528093875598,15.503735806749141,0.0,0.0,1.1727052689061865,0.5190120884193441,0.3298453200872011,0.6596906401744022,0.3298453200872011,0.3174229556812368,0.6348459113624736,0.3174229556812368,1.5401355974022248,1.4395674157888645,5.297043847941055,5.297043847941055,27.173528861891715,24.118026441181133,63.64007940351133,69.160196955104,2,205.22542958350635,206.397741857918,206.1891501845154,205.42703328766646,202.25786122016848,204.7829512096085,203.63672916762118,206.29427622434144,201.5999395523766,202.0744305437586,198.8158294367194,201.33114004346766,180.0,180.0,201.81594258027445,201.86919692270303,198.0606863396584,197.81050393831586,197.95968848161914,199.1952719335388,180.0,180.0,201.56510161938044,202.00201789149452,197.52312221695618,115.97502398729159,116.1205783296843,115.97502398729159,116.1205783296843,540.0,450.83116168417365,191.8774606757402
0.11306153561333737,10.951645625503119,9.856481062952806,0.24995710593212622,15.423567589250224,0.2955889627050559,0.3412208194779856,6.561084438307564,7.646346063863569,5.526843646367771,6.67190138728764,5.632018979950168,9.438585807132277,6.684784800712612,3323.098665795232,3172.971370647028,152.0183492599217,1.999446154992087,1.9998153849973626,1.9994731684887606,1.9998243894962535,0.0,0.0,0.0,2.7379114063757797,5.475822812751559,2.7379114063757797,3.8231730319317845,7.646346063863569,3.8231730319317845,0.11306153561333737,0.0,0.0,0.0,0.0,0.0,2.4641202657382015,4.928240531476403,2.4641202657382015,2.7634218231838856,5.526843646367771,2.7634218231838856,0.0,0.0,0.0,0.0,0.0,0.24995710593212622,3.855891897312556,7.711783794625112,3.855891897312556,2.816009489975084,5.632018979950168,2.816009489975084,0.0,0.0,0.0,0.16456698669545472,0.7180228622797984,0.45002352434577636,0.39891584476009506,5.411735487390419,5.411735487390419,59.6821845489719,52.89076295188039,0.2955889627050559,0.0,0.0,0.0,1.6823508798712303,3.3647017597424607,1.6823508798712303,1.62647657759083,3.25295315518166,1.62647657759083,0.0,0.0,0.0,0.0,0.0,0.0,0.0,0.3412208194779856,0.0,0.0,4.045559417892137,4.045559417892137,38.495807324366865,31.70438572727553,0.0,0.0,0.27461228637883156,0.22350460679315037,1.34392963645399,2.8486929524788502,1.34392963645399,1.2952957463664858,2.743707792490129,1.2952957463664858,1.4485124501427489,1.3974047705570674,1.4174449183400468,1.3663372387543653,26.48160772837852,22.320157007867163,64.55655298255742,72.36355833373835,3,203.86109927915098,205.5106680216803,204.39049403430587,204.9812732665253,200.90920175200156,202.92969688780389,202.3486638906451,201.04246963363357,205.32192157513066,202.19898663506316,203.2630929040887,204.2578153061053,180.0,180.0,208.91547846886544,208.90619218986637,205.9058648950784,201.47481160571368,199.91174749026578,198.76693176964744,180.0,180.0,205.92542315657656,204.47463606204911,201.21166068435107,115.97041062052627,116.07655003444641,115.97041062052627,116.07655003444641,720.0,440.91170756186807,302.86547789656873
12.358312854152965,0.0,0.0,15.834822420437101,0.0,0.0,0.0,4.973388998410983,5.546022917535536,6.342185871663111,5.2008611035599,6.494121266018188,3.867719002224418,4.448028220630215,3420.1525493302374,3288.555816150982,163.54777802575614,1.9994492955069547,1.9998164318356515,1.999502393130413,1.999834131043471,2.4866944992054916,2.4866944992054916,4.973388998410983,0.0,0.0,0.0,0.0,0.0,0.0,6.239656017492875,3.0593284183300447,3.0593284183300447,3.4658016131434737,3.4658016131434737,6.931603226286947,0.0,0.0,0.0,0.0,0.0,0.0,5.752768517039275,2.8763842585196375,2.8763842585196375,3.8936907142382378,3.8936907142382378,8.047440991960626,0.0,0.0,0.0,0.0,0.0,0.0,5.2008611035599,2.60043055177995,2.60043055177995,0.0,0.0,0.0,0.0,2.5721903517925893,2.5721903517925893,72.57491680401266,63.914523664086666,0.0,0.0,0.0,0.0,0.6594322378344186,1.3188644756688372,0.6594322378344186,0.63609641259741,1.27219282519482,0.63609641259741,0.0,0.0,0.0,0.0,0.0,0.0,0.0,0.0,0.0,0.0,3.1524995701983864,3.1524995701983864,55.204584282961946,46.544191143036194,0.0,0.0,0.0,0.0,0.6594322378344186,1.3188644756688372,0.6594322378344186,0.63609641259741,1.27219282519482,0.63609641259741,1.5765681778290854,1.472736425449399,1.6488087934125144,1.544977041032828,28.525775430484135,23.914830941653467,60.6783701170856,69.07478547413955,4,204.02657091248938,205.48691883705123,205.73687737323152,205.1550177947444,200.18644520985418,202.64070854573572,203.55115945770822,205.7723820662033,203.28830133345295,202.50596532036906,202.92914493379007,204.96731619080097,180.0,180.0,200.92667896009013,201.21182730375264,197.52116337771795,197.79910664870812,198.51057042693586,197.94408639539938,180.0,180.0,201.05043810871683,201.3814216821398,195.6370091777547,115.93629258694644,116.12561121773075,115.93629258694644,116.12561121773075,900.0,465.1779350720299,333.96220390671834
0.12873671468418052,11.29364953250333,10.164284579252996,0.2699073338404721,12.23478699354528,0.3169642068925694,0.36402107994466665,6.6202740651582115,7.593723364064759,5.549690860850564,6.573321086471705,7.029248676170771,8.892327270758253,10.017015129925456,3338.861269712046,3147.138356661802,148.35180930604875,1.999459258204502,1.999819752734834,1.9994977631572501,1.9998325877190835,0.0,0.0,0.0,2.8234123831258326,5.646824766251665,2.8234123831258326,3.7968616820323793,7.593723364064759,3.7968616820323793,0.12873671468418052,0.0,0.0,0.0,0.0,0.0,2.541071144813249,5.082142289626498,2.541071144813249,2.774845430425282,5.549690860850564,2.774845430425282,0.0,0.0,0.0,0.0,0.0,0.2699073338404721,3.05869674838632,6.11739349677264,3.05869674838632,3.5146243380853854,7.029248676170771,3.5146243380853854,0.0,0.0,0.0,0.0,0.0,0.2726737558278875,0.21997005800953856,5.6134229115961185,5.6134229115961185,94.6152396261702,84.0575133647838,0.3169642068925694,0.0,0.0,0.0,1.678279424636526,3.356558849273052,1.678279424636526,1.6006249345256087,3.2012498690512174,1.6006249345256087,0.0,0.0,0.0,0.0,0.0,0.0,0.0,0.36402107994466665,0.0,0.0,6.73811077076332,6.73811077076332,79.9506644435516,69.39293818216535,0.0,0.0,0.29542510126351645,0.24272140344516752,1.678279424636526,3.356558849273052,1.678279424636526,1.6006249345256087,3.2012498690512174,1.6006249345256087,1.4026746693280856,1.349970971509737,1.449657863458072,1.3969541656397233,26.219079479050794,21.37031151111877,65.33400256487731,74.64900702924855,5,203.6010076056546,205.05643903790326,204.02585741499556,204.63158922856238,200.14004146707995,202.24031826798821,202.33965287904945,200.14342843340728,203.4920495290668,200.7918474983309,201.54795376592693,203.31821834908027,180.0,180.0,208.39433720687202,208.4517294712956,205.39285903457798,199.8989713606082,197.4153843761768,197.90409826201653,180.0,180.0,209.12313344039705,208.35785063492648,204.26349408132768,115.99456085220065,116.15017083670608,115.99456085220065,116.15017083670608,1080.0,456.45990331713074,455.0991244160687
12.738994150791777,0.0,0.0,16.319325888886507,0.0,0.0,0.0,5.552753682070305,5.927068770558513,6.065129414893409,5.787139643132533,6.903541368232361,4.085577965175038,4.624822642737237,3439.29916393924,3316.8973739202142,166.83201586104653,1.99944456490212,1.9998148549673733,1.999497453971502,1.9998324846571673,2.7763768410351526,2.7763768410351526,5.552753682070305,0.0,0.0,0.0,0.0,0.0,0.0,6.437610291745058,3.15069192952336,3.15069192952336,2.9797094155221417,2.9797094155221417,5.9594188310442835,0.0,0.0,0.0,0.0,0.0,0.0,6.170839998742534,3.085419999371267,3.085419999371267,4.009971546666095,4.009971546666095,8.299382795554317,0.0,0.0,0.0,0.0,0.0,0.0,5.787139643132533,2.8935698215662664,2.8935698215662664,0.0,0.0,0.0,0.0,2.7829734421961394,2.7829734421961394,109.61399302972015,97.13148042593392,0.0,0.0,0.0,0.0,0.6641897357351602,1.3283794714703203,0.6641897357351602,0.6384147872437391,1.2768295744874782,0.6384147872437391,0.0,0.0,0.0,0.0,0.0,0.0,0.0,0.0,0.0,0.0,3.3222181197583374,3.3222181197583374,97.54620696457037,85.06369436078427,0.0,0.0,0.0,0.0,0.6641897357351602,1.3283794714703203,0.6641897357351602,0.6384147872437391,1.2768295744874782,0.6384147872437391,1.6319564143769707,1.5250238397992077,1.70635052535406,1.599417950776298,29.221653735108863,24.24063485854755,59.62894433672229,68.8048792317315,6,204.67896467158673,205.38785120741795,205.37348835921318,205.0922448915067,200.44867533232883,203.07968989535686,203.29131307602714,205.68454568618805,203.15127259222993,200.01767750196746,202.7306250083169,204.46021534110122,180.0,180.0,202.5430818247717,201.9632871174806,197.03087860531386,195.75417350925417,196.26583830835466,197.27546837390375,180.0,180.0,200.7462853538922,201.188706816955,195.06468350120116,115.91898280808203,116.10549444381857,115.91898280808203,116.10549444381857,1260.0,474.29360213954993,487.98521843840643
0.14342215827311616,11.614059210807383,10.452653289726644,0.2885978984082083,13.840087226212132,0.33698981178657256,0.3853817251649367,6.632108925944741,7.45718824648579,6.152286660373491,7.123718025172,7.327392437237933,9.086928303642749,10.237244591791312,3386.3071236442324,3220.913486268948,158.49411134635238,1.99945778519903,1.99981926173301,1.9994821092020247,1.9998273697340083,0.0,0.0,0.0,2.903514802701846,5.807029605403692,2.903514802701846,3.728594123242895,7.45718824648579,3.728594123242895,0.14342215827311616,0.0,0.0,0.0,0.0,0.0,2.613163322431661,5.226326644863322,2.613163322431661,2.8862905772330754,6.152286660373491,2.8862905772330754,0.0,0.0,0.0,0.0,0.0,0.2885978984082083,3.460021806553033,6.920043613106066,3.460021806553033,3.6636962186189663,7.327392437237933,3.6636962186189663,0.0,0.0,0.0,0.0,0.0,0.2914947146918681,0.2372957717081003,5.777345411567608,5.777345411567608,132.49428121273877,118.0606066615372,0.33698981178657256,0.0,0.0,0.0,1.6872289949734234,3.3744579899468468,1.6872289949734234,1.622353897101718,3.244707794203436,1.622353897101718,0.0,0.0,0.0,0.0,0.0,0.0,0.0,0.3853817251649367,0.0,0.0,6.927661699716169,6.927661699716169,123.1415016124077,108.70782706120623,0.0,0.0,0.3149564195315719,0.2607574765478043,1.6872289949734234,3.3744579899468468,1.6872289949734234,1.622353897101718,3.244707794203436,1.622353897101718,1.431557685936942,1.3773587429531746,1.4798695043362624,1.425670561352495,28.42519114744205,22.507036187007476,61.41555011495959,72.68070946614658,7,202.81827359236914,204.40157788936065,203.52936791691332,203.6904835648157,199.67174586933726,201.83166598706705,201.86764457349176,200.49080807555782,203.5472222483924,200.65023056850822,201.57151741977873,202.94048283408188,180.0,180.0,208.2098877939117,208.16480743931743,204.9122445171221,199.43271396425192,196.90887300719308,197.35207016400872,180.0,180.0,208.77565983218366,208.07183843368398,203.7508385960413,115.98719765555624,116.08647213865785,115.98719765555624,116.08647213865785,1440.0,466.64341266563963,613.950618792204
13.090321517521469,0.0,0.0,16.766469810178837,0.0,0.0,0.0,5.613520446625518,6.041770720851245,6.061696800154601,5.854325710502393,7.044448943027451,4.177536918344757,4.955762481411334,3413.5024490442047,3382.9361142650305,183.3164106057866,1.9994501743432918,1.9998167247810972,1.9994751903066288,1.9998250634355428,2.806760223312759,2.806760223312759,5.613520446625518,0.0,0.0,0.0,0.0,0.0,0.0,6.620300522444497,3.235010497538486,3.235010497538486,2.855576108702218,2.855576108702218,5.711152217404436,0.0,0.0,0.0,0.0,0.0,0.0,6.4122413829047655,3.2061206914523828,3.2061206914523828,4.117286087776255,4.117286087776255,8.531897634626329,0.0,0.0,0.0,0.0,0.0,0.0,5.854325710502393,2.9271628552511966,2.9271628552511966,0.0,0.0,0.0,0.0,2.8665867699703407,2.8665867699703407,148.33938115695327,131.92940928361932,0.0,0.0,0.0,0.0,0.6602433164126409,1.3204866328252818,0.6602433164126409,0.6507068319617751,1.3014136639235503,0.6507068319617751,0.0,0.0,0.0,0.0,0.0,0.0,0.0,0.0,0.0,0.0,3.6448123330369184,3.6448123330369184,141.8883067362307,125.47833486289682,0.0,0.0,0.0,0.0,0.6602433164126409,1.3204866328252818,0.6602433164126409,0.6507068319617751,1.3014136639235503,0.6507068319617751,1.6751549897219613,1.5653606940479279,1.7515352982572123,1.6417410025831787,33.252861318283735,25.6479004673034,52.374176106986596,66.41355893693925,8,203.86562623828974,205.1924742521819,205.02367552854807,204.84403313257525,199.75091273379743,202.40621480274666,203.39752514740897,205.7336981602003,201.96266420633688,198.63882170990823,203.2092150373468,204.43587483976302,180.0,180.0,202.0762712622286,201.59196918088136,196.46529439405643,195.15145478461102,195.36467039720452,196.39911330391408,180.0,180.0,200.73308269756814,201.05295157034286,194.43558986999878,115.94552555989652,116.02435563676656,115.94552555989652,116.02435563676656,1620.0,485.0219832646488,648.1851022752845
0.1567562620207919,11.708933675491712,11.252478644794007,0.3055685759052503,13.271505953160592,0.35517268053340306,0.4127207332978895,6.6524898849387135,7.548538649764049,6.9586420227603805,6.798945952820225,7.1146835908086725,9.220154595245162,10.402377302696673,3254.5328468746998,3301.026446324204,188.76899249835097,1.9995289118958282,1.9998429706319427,1.9994654063038184,1.9998218021012726,0.0,0.0,0.0,2.910895799267515,5.887142076956683,2.910895799267515,3.7415940856711982,7.548538649764049,3.7415940856711982,0.1567562620207919,0.0,0.0,0.0,0.0,0.0,2.75874412236828,5.734990400057447,2.75874412236828,3.3705699337197466,6.9586420227603805,3.3705699337197466,0.0,0.0,0.0,0.0,0.0,0.3055685759052503,3.241604157415889,6.788297638328814,3.241604157415889,3.5573417954043363,7.1146835908086725,3.5573417954043363,0.0,0.0,0.0,0.0,0.0,0.30859926768468,0.253042670501149,5.926879859535029,5.926879859535029,171.9879002884079,153.57789091646654,0.35517268053340306,0.0,0.0,0.0,1.6377522064474839,3.2755044128949677,1.6377522064474839,1.6555225292626499,3.3110450585252997,1.6555225292626499,0.0,0.0,0.0,0.0,0.0,0.0,0.007943948136333534,0.40477678516155596,0.0,0.0,7.1091025669865395,7.1091025669865395,168.0991594813874,149.6891501094471,0.0,0.0,0.3332773097371859,0.2777207125536549,1.6377522064474839,3.2755044128949677,1.6377522064474839,1.6555225292626499,3.3110450585252997,1.6555225292626499,1.4578190361142158,1.402262438930685,1.5532877837677272,1.497731186584196,36.81042795695698,24.148554475614713,46.47881175830802,69.670297809556,9,202.7817914143602,203.8855513582879,203.04937970709904,203.2253441364054,199.56440544850616,201.78158492848362,201.79471928791173,200.4738343559432,202.98159331887743,199.69207297948273,200.8035715301445,202.175184091713,180.0,180.0,207.83710452861578,207.93337704311872,204.4758556671981,198.45455505111195,195.42412612185055,197.2235277272202,180.0,180.0,208.41820082399838,207.69918999123402,205.22980160056636,116.26598182731911,116.01992400490995,116.26598182731911,116.01992400490995,1800.0,475.9024558550609,777.3689159130371
13.403644108584471,0.0,0.0,17.16524401698629,0.0,0.0,0.0,5.649484126692925,6.134949982740069,6.15345469468931,5.799948123028997,7.1129659589245415,4.095512135652674,4.916110055610659,2204.4726027617394,3432.9785900812262,256.42585212796916,1.999704634320335,1.9999015447734452,1.999453955397697,1.9998179851325657,2.8247420633464624,2.8247420633464624,5.649484126692925,0.0,0.0,0.0,0.0,0.0,0.0,6.783228269797259,3.3102079193936063,3.3102079193936063,2.8792002300967106,2.8792002300967106,5.758400460193421,0.0,0.0,0.0,0.0,0.0,0.0,6.548508929185198,3.274254464592599,3.274254464592599,4.212991897410043,4.212991897410043,8.739260222166203,0.0,0.0,0.0,0.0,0.0,0.0,5.799948123028997,2.8999740615144987,2.8999740615144987,0.0,0.0,0.0,0.0,2.9071913538508856,2.9071913538508856,188.54744053362663,168.11519505092824,0.0,0.0,0.0,0.0,0.5267390179580597,1.0534780359161193,0.5267390179580597,0.6615817638437289,1.3231635276874578,0.6615817638437289,0.0,0.0,0.006410224210539717,0.006410224210539717,0.0,0.0,0.0,0.0,0.0,0.0,3.7277892738088703,3.7277892738088703,187.65331662736395,167.2210711446666,0.0,0.0,0.0,0.0,0.5267390179580597,1.0534780359161193,0.5267390179580597,0.6615817638437289,1.3231635276874578,0.6615817638437289,1.7135941211747436,1.6012476705771426,1.7917444226569632,1.6793979720593626,55.77952980754039,27.440004082193052,18.8173379950583,63.16837293816991,10,203.27197297792569,204.8534395110686,204.56001553995793,204.45776181397267,199.09606107779783,201.81720006902069,205.0955797190666,207.4177581477551,201.30248477029082,198.0154133374947,202.7543022271822,204.05177145268922,180.0,180.0,202.10400137832454,201.78507481548579,196.1711880609626,194.66933190348445,193.61015526875636,194.6712601507255,180.0,180.0,200.59140062951903,201.16503342786538,194.09310213136666,117.0720022810846,115.94937578132172,117.0720022810846,115.94937578132172,1980.0,488.70496670083105,812.4079427185121
0.16841069603958664,11.963212235901779,11.506757205204071,0.32040149192917083,13.57452123764926,0.3710650905590323,0.43814858933889606,6.592453757999935,7.30132711568146,7.1622327237167145,6.730249405857164,6.825782854638216,8.561941738695978,9.788208014843255,1402.6464982395419,3364.112907218292,373.17140045932916,1.9999537072622493,1.9999845690874165,1.9994549859980515,1.9998183286660172,0.0,0.0,0.0,2.9744654393700314,6.014281357161716,2.9744654393700314,3.6179883186299033,7.30132711568146,3.6179883186299033,0.16841069603958664,0.0,0.0,0.0,0.0,0.0,2.822313762470796,5.862129680262479,2.822313762470796,3.472365284197913,7.1622327237167145,3.472365284197913,0.0,0.0,0.0,0.0,0.0,0.32040149192917083,3.317357978538056,6.939805280573148,3.317357978538056,3.412891427319108,6.825782854638216,3.412891427319108,0.0,0.0,0.0,0.0,0.0,0.32356624394488337,0.26682301347943843,6.058647958328391,6.058647958328391,212.90785276627673,190.4328509868229,0.3710650905590323,0.0,0.0,0.0,0.8213811844486494,1.6427623688972988,0.8213811844486494,1.681912595918937,3.363825191837874,1.681912595918937,0.0,0.0,0.0,0.0,0.0,0.0,0.016419900150002387,0.42172868918889367,0.0,0.0,7.284914234475669,7.284914234475669,214.63756961456497,192.16256783511218,0.0,0.0,0.34877138426323934,0.2920281537977946,0.8213811844486494,1.6427623688972988,0.8213811844486494,1.681912595918937,3.363825191837874,1.681912595918937,1.4808120782621184,1.424068847796673,1.578400825074459,1.5216575946090143,96.07567341927461,26.316856919054473,7.2278059144419515,65.51426346094469,11,202.3921312646423,203.51940702857556,202.69070372991146,202.82093161290044,199.2639588044101,202.02827344458578,201.46113698458552,200.26609957505258,202.6368802116675,199.27373817466628,200.40175186224025,201.81395584759028,180.0,180.0,207.5638874154567,208.10902455936335,204.09443782658283,199.6141298205006,196.20316201387186,197.05487713201273,180.0,180.0,208.1587681293199,207.6676715654208,202.8785114594656,118.87667001782509,115.97665135179172,118.87667001782509,115.97665135179172,2160.0,469.3892261808231,938.723853927763
13.671246881930747,0.0,0.0,17.505829364881556,0.0,0.0,0.0,5.622657876832344,6.185761523412884,6.18681776283158,5.622657876832344,7.106061319321078,3.8212754582565087,4.652970863466242,1970.638291035816,3451.718549881702,551.9269612502401,1.9999430426369578,1.9999810142123193,1.9994411652235395,1.99981372174118,2.811328938416172,2.811328938416172,5.622657876832344,0.0,0.0,0.0,0.0,0.0,0.0,6.922381711937322,3.3744325849967125,3.3744325849967125,2.895655230198478,2.895655230198478,5.791310460396956,0.0,0.0,0.0,0.0,0.0,0.0,6.582325065266203,3.2911625326331015,3.2911625326331015,4.2947323809049065,4.2947323809049065,8.916364603071742,0.0,0.0,0.0,0.0,0.0,0.0,5.622657876832344,2.811328938416172,2.811328938416172,0.0,0.0,0.0,0.0,2.9549190236779697,2.9549190236779697,230.09249177337307,205.55601845108438,0.0,0.0,0.0,0.0,0.199946436345583,0.399892872691166,0.199946436345583,0.6664099982329559,1.3328199964659118,0.6664099982329559,0.0,0.0,0.08362372106860394,0.08362372106860394,0.0,0.0,0.0,0.0,0.0,0.0,3.7866144288877033,3.7866144288877033,234.84619255157173,210.30971922928512,0.0,0.0,0.0,0.0,0.199946436345583,0.399892872691166,0.199946436345583,0.6664099982329559,1.3328199964659118,0.6664099982329559,6.193093698315178,1.6319356479771985,6.683855913253604,1.7115961546945697,148.5186466202314,30.055002693421198,6.575343792474832,58.24904036279321,12,203.3367222118409,204.92394454583987,204.23766823644644,205.2592110281122,198.65982824402033,201.4381774077015,204.8396194845809,207.16731687457676,201.45269899530885,197.97795732901562,202.32486537211767,204.75136653303986,180.0,180.0,203.07600919219067,204.1409873843769,197.06238712444264,195.2049612665002,193.71734796072937,194.80907657457308,180.0,180.0,201.5665636806887,203.5137773288136,194.96676213225362,118.68768051190516,115.9069530398616,118.68768051190516,115.9069530398616,2340.0,474.2025523718495,979.8005666346792
0.1780984894851088,12.17458227471317,11.718127244015466,0.3327314108598352,13.826403867232827,0.3842757179847442,0.45928559322003515,6.290521644964235,6.591777870204362,7.103658053343465,6.40235611716083,6.049181900888889,8.615978779982667,9.810844140705285,2031.6801560018541,3394.7062014983953,683.1476183673052,1.9999059826093506,1.9999686608697835,1.9994649058913956,1.9998216352971319,0.0,0.0,0.0,3.02730794907288,6.119966376567412,3.02730794907288,3.2632136958913547,6.591777870204362,3.2632136958913547,0.1780984894851088,0.0,0.0,0.0,0.0,0.0,2.875156272173645,5.967814699668177,2.875156272173645,3.4430779490112884,7.103658053343465,3.4430779490112884,0.0,0.0,0.0,0.0,0.0,0.3327314108598352,3.3803286359339477,7.065746595364931,3.3803286359339477,3.022027481226882,6.049181900888889,3.022027481226882,0.0,0.0,0.0,0.0,0.0,0.33602710684440534,0.27829748286450734,6.283654291657413,6.283654291657413,255.14424349198362,228.5295037064187,0.3842757179847442,0.0,0.0,0.0,0.645004820918128,1.290009641836256,0.645004820918128,1.6873196674071258,3.3746393348142516,1.6873196674071258,0.0,0.0,0.0,0.0,0.0,0.0,0.023465568110382085,0.43582002510965306,0.0,0.0,7.47851965238003,7.47851965238003,262.4381621027419,235.82342231717848,0.0,0.0,0.3612798927463304,0.3035502687664326,0.645004820918128,1.290009641836256,0.645004820918128,1.6873196674071258,3.3746393348142516,1.6873196674071258,31.060604251147918,1.442241023393537,32.7101587300795,1.4936825035434813,175.5164873547064,29.96993037073557,5.776125888024867,58.62075888883004,13,202.37470689930072,203.28792034930848,203.02480097027603,202.74731152827283,199.57532354585337,202.3894823420752,201.4755231480261,200.9242870505444,202.60687944669814,198.94568593076534,200.18616428475607,201.67661735463898,180.0,180.0,207.65088214880416,208.03362627920518,203.7773827683658,199.8148355560461,196.39885450689906,196.83895106179034,180.0,180.0,208.44487533340035,207.6536712612123,202.54031939736748,118.32201690824492,116.01145791266222,118.32201690824492,116.01145791266222,2520.0,466.3491490659519,1107.6721908384282
13.886540569157827,0.0,0.0,17.779839512261475,0.0,0.0,0.0,5.5503311335222945,6.201268636692359,6.187574516152222,5.5503311335222945,7.135660383037234,3.901058417715328,5.0430393795668005,2136.443907008477,3313.3892685283276,841.2472242921025,1.9998892948540965,1.9999630982846988,1.999472293017048,1.9998240976723494,2.7751655667611472,2.7751655667611472,5.5503311335222945,0.0,0.0,0.0,0.0,0.0,0.0,7.034334429295403,3.426103069931212,3.426103069931212,2.9002294110312503,2.9002294110312503,5.800458822062501,0.0,0.0,0.0,0.0,0.0,0.0,6.574690210241943,3.2873451051209717,3.2873451051209717,4.360494816276087,4.360494816276087,9.0588498797093,0.0,0.0,0.0,0.0,0.0,0.0,5.5503311335222945,2.7751655667611472,2.7751655667611472,0.0,0.0,0.0,0.0,2.958749589865047,2.958749589865047,272.6424078221708,243.93463052479356,0.0,0.0,0.0,0.0,0.29372562133836894,0.5874512426767379,0.29372562133836894,0.6485832065119118,1.2971664130238236,0.6485832065119118,0.0,0.0,0.10751677854352804,0.10751677854352804,0.0,0.0,0.0,0.0,0.0,0.0,4.10073055171652,4.10073055171652,283.1303043879227,254.4225270905459,0.0,0.0,0.0,0.0,0.29372562133836894,0.5874512426767379,0.29372562133836894,0.6485832065119118,1.2971664130238236,0.6485832065119118,81.80661600899924,1.6566705700800757,84.86280937286257,1.737544308055808,187.72543952285204,36.00977141941766,5.677657017459001,47.12091957907324,14,203.3596595803093,204.66851440546841,203.98140389770165,205.28338772499143,198.42717374896333,201.2526110956959,204.67050908363774,207.01377869835582,201.4825225745025,197.64783005252065,202.01522951802775,204.773053706336,180.0,180.0,202.4209412805324,203.23962090062827,196.42888222678812,195.07795473486203,193.55773474772008,194.60447336579605,180.0,180.0,201.15129359689655,202.68400239327684,194.40168806516837,118.18379089510806,116.03237668874961,118.18379089510806,116.03237668874961,2700.0,482.2494864958558,1154.6203369686027
0.1855810967307862,12.337839160073408,11.881384129375704,0.3422547291725157,14.020951655620445,0.3972744655351939,0.4756112817560589,6.421717570267538,6.772541278130851,7.4170984924316254,6.552282625201152,6.2466340843406,8.676071802916445,10.271882239650655,1980.5713487416213,2954.99464770671,983.9283776517495,1.9998777232302314,1.9999592410767437,1.999622410901496,1.9998741369671655,0.0,0.0,0.0,3.0681221704129387,6.201594819247529,3.0681221704129387,3.3535953998545995,6.772541278130851,3.3535953998545995,0.1855810967307862,0.0,0.0,0.0,0.0,0.0,2.9159704935137043,6.049443142348295,2.9159704935137043,3.5997981685553686,7.4170984924316254,3.5997981685553686,0.0,0.0,0.0,0.0,0.0,0.3422547291725157,3.4289655830308523,7.163020489558741,3.4289655830308523,3.1233170421703,6.2466340843406,3.1233170421703,0.0,0.0,0.0,0.0,0.0,0.34567502858342697,0.2871835391385145,6.3472004781662115,6.3472004781662115,298.11955610544544,267.306085188051,0.3944792733197589,0.002795192215435005,0.0,0.0,0.780147006849288,1.560294013698576,0.780147006849288,1.5487243179009453,3.0974486358018907,1.5487243179009453,0.0,0.0,0.0,0.0,0.0,0.0,0.02890746428905666,0.4467038174670022,0.0,0.0,7.943010914900421,7.943010914900421,311.1880613813007,280.3745904639068,0.0,0.0,0.37165673929668036,0.313165249851768,0.780147006849288,1.560294013698576,0.780147006849288,1.5487243179009453,3.0974486358018907,1.5487243179009453,125.38059701445606,1.4563315064480882,129.6728703785697,1.5571113442470421,198.06109970833404,43.9000923043204,5.0,35.52019212277914,15,202.17398565561632,203.0603770832837,202.8222792416689,202.52369448786527,199.17593254101917,202.03061551376842,201.15981015657295,200.4817422088552,202.40265112805034,198.64872362252157,199.9509131523074,201.40555092176078,180.0,180.0,207.43231351545066,207.81573881122029,203.532497440325,199.8896588319239,196.10255463412955,196.90064356747118,180.0,180.0,208.01705650761082,207.41617702953212,202.2791083807907,118.09057799806799,116.66820404302352,118.09057799806799,116.66820404302352,2880.0,473.0614999462715,1285.7479586740371
14.044223925167394,0.017691908070128548,0.0,17.98052741991002,0.0,0.0,0.577826221638803,5.473298802748339,6.211655465365674,6.280979627885157,5.473298802748339,7.145309315485908,3.693100556842182,5.3585536875833135,2201.2883370327877,1618.5500120656495,1206.914845487707,1.9998652884131625,1.9999550961377208,1.9998528241640712,1.9999509413880237,2.7366494013741693,2.7366494013741693,5.473298802748339,0.0,0.017691908070128548,0.0,0.0,0.011058988617996923,0.0,7.116329774420379,3.463947075373508,3.463947075373508,2.878413221843693,2.878413221843693,5.9551299693368485,0.0,0.0,0.0,0.0,0.0,0.0,6.8051328120829275,3.4025664060414638,3.4025664060414638,4.408659914111738,4.408659914111738,9.163207591686543,0.0,0.0,0.0,0.0,0.0,0.0,5.473298802748339,2.7366494013741693,2.7366494013741693,0.0,0.0,0.0,0.0,2.9800094031943907,2.9800094031943907,315.9786643589037,283.0490366827346,0.0,0.0,0.0,0.0,0.33089147251054857,0.6617829450210971,0.33089147251054857,0.3821996811372427,0.7643993622744853,0.3821996811372427,0.0,0.0,0.7837500299992273,0.7837500299992273,0.0,0.0,0.0,0.0,0.577826221638803,0.0,4.645462533935523,4.645462533935523,332.2263157262321,299.29668805006554,0.0,0.0,2.0099122168453913,0.0,0.33089147251054857,0.6617829450210971,0.33089147251054857,0.3821996811372427,0.7643993622744853,0.3821996811372427,176.9171464977899,1.6748433975467831,180.0,1.7566035190240208,207.04926027127678,75.14589988622622,5.308372972108302,10.353282966319393,16,204.1914050355954,204.8096459426618,203.72497909975144,205.08908022637283,198.0086969169067,200.67410063386401,204.8692407503536,207.40553484291289,200.9720786426163,197.19173884456396,201.51473431364164,204.34851045087325,180.0,180.0,202.71928633769457,203.9007801077522,196.55996826761552,194.9012448214162,193.78809754734453,194.8060128480402,180.0,180.0,201.37731705945163,203.2637049490502,194.60272362930303,118.00096613448946,117.95461848879602,118.00096613448946,117.95461848879602,3060.0,479.11959888588916,1334.9305359098098
0.190674271152881,12.811911034970077,12.645014400911343,0.3487369511642728,14.031377244137099,7.025028613639816,8.651558524498965,6.171315909388255,6.179505627806248,7.6957780943020895,5.7074015822675115,4.56542036404138,7.555146009318857,9.035735422953048,2369.9586722766853,1549.8862709916982,1382.923213075587,1.999853790899662,1.9999512636332206,1.9999568603868296,1.9999856201289432,0.0,0.0,0.0,3.1612536002278357,6.489403834514405,3.1612536002278357,3.0100623091604195,6.179505627806248,3.0100623091604195,0.190674271152881,0.0,0.0,0.0,0.0,0.0,3.1612536002278357,6.3225072004556715,3.1612536002278357,3.8478890471510447,7.6957780943020895,3.8478890471510447,0.0,0.0,0.0,0.0,0.0,0.3487369511642728,3.4246914002468216,7.181994443643456,3.4246914002468216,2.28271018202069,4.56542036404138,2.28271018202069,0.0,0.0,0.0,0.0,0.0,26.740763766461132,0.29326237810486383,6.27223423169645,6.27223423169645,349.4296431725813,306.59787529928064,0.40142451116807004,0.006267811139590573,6.617336291332156,0.0,0.8531795176330055,1.706359035266011,0.8531795176330055,0.42973225998940207,0.8594645199788041,0.42973225998940207,0.0,0.0,0.0,0.0,0.0,0.0,0.032611591141489205,0.4541120711718673,8.164834862185609,0.0,7.752823645330639,7.752823645330639,368.4768150965509,324.7098545646675,0.0,0.0,32.147366211030864,0.31947443920675306,0.8531795176330055,1.706359035266011,0.8531795176330055,0.42973225998940207,0.8594645199788041,0.42973225998940207,180.0,1.465993342503892,180.0,1.5677656968799147,214.8419447868422,125.12713761013924,5.508996078848997,6.145458029104005,17,201.4951578567003,203.04635058759558,202.32053082737875,202.54725526045812,199.59956386581712,202.48303438792487,201.29014898191286,200.79244927182842,202.22650947004018,198.44707375509762,199.72474137899817,201.2814534892883,180.0,180.0,207.37402109785765,207.70324974824433,203.36581173196564,200.6179103369858,196.35603779396584,197.11298079672756,180.0,180.0,207.00691654709703,205.48465776494217,201.16611763328856,117.91761906033422,118.86589704516409,117.91761906033422,118.86589704516409,3240.0,460.02643234273614,1539.454793106206
14.053684493684504,0.168359330431755,0.0,18.1029514854959,0.0,13.749903292880566,15.772906330503938,5.502822982619216,6.195079363257696,6.332818748387878,5.531732905528866,7.203908142616783,3.594866250595892,4.243568171007007,2216.1419648024635,2014.97957507053,1555.93894403438,1.9998449170274923,1.999948305675831,1.9999206496204323,1.9999735498734774,2.7369565298547833,2.7369565298547833,5.502822982619216,0.0,0.168359330431755,0.0,0.0,0.0,0.0,7.137438826878679,3.458122833402912,3.458122833402912,2.912853451368138,2.912853451368138,5.825706902736276,0.0,0.0,0.0,0.0,0.0,0.0,6.839930594039481,3.4199652970197403,3.4199652970197403,4.43804168985235,4.43804168985235,9.226868105791201,0.0,0.0,0.0,0.0,0.0,0.0,5.531732905528866,2.765866452764433,2.765866452764433,0.0,0.0,55.475602501185094,0.0,2.9989181511354057,2.9989181511354057,383.2244854389486,322.706901998962,0.0,0.0,13.749903292880566,0.0,0.3545728225777774,0.7091456451555548,0.3545728225777774,0.24137527688270866,0.4827505537654173,0.24137527688270866,0.0,0.0,0.0,0.0,0.0,0.0,0.0,0.0,15.772906330503938,0.0,3.6476200715465206,3.6476200715465206,405.3755479719119,342.05238655617393,0.0,0.0,61.71523619480684,0.0,0.3545728225777774,0.7091456451555548,0.3545728225777774,0.24137527688270866,0.4827505537654173,0.24137527688270866,180.0,14.310880059940803,180.0,17.516013154035242,221.6197828747846,166.4252564742176,5.0,6.027651498703364,18,204.55073474773184,205.40825549004953,203.7329955944509,206.10709661388498,197.96763318917124,200.85701618978374,204.19416718405714,206.33718514745087,201.62984037524868,197.76269668048764,201.60191462825927,205.7261594609999,180.0,180.0,202.59636475959906,205.08227265582735,197.23105299159005,195.24245021685036,192.97893575132503,194.7227806820476,180.0,180.0,201.91429228126032,204.88172995139408,195.89338932929923,117.85383901230612,118.45982928606487,117.85383901230612,118.45982928606487,3420.0,466.3858375704752,1697.8301036829707
0.19325260189384424,12.870509460901063,12.701268889805084,0.3520184630164079,14.095366725253733,21.30733322403737,23.88601677558975,6.203144213480067,6.05565398205759,7.605334984258073,5.603063149747584,4.326272317517412,7.911041426188762,9.000339536448312,2286.1626407478457,1951.8596891553514,1695.3842032951497,1.9998364093721621,1.9999454697907206,1.9998978041863817,1.9999659347287941,0.0,0.0,0.0,3.1753172224512727,6.519875015998518,3.1753172224512727,3.027826991028795,6.05565398205759,3.027826991028795,0.19325260189384424,0.0,0.0,0.0,0.0,0.0,3.175317222451271,6.350634444902542,3.175317222451271,3.8026674921290367,7.605334984258073,3.8026674921290367,0.0,0.0,0.0,0.0,0.0,0.3520184630164079,3.4399269909888774,7.215512743275978,3.4399269909888774,2.163136158758706,4.326272317517412,2.163136158758706,0.0,0.0,0.0,0.0,0.0,84.87263011225126,0.29638431857369424,6.302936135944385,6.302936135944385,416.8295833075862,346.4004089163355,0.40494041672392905,0.008025763917520079,20.894367043395924,0.0,0.9079523671831766,1.8159047343663532,0.9079523671831766,0.7001529230611996,1.4003058461223992,0.7001529230611996,0.0,0.0,0.0,0.0,0.0,0.0,0.03448674077128061,0.4578623704314501,23.393667664387017,0.0,7.3922342462039365,7.3922342462039365,441.73444510982,367.56450008423263,0.0,0.0,91.82466384367554,0.3226303742309156,0.9079523671831766,1.8159047343663532,0.9079523671831766,0.7001529230611996,1.4003058461223992,0.7001529230611996,180.0,51.474831985823734,180.0,56.77760930401656,227.45080407540993,181.60218574847488,5.025233339210268,5.368906548366367,19,201.8855637009888,203.092794491988,202.41891217435688,202.72868658971174,199.92677969615556,202.80538818231807,201.4119921487346,201.32017572973785,202.40851587491295,198.35880799660978,199.76283846733617,201.34014416548354,180.0,180.0,207.4729839567807,207.71054031103577,203.28142999862476,200.68241119897522,196.84121059587045,196.86445762864705,180.0,180.0,207.16314577305965,205.5177687868087,201.07611045105824,117.79714073262156,118.25625287648508,117.79714073262156,118.25625287648508,3600.0,460.0522605165101,1911.4807178611209
14.086013286826606,0.1695349229096499,0.0,18.144097222222225,0.0,28.04280454339588,31.018667664387074,5.481560353940084,6.279398736856496,6.321190024138307,5.510470276849734,7.203151805091534,3.5867920904988067,4.309913894510382,2324.2793826471984,2002.4308040205167,1842.5185358692515,1.9998288071436243,1.9999429357145413,1.9998846279028262,1.9999615426342754,2.7263252155152173,2.7263252155152173,5.481560353940084,0.0,0.1695349229096499,0.0,0.0,0.08719177758426222,0.0,7.154249799312573,3.465881743757017,3.465881743757017,2.91942584208408,2.91942584208408,5.83885168416816,0.0,0.0,0.0,0.0,0.0,0.0,6.803528364108453,3.4017641820542264,3.4017641820542264,4.447916666666667,4.447916666666667,9.24826388888889,0.0,0.0,0.0,0.0,0.0,0.0,5.510470276849734,2.755235138424867,2.755235138424867,0.0,0.0,113.59697237527963,0.0,2.9090241354850104,2.9090241354850104,450.572632875704,362.45290292889723,0.0,0.0,28.04280454339588,0.0,0.37327408651114674,0.7465481730222935,0.37327408651114674,0.3044938685026497,0.6089877370052994,0.3044938685026497,0.0,0.0,0.0,0.0,0.0,0.0,0.0,0.0,31.018667664387074,0.0,3.6321459394965854,3.6321459394965854,478.6752717710789,384.94438587276477,0.0,0.0,121.4757677558841,0.0,0.37327408651114674,0.7465481730222935,0.37327408651114674,0.3044938685026497,0.6089877370052994,0.3044938685026497,180.0,101.06455162298151,180.0,109.66728446318223,232.43439540212339,191.5045329556618,5.0,5.222194303881212,20,204.2148706579313,205.1047004400305,203.3909284575729,205.67742288065685,198.01151754376795,200.9049519716881,204.15646822372975,206.43178962153362,201.54361930526483,197.5129379220769,201.5432624402922,205.3182101807144,180.0,180.0,202.2890133594616,204.40699586844755,196.88400159840137,195.4029686988814,193.35237978307842,194.47943524562243,180.0,180.0,201.5919538183455,204.20609831189455,194.68248717039293,117.74642220356593,118.15026735075196,117.74642220356593,118.15026735075196,3780.0,472.9321943944604,2069.010638222231
0.19325260189384424,12.70126888980509,11.48064342952354,0.3520184630164079,15.13567876035106,35.60023447455274,39.13177810947288,6.312385453300795,6.274136461699046,7.038362015183287,6.67053175712196,5.773224134068391,8.040893332749503,9.426722054490071,2428.960979530188,2220.7337215082603,1965.3755368828358,1.9998217260488844,1.999940575349628,1.9998734155529003,1.9999578051843,0.0,0.0,0.0,3.1753172224512727,6.350634444902545,3.1753172224512727,3.137068230849523,6.274136461699046,3.137068230849523,0.19325260189384424,0.0,0.0,0.0,0.0,0.0,2.857785500206144,5.765072429111252,2.857785500206144,3.3258509043761775,7.038362015183287,3.3258509043761775,0.0,0.0,0.0,0.0,0.0,0.3520184630164079,3.783919690087765,7.56783938017553,3.783919690087765,2.8866120670341955,5.773224134068391,2.8866120670341955,0.0,0.0,0.0,0.0,0.0,143.02535705232893,0.29647248800953635,6.299615566534583,6.299615566534583,484.2596330610318,386.22831216296095,0.40494041672392905,0.008025763917520079,35.187268293911295,0.0,0.9496998263102164,1.8993996526204329,0.9496998263102164,0.7915779399047034,1.5831558798094068,0.7915779399047034,0.0,0.0,0.0,0.0,0.0,0.0,0.03448674077128061,0.4578623704314501,38.639428998270155,0.0,7.685444288275152,7.685444288275152,515.0451993927385,411.4027225431602,0.0,0.0,151.63966048140068,0.32282875546156037,0.9496998263102164,1.8993996526204329,0.9496998263102164,0.7915779399047034,1.5831558798094068,0.7915779399047034,180.0,142.98489216682708,180.0,152.77307437141104,236.61209638675209,199.9380568427769,5.131645807543849,5.544227293310549,21,201.77985370269428,203.09065611127878,202.19788579446794,202.67262401950094,198.93954301222414,201.83943304815347,200.7328035265377,200.48233416896866,202.7958961356103,198.84536726175557,200.06557560201108,201.57568779535276,180.0,180.0,207.3734767829374,207.6607867241146,203.2814299986246,200.1496983111051,196.3495030468273,196.693855128487,180.0,180.0,208.00316473254708,207.34056725443025,202.01130310964336,117.70051627898269,118.0621088710549,117.70051627898269,118.0621088710549,3960.0,464.27843128746196,2286.500187520517
14.0401230225883,0.1728798207971557,0.0,18.1029514854959,0.0,44.69735762930918,49.99671615309208,5.524968182642854,6.203258856320115,6.29228548059728,5.558398595917905,7.2172409878113015,3.686209231013143,4.422318122774006,2399.8499024275616,2070.7076512676267,2061.1672661085563,1.9998151539938471,1.9999383846646157,1.9998648530663516,1.999954951022117,2.7457688846839017,2.7457688846839017,5.524968182642854,0.0,0.1728798207971557,0.0,0.0,0.003887628598703119,0.0,7.132918336513278,3.453602343037511,3.453602343037511,2.8944433795121,2.8944433795121,5.7888867590242,0.0,0.0,0.0,0.0,0.0,0.0,6.79568420217036,3.39784210108518,3.39784210108518,4.43804168985235,4.43804168985235,9.226868105791201,0.0,0.0,0.0,0.0,0.0,0.0,5.558398595917905,2.7791992979589524,2.7791992979589524,0.0,0.0,171.7430226291335,8.955597671662177,2.966392816137101,2.966392816137101,518.0179189032253,403.5245552105735,0.0,0.0,42.319835295459704,2.377522333849474,0.3884090667232088,0.7768181334464176,0.3884090667232088,0.33140734815283324,0.6628146963056665,0.33140734815283324,0.0,0.0,0.39541996626260567,0.39541996626260567,0.0,0.0,0.0,0.0,46.247500466588356,3.7492156865037245,3.7025017078979636,3.7025017078979636,552.0100665828318,437.6240364362994,0.0,0.0,181.30002912300156,13.098160824983003,0.3884090667232088,0.7768181334464176,0.3884090667232088,0.33140734815283324,0.6628146963056665,0.33140734815283324,180.0,180.0,180.0,180.0,239.9922287440296,207.07531620353038,5.0,5.0,22,204.5176766836523,205.01432932517739,203.61380260108956,205.65870680238743,198.05290300590903,200.95088903104264,204.55789521640423,206.87034400052823,201.29484325640217,197.38535061888211,201.8409748891176,205.3521632544548,180.0,180.0,202.20872780993724,204.18630869621154,196.77145603668302,194.71080268165827,193.20605232156058,194.90298569374374,180.0,180.0,201.2796829427306,203.86957009056553,195.4192117879482,117.65853096943852,117.99607678345258,117.65853096943852,117.99607678345258,4140.0,474.2196007425694,2480.4769084874306
0.190674271152881,12.816431525335476,11.528928093956491,0.3487369511642728,13.934527822854298,59.3306911526421,65.65745709649899,6.35354934750144,6.387864518956212,7.135687976964035,5.805923683372339,4.762464566251035,8.119713802725574,9.20349335774842,2452.8614075430505,2154.4143483562452,2086.9884824925502,1.9998093560119736,1.9999364520039913,1.9998563568582897,1.9999521189527634,0.0,0.0,0.0,3.1612536002278357,6.4939243248798055,3.1612536002278357,3.1922957472736044,6.387864518956212,3.1922957472736044,0.190674271152881,0.0,0.0,0.0,0.0,0.0,2.845128240205052,5.838671613546387,2.845128240205052,3.325926195027375,7.135687976964035,3.325926195027375,0.0,0.0,0.0,0.0,0.0,0.3487369511642728,3.4246914002468216,7.0851450223606545,3.4246914002468216,2.3812322831255175,4.762464566251035,2.3812322831255175,0.0,0.0,0.0,0.0,0.0,201.06379856983685,36.15201119301207,6.286297702017417,6.286297702017417,551.5310881682108,434.9133620562049,0.40142451116807004,0.006267811139590573,49.43265589597234,9.490342934362108,0.9842689670303956,1.9685379340607911,0.9842689670303956,0.8491471336777611,1.6982942673555221,0.8491471336777611,0.0,0.0,0.0,0.0,0.0,0.0,0.032611591141489205,0.4541120711718673,53.8345091071351,11.33622432705053,7.370077257040263,7.370077257040263,588.1783579938201,471.66796542793264,0.0,0.0,211.3336667763082,41.007436058936804,0.9842689670303956,1.9685379340607911,0.9842689670303956,0.8491471336777611,1.6982942673555221,0.8491471336777611,180.0,180.0,180.0,180.0,242.62063095861086,213.05473240129638,5.054507463506405,5.055802121594309,23,201.76006104880167,203.1636172932809,202.3988695609512,202.6994989299607,198.93470143480704,201.82781676635602,200.8613876648733,200.53338125633343,202.30195462075145,198.4651745085012,199.65656415636795,201.34632719474968,180.0,180.0,207.34398275765832,207.68823057814532,203.36581173196532,200.33207099456956,196.59022575557628,196.66338423807457,180.0,180.0,207.1365292962721,205.6989798653385,201.26579478382686,117.62237046902828,117.935909591345,117.62237046902828,117.935909591345,4320.0,466.91407967889717,2777.720137394672
13.943932685342242,0.16938199035184476,0.0,17.98052741991002,0.0,73.09369141140792,80.28613885399724,5.528878176584994,6.180640690657348,6.260297115517513,5.562308589860045,7.189814209041761,3.7069114211928893,4.438962615136337,2445.5444375408842,2180.091815262749,2107.69087584109,1.9998046327873593,1.9999348775957866,1.9998495990127576,1.9999498663375859,2.747723881654972,2.747723881654972,5.528878176584994,0.0,0.16938199035184476,0.0,0.0,0.002400146903918543,0.0,7.082899361145328,3.4305166620984573,3.4305166620984573,2.885771984844866,2.885771984844866,5.771543969689732,0.0,0.0,0.0,0.0,0.0,0.0,6.749050261345293,3.3745251306726467,3.3745251306726467,4.408659914111738,4.408659914111738,9.163207591686543,0.0,0.0,0.0,0.0,0.0,0.0,5.562308589860045,2.7811542949300225,2.7811542949300225,0.0,0.0,229.63479579385523,62.606851658256886,2.957163826762207,2.957163826762207,585.1018411973769,466.3679583265992,0.0,0.0,56.5180021865091,16.57568922489881,0.3999194681970826,0.7998389363941651,0.3999194681970826,0.34982812623359966,0.6996562524671993,0.34982812623359966,0.0,0.0,0.42438420354483664,0.42438420354483664,0.0,0.0,0.0,0.0,61.39221181704091,18.89392703695634,3.6892150207056544,3.6892150207056544,624.9368256227482,506.3102762980868,0.0,0.0,240.8223465101429,68.37995903399741,0.3999194681970826,0.7998389363941651,0.3999194681970826,0.34982812623359966,0.6996562524671993,0.34982812623359966,180.0,180.0,180.0,180.0,244.56229718314535,218.01450019712402,5.0,5.0,24,204.55470129427425,205.05446514153627,203.71735680310243,205.63564030497494,198.11428633291243,200.99344205848232,204.73348087371176,206.91874904332818,201.31326127385447,197.50936156771218,201.9654305417085,205.29107821572288,180.0,180.0,201.97683373681562,203.95943960988015,196.7882344324548,195.29217354777344,193.7779759657891,194.89759728267617,180.0,180.0,201.26231562743212,203.74958530902958,194.60399924729782,117.59327768138405,117.88764249762643,117.59327768138405,117.88764249762643,4500.0,474.26079001756955,3036.9665653881325
0.1855810967307862,12.700677561196958,11.423360478662165,0.3422547291725157,13.80812449401504,87.59159279669886,95.80241885015944,6.361866099666457,6.458061279327259,7.08657793325277,5.815649276288798,4.84210781343598,8.146744896611086,9.220900355032423,2458.7432813883593,2296.849521381568,2123.6689515454673,1.9998009170712874,1.9999336390237623,1.9998431874535105,1.9999477291511703,0.0,0.0,0.0,3.133472648834591,6.433732263527776,3.133472648834591,3.2283934508318657,6.458061279327259,3.2283934508318657,0.1855810967307862,0.0,0.0,0.0,0.0,0.0,2.820125383951132,5.7831097107598985,2.820125383951132,3.3013711731717432,7.08657793325277,3.3013711731717432,0.0,0.0,0.0,0.0,0.0,0.3422547291725157,3.3945953695708075,7.018933754873425,3.3945953695708075,2.42105390671799,4.84210781343598,2.42105390671799,0.0,0.0,0.0,0.0,0.0,258.72185868034376,89.58822092472832,6.247837094795914,6.247837094795914,618.3461789695472,497.5066024787549,0.3944792733197589,0.002795192215435005,63.56831564638704,23.626002684776623,1.008409425885662,2.016818851771324,1.008409425885662,0.8904983759295111,1.7809967518590222,0.8904983759295111,0.0,0.0,0.0,0.0,0.0,0.0,0.02890746428905666,0.4467038174670022,68.91254617424397,26.41426139415941,7.3219925532172505,7.3219925532172505,660.8123640192923,540.0801210746141,0.0,0.0,270.63356429880946,96.08548320264693,1.008409425885662,2.016818851771324,1.008409425885662,0.8904983759295111,1.7809967518590222,0.8904983759295111,180.0,180.0,180.0,180.0,245.8824021368773,222.02097951765975,5.0,5.170765190810973,25,201.87482099315233,203.31009777169336,202.5283962728782,202.8245838354853,199.02595616548285,201.89114341631046,200.97267374784795,200.5711203637106,202.4107716365672,198.64870833660177,199.8108943148385,201.47832867405987,180.0,180.0,207.3918756593299,207.79551988316078,203.5324974403245,200.35191755521242,196.68991327723236,196.75971893778274,180.0,180.0,207.18010700766993,205.80966776549573,201.44359287274327,117.57065155981363,117.84337826834204,117.57065155981363,117.84337826834204,4680.0,465.48894021411536,3332.2477094533797
13.786249329332675,0.16364805013331485,0.0,17.779839512261475,0.0,101.21019452633702,110.27707550992145,5.5215494242279775,6.136732162132624,6.215810875031316,5.554979837503028,7.137984735027601,3.7071608661059376,4.432031177649816,2466.3764655175505,2250.9048851589637,2135.184405202954,1.9997982032098973,1.999932734403299,1.9998373569216346,1.999945785640545,2.7440595054764634,2.7440595054764634,5.5215494242279775,0.0,0.16364805013331485,0.0,0.0,0.0,0.0,7.000904016020352,3.392672656656161,3.392672656656161,2.876550564914706,2.876550564914706,5.753101129829412,0.0,0.0,0.0,0.0,0.0,0.0,6.67852062023322,3.33926031011661,3.33926031011661,4.360494816276087,4.360494816276087,9.0588498797093,0.0,0.0,0.0,0.0,0.0,0.0,5.554979837503028,2.777489918751514,2.777489918751514,0.0,0.0,287.00801548683904,115.7813402194117,2.935835418999456,2.935835418999456,651.5795273305156,528.646913327909,0.0,0.0,70.57625374397384,30.633940782363183,0.4069652976945655,0.813930595389131,0.4069652976945655,0.3643601494119163,0.7287202988238326,0.3643601494119163,0.0,0.0,0.3867887622611337,0.3867887622611337,0.0,0.0,0.0,0.0,76.387680145003,33.88939536491844,3.660705730543334,3.660705730543334,697.2008168252315,574.3755363687433,0.0,0.0,299.8269576181692,123.18583901019413,0.4069652976945655,0.813930595389131,0.4069652976945655,0.3643601494119163,0.7287202988238326,0.3643601494119163,180.0,180.0,180.0,180.0,246.6458814207772,225.09646253118385,5.0,5.0,26,204.66039997392912,205.1499607354034,203.89476324956303,205.66533396611788,198.34413736737991,201.20146508531744,204.90530696060753,207.04129598086163,201.46111157203737,197.77492388095664,202.17077817481598,205.3209343853184,180.0,180.0,202.03700174381277,203.93450848176383,196.9309477823794,195.4303230682977,193.92844608838533,195.0371687790618,180.0,180.0,201.33218614062505,203.72842567954086,194.7695142909507,117.55432567092781,117.8036984925226,117.55432567092781,117.8036984925226,4860.0,471.6851532967454,3587.9420881257715
0.1780984894851088,12.530618305613379,11.268266437569938,0.3327314108598352,13.622419786917767,115.51143316804723,125.58112155511537,6.336673341661552,6.488029828334039,6.991871135861682,5.796969936907205,4.893179947576257,8.124916031453902,9.18440387006757,2468.976230396715,2278.880279538734,2142.582002849934,1.9997963558176142,1.9999321186058714,1.9998323584243547,1.999944119474785,0.0,0.0,0.0,3.0926584274945323,6.345301450624315,3.0926584274945323,3.2440149141670194,6.488029828334039,3.2440149141670194,0.1780984894851088,0.0,0.0,0.0,0.0,0.0,2.783392584745079,5.70148126807978,2.783392584745079,3.254017774476199,6.991871135861682,3.254017774476199,0.0,0.0,0.0,0.0,0.0,0.3327314108598352,3.3503799631190763,6.921659860679615,3.3503799631190763,2.4465899737881287,4.893179947576257,2.4465899737881287,0.0,0.0,0.0,0.0,0.0,315.748107396015,142.44316566531126,6.179916423155692,6.179916423155692,684.4113275803415,559.4004471144598,0.3842757179847442,0.0,77.53473520583668,37.5924222442258,1.0218107311942857,2.0436214623885713,1.0218107311942857,0.9231888771039245,1.846377754207849,0.9231888771039245,0.0,0.0,0.0,0.0,0.0,0.0,0.023465568110382085,0.43582002510965306,83.81006037099007,41.311775590905256,7.239404261769359,7.239404261769359,732.6288812501053,607.7253343303419,0.0,0.0,329.28095852230865,150.56157345105754,1.0218107311942857,2.0436214623885713,1.0218107311942857,0.9231888771039245,1.846377754207849,0.9231888771039245,180.0,180.0,180.0,180.0,246.90596775272124,227.30262318405434,5.0,5.01288470356945,27,202.04335098909837,203.5202472919911,202.7211809357151,203.00240194100448,199.20911366840977,202.03900992406776,201.16972464482072,200.69693063315376,202.58069300619965,198.92501779329763,200.0393183985529,201.68729233538372,180.0,180.0,207.5126378552665,207.9645041324361,203.77738276836513,200.46088921294663,196.8905265671976,196.9551647535314,180.0,180.0,207.29388131713966,205.9971604285186,201.70480388931958,117.54328348342823,117.77047459645917,117.54328348342823,117.77047459645917,5040.0,461.84221582667965,3879.88544893642
13.570955642105595,0.15581918877960277,0.0,17.505829364881556,0.0,128.93165438868556,139.84663269642618,5.504643700661429,6.1666790861504435,6.153145909993244,5.53807411393648,7.063769437873146,3.6881845528010975,4.402185397624775,2466.8933876330816,2302.814877000041,2146.2266997407514,1.9997952147665385,1.9999317382555128,1.999828474578451,1.9999428248594837,2.735606643693189,2.735606643693189,5.504643700661429,0.0,0.15581918877960277,0.0,0.0,0.0900702707355927,0.0,6.888951298662271,3.341002171721662,3.341002171721662,2.863210724481225,2.863210724481225,5.72642144896245,0.0,0.0,0.0,0.0,0.0,0.0,6.579870371024037,3.2899351855120185,3.2899351855120185,4.2947323809049065,4.2947323809049065,8.916364603071742,0.0,0.0,0.0,0.0,0.0,0.0,5.53807411393648,2.76903705696824,2.76903705696824,0.0,0.0,343.63332051290797,168.2669072393704,2.9030544278776484,2.9030544278776484,717.1747932691062,590.1024412603916,0.0,0.0,84.43698367514821,44.49467071353733,0.41033666599942187,0.8206733319988437,0.41033666599942187,0.37479345892402716,0.7495869178480543,0.37479345892402716,0.0,0.0,0.32697799710734876,0.32697799710734876,0.0,0.0,0.0,0.0,91.1724587382555,48.674173958170684,3.6170552727013265,3.6170552727013265,768.5012622811373,641.536243818541,0.0,0.0,358.05929145738764,177.27843484330202,0.41033666599942187,0.8206733319988437,0.41033666599942187,0.37479345892402716,0.7495869178480543,0.37479345892402716,180.0,180.0,180.0,180.0,246.69775062620104,228.72601953618963,5.0,5.033900613890334,28,204.84448971421352,205.31139798697725,204.14134677759714,205.7723267684362,198.69970423492066,201.51875520176628,205.15033520082514,207.2392762976431,201.73267781383103,198.16845829661793,202.45196144820295,205.42660930488393,180.0,180.0,202.18790234412887,204.0040037888978,197.17866216085838,195.68772214170608,194.17159241138424,195.26457484289398,180.0,180.0,201.49650125923725,203.80292625082657,195.04881656029653,117.53652183279468,117.74502397141498,117.53652183279468,117.74502397141498,5220.0,466.86674310682537,4131.293461484413
0.16841069603958664,12.31044118185151,11.067464900699113,0.32040149192917083,13.381986367769818,142.98189110930704,154.87589769116516,6.25869247739274,6.525770355137972,6.858524635253514,5.7518675120840035,4.917467202286022,8.058101428834537,9.079940659584665,2460.428961680034,2294.466140167206,2146.468530554172,1.9997947472620488,1.9999315824206831,1.999825666359484,1.9999418887864948,0.0,0.0,0.0,3.0398159177916835,6.230809346268144,3.0398159177916835,3.218876559601057,6.525770355137972,3.218876559601057,0.16841069603958664,0.0,0.0,0.0,0.0,0.0,2.7358343260125153,5.595796248674082,2.7358343260125153,3.1873445241721146,6.858524635253514,3.1873445241721146,0.0,0.0,0.0,0.0,0.0,0.32040149192917083,3.2931339109409925,6.795718545887832,3.2931339109409925,2.458733601143011,4.917467202286022,2.458733601143011,0.0,0.0,0.0,0.0,0.0,371.91127958899835,194.50211001870517,6.086711545251864,6.086711545251864,749.4630881426339,620.3479798371618,0.3710650905590323,0.0,91.27656949017944,51.33425652856856,1.0272716203483312,2.0545432406966624,1.0272716203483312,0.9441182632343404,1.888236526468681,0.9441182632343404,0.0,0.0,0.0,0.0,0.0,0.0,0.016419900150002387,0.42172868918889367,98.46801694095541,55.96973216087085,7.108550776001993,7.108550776001993,803.3223548668522,674.3145801075025,0.0,0.0,387.03822692925286,204.21461401841086,1.0272716203483312,2.0545432406966624,1.0272716203483312,0.9441182632343404,1.888236526468681,0.9441182632343404,180.0,180.0,180.0,180.0,246.05133372528735,229.45322743424322,5.0,5.0,29,202.2882389976592,203.79483903545696,202.98287153570698,203.33940124402363,199.47530944894316,201.9547875259923,201.4430633284533,200.898978421818,202.49456470138173,199.2842031897731,200.34593156040273,201.97160044584984,180.0,180.0,207.69750373873413,208.10449199145003,204.09443782658207,200.65347002102774,197.18882494294712,197.24619878129005,180.0,180.0,207.46928460924875,206.25395810562281,202.04299595141734,117.53382501792443,117.72681743783146,117.53382501792443,117.72681743783146,5400.0,456.6470749583864,4418.414042221958
13.303352868759319,0.14608817883973824,0.0,17.16524401698629,0.0,156.1525856889947,168.88229275008948,5.4789512773295455,6.085298548782661,6.074145452832338,5.761006409286026,7.093495102053056,3.6511852015127015,4.370329748753312,2449.9121248073684,2295.5773753104945,2143.646850035359,1.999794969445414,1.9999316564818048,1.9998238562618986,1.9999412854206329,2.7227604320272474,2.7227604320272474,5.4789512773295455,0.0,0.14608817883973824,0.0,0.0,0.08576061063685786,0.0,6.749797856522208,3.2767775061185556,3.2767775061185556,2.8462442449341774,2.8462442449341774,5.692488489868355,0.0,0.0,0.0,0.0,0.0,0.0,6.455802415796321,3.2279012078981606,3.2279012078981606,4.212991897410043,4.212991897410043,8.739260222166203,0.0,0.0,0.0,0.0,0.0,0.0,5.761006409286026,2.880503204643013,2.880503204643013,0.0,0.0,399.28939498446124,219.85798930341207,2.859900189508159,2.859900189508159,781.6334366392415,650.4960922230114,0.0,0.0,98.04744932530292,58.105136363691784,0.410926811506602,0.821853623013204,0.410926811506602,0.38035820049794067,0.7607164009958813,0.38035820049794067,0.0,0.0,0.2462802530186432,0.2462802530186432,0.0,0.0,0.0,0.0,105.69028876508702,63.19200398500246,3.579044736748769,3.579044736748769,838.5625909133479,707.5325800432402,0.0,0.0,415.2920735331043,230.44622451150508,0.410926811506602,0.821853623013204,0.410926811506602,0.38035820049794067,0.7607164009958813,0.38035820049794067,180.0,180.0,180.0,180.0,244.99963316964536,229.56445050148747,5.0,5.0,30,205.101045855864,205.5345662801451,204.45045755053104,205.95322470261294,199.16992878841984,201.93966422245921,205.46213439932615,207.50749690890711,202.21198660576414,198.68001360474963,202.92636905582563,205.72871296154253,180.0,180.0,202.42689074722074,204.16489296764786,197.52750514589397,196.06399526220636,194.508983779766,195.57262258140776,180.0,180.0,201.75211706463236,203.96993121303763,195.437087016497,117.53527651604473,117.715203882563,117.53527651604473,117.715203882563,5580.0,459.9389703248373,4665.289503491503
0.1567562620207919,11.904985110756671,10.714486599681003,0.3055685759052503,14.321871391362304,169.90086661912926,183.58099561629513,6.167111546043165,6.381730536707995,6.2410365539682875,6.538300470164037,5.983213978502224,7.950288995743866,9.13219574713678,2435.7033998107586,2291.159634740094,2138.058910365256,1.9997958802753395,1.9999319600917798,1.9998228530486033,1.9999409510162012,0.0,0.0,0.0,2.976246277689168,5.952492555378336,2.976246277689168,3.1908652683539973,6.381730536707995,3.1908652683539973,0.1567562620207919,0.0,0.0,0.0,0.0,0.0,2.6786216499202506,5.357243299840501,2.6786216499202506,3.1001109137457963,6.2410365539682875,3.1001109137457963,0.0,0.0,0.0,0.0,0.0,0.3055685759052503,3.546693480912925,7.228484429536453,3.546693480912925,2.991606989251112,5.983213978502224,2.991606989251112,0.0,0.0,0.0,0.0,0.0,427.0003722944347,245.56892911477811,5.970708155984181,5.970708155984181,813.2609764031141,680.1235944882797,0.35517268053340306,0.0,104.74400345010349,64.80169048849235,1.0258701495620997,2.0517402991241993,1.0258701495620997,0.9537106901975843,1.9074213803951685,0.9537106901975843,0.0,0.0,0.0,0.0,0.0,0.0,0.007943948136333534,0.40477678516155596,112.83327983154089,70.33499505145636,7.152614907377098,7.152614907377098,872.658039465353,739.6279910966409,0.0,0.0,443.689859504461,256.84397298425444,1.0258701495620997,2.0517402991241993,1.0258701495620997,0.9537106901975843,1.9074213803951685,0.9537106901975843,180.0,180.0,180.0,180.0,243.57870151926514,229.12273059748398,5.0,5.0,31,202.60460482093254,204.12758388669963,203.16678056759085,203.5654081400349,199.81553779949036,202.05048626195781,201.67439183880128,200.72442090549146,203.2823063931321,200.18574044028836,201.3084944681149,202.61707651309672,180.0,180.0,207.94240862630437,208.35537961055599,204.47585566719715,200.59255068079463,197.24597624191853,197.62452989768514,180.0,180.0,208.5380429135522,208.12148012462737,203.28535715611972,117.5408726023052,117.70884431883985,117.5408726023052,117.70884431883985,5760.0,447.4505934600043,4948.913705783147
13.090321517521469,0.0,0.0,16.766469810178837,0.0,182.77982779216222,197.28468432680188,5.256059268233375,5.863040131655174,6.320194798992381,5.499213152656715,6.866892664104612,3.63214339257268,4.327835112758312,2418.1727544034297,2281.7567322182235,2129.9788459864963,1.9997974500487312,1.9999324833495773,1.9998226153256258,1.9999408717752087,2.6280296341166873,2.6280296341166873,5.256059268233375,0.0,0.0,0.0,0.0,0.0,0.0,6.620300522444497,3.235010497538486,3.235010497538486,3.1807159920784978,3.1807159920784978,6.3614319841569955,0.0,0.0,0.0,0.0,0.0,0.0,6.2789576138277665,3.1394788069138833,3.1394788069138833,4.117286087776255,4.117286087776255,8.531897634626329,0.0,0.0,0.0,0.0,0.0,0.0,5.499213152656715,2.7496065763283575,2.7496065763283575,0.0,0.0,453.77391149547054,270.3661709936806,2.841262154730252,2.841262154730252,844.7633198624657,709.6496406254998,0.0,0.0,111.36107037688669,71.41875741527555,0.4087676917765658,0.8175353835531316,0.4087676917765658,0.3821135460658617,0.7642270921317234,0.3821135460658617,0.0,0.0,0.0,0.0,0.0,0.0,0.0,0.0,119.8914845534432,77.39319977335867,3.536953874915885,3.536953874915885,906.995407628631,771.9890619377876,0.0,0.0,471.3298220026495,282.5076381603095,0.4087676917765658,0.8175353835531316,0.4087676917765658,0.3821135460658617,0.7642270921317234,0.3821135460658617,180.0,180.0,180.0,180.0,241.82553778044664,228.18245071666615,5.0,5.0,32,205.24740206681506,205.7646049701123,204.88206561810858,206.1080865716836,199.31875341177872,202.0300610188914,204.0606090985148,206.453543433673,203.44857394395194,200.77511922569946,202.75740115184044,205.79794900062015,180.0,180.0,202.92589278746274,204.49718553814574,197.96571057405333,196.51778011691138,195.69659853208265,196.74729124213238,180.0,180.0,201.57382095528914,203.96180450135824,195.9198496349828,117.55045756142758,117.70744484218638,117.55045756142758,117.70744484218638,5940.0,452.9088977984455,5187.1710821529405
0.14342215827311627,11.614059210807389,10.452653289726646,0.28859789840820854,13.959426207675483,196.18263421610743,211.60693710493555,5.954335421402968,6.101641237402242,5.845702769185814,6.378380597748237,5.836717582390406,7.805867341854551,8.958830639112817,2397.6798973346545,2267.9294052098944,2119.6827907633647,1.9997996272347944,1.9999332090782647,1.99982314010828,1.9999410467027599,0.0,0.0,0.0,2.903514802701847,5.807029605403694,2.903514802701847,3.050820618701121,6.101641237402242,3.050820618701121,0.14342215827311627,0.0,0.0,0.0,0.0,0.0,2.6131633224316615,5.226326644863323,2.6131633224316615,2.90244402135456,5.845702769185814,2.90244402135456,0.0,0.0,0.0,0.0,0.0,0.28859789840820854,3.460021806553033,7.039382594569417,3.460021806553033,2.918358791195203,5.836717582390406,2.918358791195203,0.0,0.0,0.0,0.0,0.0,480.82423134306663,295.4653288938593,5.833483097726829,5.833483097726829,875.5939914243913,738.5291502400122,0.33698981178657256,0.0,117.89397868296601,77.95166572135487,1.0177347872673097,2.0354695745346194,1.0177347872673097,0.954649456860412,1.909298913720824,0.954649456860412,0.0,0.0,0.0,0.0,0.0,0.0,0.0,0.3853817251649368,126.85992007992758,84.36163529984304,6.986446394985095,6.986446394985095,940.4122666122396,803.4547589739788,0.0,0.0,499.04812801312596,308.2747822233706,1.0177347872673097,2.0354695745346194,1.0177347872673097,0.954649456860412,1.909298913720824,0.954649456860412,180.0,180.0,180.0,180.0,239.77611652023998,226.7996847688427,5.0,5.0,33,202.95472497091797,204.48574239345504,203.5555113541374,203.8849560102289,200.22403959455082,202.4084455069692,202.09301890136265,201.060566735357,203.36787178207254,200.669397565,201.7311354165442,202.46094485552516,180.0,180.0,208.23996357158165,208.3678652088499,204.912244517121,200.4533625238313,197.62201726728014,198.07770491928295,180.0,180.0,208.8224581834404,208.2848544325879,203.7508385960387,117.56376221341482,117.71097478692971,117.56376221341482,117.71097478692971,6120.0,438.9691030831019,5462.796609199904
12.738994150791777,0.0,0.0,16.319325888886507,0.0,208.73483866146194,224.97002925405388,5.215664327838644,5.7585240934426825,6.223469007187651,5.452636929533013,6.736290011432601,3.440867551768245,4.152214275990775,2374.563142063356,2250.2486461868957,2107.4435364750757,1.9998023483820808,1.9999341161273605,1.9998243983483024,1.9999414661161008,2.607832163919322,2.607832163919322,5.215664327838644,0.0,0.0,0.0,0.0,0.0,0.0,6.437610291745058,3.15069192952336,3.15069192952336,3.160865231823962,3.160865231823962,6.321730463647924,0.0,0.0,0.0,0.0,0.0,0.0,6.125207550727377,3.0626037753636886,3.0626037753636886,4.009971546666095,4.009971546666095,8.299382795554317,0.0,0.0,0.0,0.0,0.0,0.0,5.452636929533013,2.7263184647665066,2.7263184647665066,0.0,0.0,506.92888785746476,319.6451990658581,2.6561957814513137,2.6561957814513137,906.1791604477529,767.1895329209744,0.0,0.0,124.33857581153654,84.3962628499254,0.40408563720013163,0.8081712744002633,0.40408563720013163,0.3805861331167998,0.7611722662335996,0.3805861331167998,0.0,0.0,0.0,0.0,0.0,0.0,0.0,0.0,133.7341570170692,91.23587223698468,3.3675425056738435,3.3675425056738435,973.7933909365252,834.911096955865,0.0,0.0,525.9856288721568,333.287496740001,0.40408563720013163,0.8081712744002633,0.40408563720013163,0.3805861331167998,0.7611722662335996,0.3805861331167998,180.0,180.0,180.0,180.0,237.464273566576,225.0315340179302,5.0,5.0,34,204.86162977911337,206.1700168338713,204.80616619753937,206.0892539827396,199.95631092210436,202.60032893053014,204.48554548947595,206.81552464894176,203.85591592750058,201.4941067131949,202.87403663147728,206.10925520237404,180.0,180.0,202.82905949755101,204.56688398846453,198.47890086605798,197.0657954315376,196.2694834789595,197.29375190367568,180.0,180.0,201.98509759397723,204.28241992003157,196.48530786506998,117.58045799330128,117.71926205860477,117.58045799330128,117.71926205860477,6300.0,444.5810973722798,5695.238911032072
0.12873671468418052,11.29364953250333,10.164284579252996,0.2699073338404721,13.56024915012169,221.75715859242035,238.8864297730027,5.87222114730949,6.097617528367314,5.445450657073794,6.282816467974413,5.836500089498923,7.633866691984287,8.755000657862302,2349.135865941786,2229.266852724974,2093.520815600028,1.9998055459996051,1.9999351819998683,1.999826328836005,1.9999421096120018,0.0,0.0,0.0,2.8234123831258326,5.646824766251665,2.8234123831258326,3.048808764183657,6.097617528367314,3.048808764183657,0.12873671468418052,0.0,0.0,0.0,0.0,0.0,2.541071144813249,5.082142289626498,2.541071144813249,2.70231796529855,5.445450657073794,2.70231796529855,0.0,0.0,0.0,0.0,0.0,0.2699073338404721,3.364566423224952,6.831116303671785,3.364566423224952,2.9182500447494615,5.836500089498923,2.9182500447494615,0.0,0.0,0.0,0.0,0.0,533.2522452970535,344.07122338398597,5.6825837175460805,5.6825837175460805,936.2921781694397,795.4052175211988,0.3169642068925694,0.0,130.69125367356946,90.74894071195833,1.0037117523220147,2.0074235046440294,1.0037117523220147,0.9475712221161922,1.8951424442323843,0.9475712221161922,0.0,0.0,0.0,0.0,0.0,0.0,0.0,0.36402107994466665,140.51034673657153,98.01206195648649,6.803717683424096,6.803717683424096,1006.387634941573,865.6080078394544,0.0,0.0,552.9579628837715,358.3624976301548,1.0037117523220147,2.0074235046440294,1.0037117523220147,0.9475712221161922,1.8951424442323843,0.9475712221161922,180.0,180.0,180.0,180.0,234.92135139593384,222.93324226956284,5.0,5.0,35,203.44256485888675,204.9673192221409,203.99119594948888,204.4186881315312,200.68721955558985,202.80985191376195,201.99507175688558,201.07548939416037,203.84435762308226,201.25969801043357,202.20390536377863,203.03159798902422,180.0,180.0,208.58256493287976,208.67456506117983,205.39285903457673,200.50279998348526,198.4342929913837,198.8780370492402,180.0,180.0,209.14984628406484,208.59436607494177,204.26349408132486,117.60019865369256,117.7319539411163,117.60019865369256,117.7319539411163,6480.0,428.4370979693906,5963.698571763307
12.358312854152965,0.0,0.0,15.834822420437101,0.0,233.95562882415066,251.87220542758894,4.923158816468828,5.520907826564459,6.148462113785745,5.153391890658631,6.470386659567554,3.306029824568624,4.002898798813125,2321.6878479750017,2205.4957595706965,2078.1550822637096,1.9998091534900992,1.9999363844967,1.9998288495061556,1.9999429498353851,2.461579408234414,2.461579408234414,4.923158816468828,0.0,0.0,0.0,0.0,0.0,0.0,6.239656017492875,3.0593284183300447,3.0593284183300447,3.0607917332249235,3.0607917332249235,6.121583466449847,0.0,0.0,0.0,0.0,0.0,0.0,6.175340761121642,3.087670380560821,3.087670380560821,3.8936907142382378,3.8936907142382378,8.047440991960626,0.0,0.0,0.0,0.0,0.0,0.0,5.153391890658631,2.5766959453293157,2.5766959453293157,0.0,0.0,558.6154852794182,367.56549182351785,2.5326510981570287,2.5326510981570287,966.0721436172676,823.3162114261935,0.0,0.0,136.94897089288065,97.00665793127003,0.39730916775231684,0.7946183355046337,0.39730916775231684,0.3760695586592787,0.7521391173185574,0.3760695586592787,0.0,0.0,0.0,0.0,0.0,0.0,0.0,0.0,147.18524510383673,104.6869603237522,3.2295200724015296,3.2295200724015296,1038.7736179702658,896.1250193253139,0.0,0.0,579.1296353207447,382.6651985242924,0.39730916775231684,0.7946183355046337,0.39730916775231684,0.3760695586592787,0.7521391173185574,0.3760695586592787,180.0,180.0,180.0,180.0,232.17633257094516,220.55598831909887,5.0,5.0,36,205.76050433430217,207.00844429813722,205.50225262324818,206.7266041630179,200.1927540936043,202.76322120319145,203.94429768758405,206.3030142833064,204.26772919018785,201.98439005780145,203.1876739972747,206.38235201822525,180.0,180.0,203.1354585670176,204.86707065607794,199.05538266884028,197.61963131954266,197.40702350600137,198.34359687297263,180.0,180.0,202.3137305692351,204.5910601272836,197.11695113683575,117.622645252115,117.74858222132623,117.622645252115,117.74858222132623,6660.0,433.2427237012375,6188.742094835151
0.11306153561333737,10.245445012580532,9.856481062952806,0.24995710593212622,13.050711037057882,246.5718191155464,265.3554009976703,5.276577351874801,5.6111807498731565,4.982014056376122,6.107059793939337,5.688764069349732,7.320373321696057,8.523400501283803,2292.489025070945,2179.3964257266166,2061.5656352392684,1.9998131076636487,1.9999377025545495,1.999831870138021,1.9999439567126736,0.0,0.0,0.0,2.5097521225111312,5.22594076755827,2.5097521225111312,2.76682522936367,5.6111807498731565,2.76682522936367,0.11306153561333737,0.0,0.0,0.0,0.0,0.0,2.4641202657382015,4.928240531476403,2.4641202657382015,2.491007028188061,4.982014056376122,2.491007028188061,0.0,0.0,0.0,0.0,0.0,0.24995710593212622,3.2626777592644705,6.525355518528941,3.2626777592644705,2.844382034674866,5.688764069349732,2.844382034674866,0.0,0.0,0.0,0.0,0.0,584.1119204055684,391.22205048458574,5.401847195720115,5.401847195720115,995.2211851208936,850.6253764647385,0.2955889627050559,0.0,143.10927155722572,103.16695859561561,0.9849244058409399,1.9698488116818798,0.9849244058409399,0.9336017201350026,1.8672034402700053,0.9336017201350026,0.0,0.0,0.0,0.0,0.0,0.0,0.0,0.3412208194779856,153.75623247913842,111.25794769905389,6.604874375307859,6.604874375307859,1070.4388556989823,925.950380588945,0.0,0.0,605.3077850378188,407.0034717762807,0.9849244058409399,1.9698488116818798,0.9849244058409399,0.9336017201350026,1.8672034402700053,0.9336017201350026,180.0,180.0,180.0,180.0,229.25621518533822,217.9458838508367,5.0,5.0,37,203.52628817549174,205.04288373554252,204.20709858034724,204.64604014436117,201.192831022321,203.252132711602,202.51910744654316,201.47244548581557,204.31616501680344,201.85196297895317,202.62559353954612,203.56558614501924,180.0,180.0,208.55876618849607,208.85285149844347,205.50646117626343,200.79548166001882,198.63970362634268,199.63543059160054,180.0,180.0,209.51230798163587,208.80397266925317,204.81070033252516,117.64747780726276,117.76863517447194,117.64747780726276,117.76863517447194,6840.0,417.682002939521,6447.171941055082
11.957651264537066,0.0,0.0,15.32488948819869,0.0,258.39828775802283,277.9443749570531,4.902584595428748,5.414461934536603,5.734393845102763,5.125685846872764,6.334149733937401,3.269097884268655,3.9878311644853497,2261.7939665319022,2151.3787751179,2043.9518224949409,1.9998173496575022,1.9999391165525007,1.9998353015343793,1.9999451005114597,2.451292297714374,2.451292297714374,4.902584595428748,0.0,0.0,0.0,0.0,0.0,0.0,6.031311990892608,2.963169636822229,2.963169636822229,2.7637483816498976,2.7637483816498976,5.527496763299795,0.0,0.0,0.0,0.0,0.0,0.0,5.94129092690573,2.970645463452865,2.970645463452865,3.771306810501019,3.771306810501019,7.7822758671966525,0.0,0.0,0.0,0.0,0.0,0.0,5.125685846872764,2.562842923436382,2.562842923436382,0.0,0.0,608.736344425529,414.0362472355046,2.5110420933498925,2.5110420933498925,1024.1340917358336,877.7280558106369,0.0,0.0,149.17030035981622,109.22798739820662,0.3888806461847613,0.7777612923695226,0.3888806461847613,0.3691751447340013,0.7383502894680026,0.3691751447340013,0.0,0.0,0.0,0.0,0.0,0.0,0.0,0.0,160.22132986856883,117.7230450884843,3.229775373566587,3.229775373566587,1101.9203217248455,955.6216193457656,0.0,0.0,630.6693717689063,430.5548312383294,0.3888806461847613,0.7777612923695226,0.3888806461847613,0.3691751447340013,0.7383502894680026,0.3691751447340013,180.0,180.0,180.0,180.0,226.18646023812266,215.14392692297156,5.0,5.0,38,206.1266994742822,207.3077749617792,206.17227323959,207.156919959986,201.03123862246608,203.52517277935735,204.52111736024906,206.8688679424179,204.6418988758094,201.73648157389283,204.10641521204553,207.08131351021572,180.0,180.0,203.62827146999746,205.28476892521618,199.67376192004647,198.343497272335,198.04597119036805,199.01162549232328,180.0,180.0,202.73201157861868,204.96767044384765,197.7954246440535,117.67439835680469,117.79160827314215,117.67439835680469,117.79160827314215,7020.0,419.84900781740606,6667.56628427936
0.09678259599224776,9.713429697622734,9.536821884938679,0.22923845550528482,11.701494857796575,270.5927055228726,290.9776798321518,5.1475727702714575,5.438430691731547,4.768861415634917,5.474062347217716,5.208370782203817,7.081216194139552,8.27308230266333,2229.8460787487566,2121.8067608840192,2025.4958518898325,1.999821824968193,1.9999406083227311,1.9998390607158498,1.99994635357195,0.0,0.0,0.0,2.4283574244056836,4.856714848811367,2.4283574244056836,2.7192153458657735,5.438430691731547,2.7192153458657735,0.09678259599224776,0.0,0.0,0.0,0.0,0.0,2.3842054712346696,4.768410942469339,2.3842054712346696,2.3844307078174585,4.768861415634917,2.3844307078174585,0.0,0.0,0.0,0.0,0.0,0.22923845550528482,2.869876956115807,5.961740945564962,2.869876956115807,2.6041853911019084,5.208370782203817,2.6041853911019084,0.0,0.0,0.0,0.0,0.0,633.4180884218696,436.9377844799896,5.204398601709454,5.204398601709454,1052.265455023928,904.0792123468768,0.2733904086762973,0.0,155.13081403790295,115.18850107629335,0.9624315560521182,1.9248631121042363,0.9624315560521182,0.9143860363779803,1.8287720727559607,0.9143860363779803,0.0,0.0,0.0,0.0,0.0,0.0,0.0,0.31754236184730983,166.57921112519426,124.08092634511024,6.396264710233232,6.396264710233232,1132.4705329656815,984.3916238347493,0.0,0.0,656.0031162736823,454.10836899124837,0.9624315560521182,1.9248631121042363,0.9624315560521182,0.9143860363779803,1.8287720727559607,0.9143860363779803,180.0,180.0,180.0,180.0,222.9914120875205,212.18651806624237,5.0,5.0,39,204.0338583255983,205.52131953677713,204.50951703528733,205.04566082708007,201.30602097063604,203.73794322675184,203.06969759912803,201.9742665982582,204.35825405529184,201.99455057019716,202.8293414324378,203.76265229643653,180.0,180.0,209.14360892315656,209.32905407244937,206.22042717926948,201.20701970311464,199.2562244033229,200.13596752626444,180.0,180.0,209.89874101912523,209.1664786534128,205.37898331566154,117.70312933714094,117.81703177928904,117.70312933714094,117.81703177928904,7200.0,406.12728363994984,6915.569528327373
