B_in,B_out,CV_boundary,MaxMin_boundary,OverflowRatio_boundary,agent_F_E0_capacity_drop_active,agent_F_E0_capacity_drop_lane_loss_FW_E_last,agent_F_E0_capacity_drop_lane_loss_FW_W_last,agent_F_E0_density_excess,agent_F_E0_lambda_eff_FW_E_last,agent_F_E0_lambda_eff_FW_W_last,agent_F_E0_lane_loss,agent_F_E0_metering_error,agent_F_E0_min_receiving_factor,agent_F_E0_objective,agent_F_E0_offramp_occupancy_ratio_OR_D_E,agent_F_E0_offramp_occupancy_ratio_OR_D_W,agent_F_E0_offramp_occupancy_ratio_OR_F_E,agent_F_E0_offramp_occupancy_ratio_OR_F_W,agent_F_E1_capacity_drop_active,agent_F_E1_capacity_drop_lane_loss_FW_E_last,agent_F_E1_capacity_drop_lane_loss_FW_W_last,agent_F_E1_density_excess,agent_F_E1_lambda_eff_FW_E_last,agent_F_E1_lambda_eff_FW_W_last,agent_F_E1_lane_loss,agent_F_E1_metering_error,agent_F_E1_min_receiving_factor,agent_F_E1_objective,agent_F_E1_offramp_occupancy_ratio_OR_D_E,agent_F_E1_offramp_occupancy_ratio_OR_D_W,agent_F_E1_offramp_occupancy_ratio_OR_F_E,agent_F_E1_offramp_occupancy_ratio_OR_F_W,agent_F_E2_capacity_drop_active,agent_F_E2_capacity_drop_lane_loss_FW_E_last,agent_F_E2_capacity_drop_lane_loss_FW_W_last,agent_F_E2_density_excess,agent_F_E2_lambda_eff_FW_E_last,agent_F_E2_lambda_eff_FW_W_last,agent_F_E2_lane_loss,agent_F_E2_metering_error,agent_F_E2_min_receiving_factor,agent_F_E2_objective,agent_F_E2_offramp_occupancy_ratio_OR_D_E,agent_F_E2_offramp_occupancy_ratio_OR_D_W,agent_F_E2_offramp_occupancy_ratio_OR_F_E,agent_F_E2_offramp_occupancy_ratio_OR_F_W,agent_F_W0_capacity_drop_active,agent_F_W0_capacity_drop_lane_loss_FW_E_last,agent_F_W0_capacity_drop_lane_loss_FW_W_last,agent_F_W0_density_excess,agent_F_W0_lambda_eff_FW_E_last,agent_F_W0_lambda_eff_FW_W_last,agent_F_W0_lane_loss,agent_F_W0_metering_error,agent_F_W0_min_receiving_factor,agent_F_W0_objective,agent_F_W0_offramp_occupancy_ratio_OR_D_E,agent_F_W0_offramp_occupancy_ratio_OR_D_W,agent_F_W0_offramp_occupancy_ratio_OR_F_E,agent_F_W0_offramp_occupancy_ratio_OR_F_W,agent_F_W1_capacity_drop_active,agent_F_W1_capacity_drop_lane_loss_FW_E_last,agent_F_W1_capacity_drop_lane_loss_FW_W_last,agent_F_W1_density_excess,agent_F_W1_lambda_eff_FW_E_last,agent_F_W1_lambda_eff_FW_W_last,agent_F_W1_lane_loss,agent_F_W1_metering_error,agent_F_W1_min_receiving_factor,agent_F_W1_objective,agent_F_W1_offramp_occupancy_ratio_OR_D_E,agent_F_W1_offramp_occupancy_ratio_OR_D_W,agent_F_W1_offramp_occupancy_ratio_OR_F_E,agent_F_W1_offramp_occupancy_ratio_OR_F_W,agent_F_W2_capacity_drop_active,agent_F_W2_capacity_drop_lane_loss_FW_E_last,agent_F_W2_capacity_drop_lane_loss_FW_W_last,agent_F_W2_density_excess,agent_F_W2_lambda_eff_FW_E_last,agent_F_W2_lambda_eff_FW_W_last,agent_F_W2_lane_loss,agent_F_W2_metering_error,agent_F_W2_min_receiving_factor,agent_F_W2_objective,agent_F_W2_offramp_occupancy_ratio_OR_D_E,agent_F_W2_offramp_occupancy_ratio_OR_D_W,agent_F_W2_offramp_occupancy_ratio_OR_F_E,agent_F_W2_offramp_occupancy_ratio_OR_F_W,agent_U_A_allocation_module_used,agent_U_A_freeway_pressure_used,agent_U_A_local_queue,agent_U_A_objective,agent_U_B_allocation_module_used,agent_U_B_freeway_pressure_used,agent_U_B_local_queue,agent_U_B_objective,agent_U_C_allocation_module_used,agent_U_C_freeway_pressure_used,agent_U_C_local_queue,agent_U_C_objective,agent_U_D_allocation_module_used,agent_U_D_freeway_pressure_used,agent_U_D_local_queue,agent_U_D_objective,agent_U_F_allocation_module_used,agent_U_F_freeway_pressure_used,agent_U_F_local_queue,agent_U_F_objective,boundary_balance_controllable,boundary_balance_degenerate,boundary_empty_ratio,boundary_in_empty_ratio,boundary_in_load_veh,boundary_in_saturation_ratio,boundary_out_empty_ratio,boundary_out_load_veh,boundary_out_saturation_ratio,boundary_out_sink_veh,boundary_saturation_ratio,capacity_drop_active,capacity_drop_lane_loss_FW_E_last,capacity_drop_lane_loss_FW_W_last,coupling_aggregate_urban_model,coupling_freeway_substeps,coupling_movement_urban_model,coupling_nested_order_active,coupling_offramp_arrivals_accepted_veh,coupling_offramp_arrivals_rejected_veh,coupling_offramp_storage_active,coupling_onramp_sync_active,coupling_onramp_two_reservoir_active,coupling_urban_substeps,density_exceedance_count,density_projection_count,distributed_agent_F_E0_active,distributed_agent_F_E1_active,distributed_agent_F_E2_active,distributed_agent_F_W0_active,distributed_agent_F_W1_active,distributed_agent_F_W2_active,distributed_agent_U_A_active,distributed_agent_U_B_active,distributed_agent_U_C_active,distributed_agent_U_D_active,distributed_agent_U_F_active,distributed_coupling_residual,distributed_freeway_agent_count,distributed_iterations,distributed_player_active,distributed_urban_agent_count,freeway_ttt,inbound_service_veh,lambda_eff_FW_E_last,lambda_eff_FW_W_last,mainline_exit_flow_total,mean_ramp_receiving_factor,mean_segment_flow,metering_over_release_flow,metering_shortfall_flow,metering_target_infeasible,movement_queue_model_active,movement_queue_projection_protected_veh,movement_queue_projection_veh,nash_converged,nash_freeway_used_coupled_prediction,nash_iterations,nash_mutual_response_active,nash_per_agent_active,nash_urban_used_freeway_response,net_inflow,net_inflow_target,net_inflow_tracking_error,nuf_target_flow,offramp_blocked_flow_FW_E,offramp_blocked_flow_FW_W,offramp_blocked_flow_total,offramp_departures_OR_D_E_veh,offramp_departures_OR_D_W_veh,offramp_departures_OR_F_E_veh,offramp_departures_OR_F_W_veh,offramp_departures_veh,offramp_flow_FW_E,offramp_flow_FW_W,offramp_flow_total,offramp_occupancy_ratio_OR_D_E,offramp_occupancy_ratio_OR_D_W,offramp_occupancy_ratio_OR_F_E,offramp_occupancy_ratio_OR_F_W,offramp_storage_binding,onramp_approach_queue_veh,onramp_arrivals_veh,onramp_green_release_request_veh,onramp_green_release_shortfall_veh,onramp_green_releases_veh,onramp_two_reservoir_active,outbound_service_veh,queue_overflow_count,ramp_metering_release_actual_R_D_E_veh,ramp_metering_release_actual_R_D_W_veh,ramp_metering_release_actual_R_F_E_veh,ramp_metering_release_actual_R_F_W_veh,ramp_metering_release_request_R_D_E_veh,ramp_metering_release_request_R_D_W_veh,ramp_metering_release_request_R_F_E_veh,ramp_metering_release_request_R_F_W_veh,ramp_metering_release_request_veh,ramp_metering_release_shortfall_R_D_E_veh,ramp_metering_release_shortfall_R_D_W_veh,ramp_metering_release_shortfall_R_F_E_veh,ramp_metering_release_shortfall_R_F_W_veh,ramp_metering_release_shortfall_veh,ramp_metering_releases_veh,ramp_queue_overflow_count,ramp_queue_veh,speed_projection_count,step,time_sec,total_metering_error,total_metering_flow,total_no_meter_flow,total_ramp_queue_end_veh,total_ramp_queue_start_veh,urban_accumulation_abs_error_veh,urban_accumulation_error_veh,urban_accumulation_initial_error_veh,urban_accumulation_initial_veh,urban_accumulation_mean_veh,urban_accumulation_target_veh,urban_accumulation_veh,urban_demand_arrivals_veh,urban_gate_inflow_veh,urban_link_occupancy_veh,urban_net_inflow_target_veh_h,urban_net_inflow_tracking_error_veh_h,urban_storage_active,urban_storage_occupancy,urban_substep_active,urban_total_departures_veh,urban_total_vehicles_veh,urban_ttt
0.1668890743872138,0.047410742179712195,1.0444015676034188,10.396021816914564,0.0,0.0,0.0,0.0,0.0,2.0,2.0,0.0,0.0,1.0,18.0,0.0,0.0,0.0,0.0,0.0,0.0,0.0,0.0,2.0,2.0,0.0,0.0,1.0,18.0,0.0,0.0,0.0,0.0,0.0,0.0,0.0,0.0,2.0,2.0,0.0,0.0,1.0,18.0,0.0,0.0,0.0,0.0,0.0,0.0,0.0,0.0,2.0,2.0,0.0,0.0,1.0,18.0,0.0,0.0,0.0,0.0,0.0,0.0,0.0,0.0,2.0,2.0,0.0,0.0,1.0,18.0,0.0,0.0,0.0,0.0,0.0,0.0,0.0,0.0,2.0,2.0,0.0,0.0,1.0,18.0,0.0,0.0,0.0,0.0,1.0,1.0,40.0,646.3397596368011,1.0,1.0,20.0,626.3397596368011,1.0,1.0,40.0,646.3397596368011,1.0,1.0,20.0,626.3397596368011,1.0,1.0,20.0,626.3397596368011,1.0,0.0,0.14285714285714285,0.14285714285714285,22.61581879845301,0.0,0.0,35.96823224619173,0.0,28.619791666666675,0.0,1.0,0.0001435960899287054,0.00014240103103125968,0.0,18.0,1.0,1.0,26.435866558014386,0.0,1.0,1.0,1.0,36.0,0.0,0.0,1.0,1.0,1.0,1.0,1.0,1.0,1.0,1.0,1.0,1.0,1.0,0.0007743990402033391,6.0,5.0,1.0,5.0,4.482701034834173,305.17848154266767,1.9998564039100712,1.9998575989689686,3877.260428508777,1.0,1903.9623139450596,649.6924457776905,0.0,0.0,1.0,0.0,0.0,True,0.0,5,1.0,1.0,1.0,3727.0275798977227,-158.75854102166772,3885.7861209193907,0.0,0.0,0.0,0.0,4.040502123857962,4.032363522047107,4.952467737441204,4.143966957774373,17.169300341120646,265.13217993013046,263.58515123015724,528.7173311602878,0.013425772125962451,0.013360830475638429,0.013425772125962451,0.013360830475638429,0.0,35.96823224619173,84.28,91.45106325291253,0.0,91.45106325291253,1.0,118.82710254778154,0.0,7.747493844243646,7.52317293820985,7.535388664401546,9.678566842029486,7.747493844243646,7.52317293820985,7.535388664401546,9.678566842029486,32.48462228888453,0.0,0.0,0.0,0.0,0.0,32.48462228888453,0.0,58.966440964027996,0.0,0,180.0,649.6924457776905,649.6924457776905,5075.925466695633,58.966440964027996,0.0,241.59790398364902,241.59790398364902,238.1378115325016,238.1378115325016,159.56785781903943,0.0,241.59790398364902,170.625,265.63398101729837,200.79964265731297,-158.75854102166772,3885.7861209193907,1.0,200.79964265731297,1.0,461.5313658403435,300.1819550282938,11.58048662317191
0.1517095135667454,0.04543247427466768,0.9848681004691965,10.568589081503795,0.0,1.0,0.00013649422465156213,0.00013308577873782923,0.0,1.9998635057753484,1.9998669142212622,0.00013649422465156213,0.0,1.0,6.75990254784757,0.013965306340100507,0.013789804088535125,0.013965306340100507,0.013789804088535125,1.0,0.00013649422465156213,0.00013308577873782923,0.0,1.9998635057753484,1.9998669142212622,0.00013649422465156213,0.0,1.0,8.483853364957902,0.013965306340100507,0.013789804088535125,0.013965306340100507,0.013789804088535125,1.0,0.00013649422465156213,0.00013308577873782923,0.0,1.9998635057753484,1.9998669142212622,0.00013649422465156213,0.0,1.0,8.536542763119401,0.013965306340100507,0.013789804088535125,0.013965306340100507,0.013789804088535125,1.0,0.00013649422465156213,0.00013308577873782923,0.0,1.9998635057753484,1.9998669142212622,0.00013308577873782923,0.0,1.0,6.451185584672588,0.013965306340100507,0.013789804088535125,0.013965306340100507,0.013789804088535125,1.0,0.00013649422465156213,0.00013308577873782923,0.0,1.9998635057753484,1.9998669142212622,0.00013308577873782923,0.0,1.0,8.376286458821715,0.013965306340100507,0.013789804088535125,0.013965306340100507,0.013789804088535125,1.0,0.00013649422465156213,0.00013308577873782923,0.0,1.9998635057753484,1.9998669142212622,0.00013308577873782923,0.0,1.0,8.42251376489209,0.013965306340100507,0.013789804088535125,0.013965306340100507,0.013789804088535125,1.0,1.0,14.63009281172253,236.5048283406852,1.0,1.0,28.08442304772823,249.9591585766909,1.0,1.0,4.600157085317906,226.47489261428058,1.0,1.0,25.114641625198534,246.98937715416122,1.0,1.0,26.952997801013655,248.82773332997633,1.0,0.0,0.2857142857142857,0.2857142857142857,28.853495664018574,0.0,0.0,24.877192753355224,0.0,105.57662757771915,0.0,1.0,0.00019141626579631687,0.00018417047362146507,0.0,18.0,1.0,1.0,30.137882228576384,0.0,1.0,1.0,1.0,36.0,0.0,0.0,1.0,1.0,1.0,1.0,1.0,1.0,1.0,1.0,1.0,1.0,1.0,0.0008039189893804799,6.0,5.0,1.0,5.0,6.655618385064866,200.55881178214932,1.9998085837342034,1.9998158295263784,4420.222726857869,1.0,2169.445818534066,2999.2601310875107,0.0,0.0,1.0,0.0,0.0,True,0.0,5,1.0,1.0,1.0,-1315.7602388876767,-195.00038137214108,1120.7598575155357,0.0,0.0,0.0,0.0,7.363758326548569,7.243245656957378,4.623735931564896,5.341023306294439,24.571763221365284,304.39918300107513,298.35846157045256,602.7576445715276,0.016238907666718514,0.015936345274369088,0.016238907666718514,0.015936345274369088,0.0,24.877192753355224,90.00966950290253,151.64592678618007,0.0,151.64592678618007,1.0,266.34682372653316,0.0,30.208711647043806,34.380316838783074,44.772466553147375,40.6015115154013,30.208711647043806,34.380316838783074,44.772466553147375,40.6015115154013,149.96300655437554,0.0,0.0,0.0,0.0,0.0,149.96300655437554,0.0,60.64936119583251,0.0,1,360.0,2999.2601310875107,2999.2601310875107,6000.0,60.64936119583251,58.966440964027996,290.80534111042135,290.80534111042135,292.5005720582116,292.5005720582116,273.2773219968397,0.0,290.80534111042135,182.2247254263496,159.3548129110255,264.2327174804383,-195.00038137214108,1120.7598575155357,1.0,264.2327174804383,1.0,632.6322182118805,344.5360295277951,16.447189829840244
0.08542419657512657,0.19556926131374897,0.8852951714839566,11.709924249667466,0.0,1.0,0.0003902116864280547,0.0003735919352503281,0.0,1.999609788313572,1.9996264080647497,0.0003902116864280547,0.0,1.0,8.099285086393834,0.023616863523946683,0.023108176175089666,0.023616863523946683,0.023108176175089666,1.0,0.0003902116864280547,0.0003735919352503281,0.0,1.999609788313572,1.9996264080647497,0.0003902116864280547,0.0,1.0,16.675060319151903,0.023616863523946683,0.023108176175089666,0.023616863523946683,0.023108176175089666,1.0,0.0003902116864280547,0.0003735919352503281,0.0,1.999609788313572,1.9996264080647497,0.0003902116864280547,0.0,1.0,16.541533649648294,0.023616863523946683,0.023108176175089666,0.023616863523946683,0.023108176175089666,1.0,0.0003902116864280547,0.0003735919352503281,0.0,1.999609788313572,1.9996264080647497,0.0003735919352503281,0.0,1.0,7.700117918814219,0.023616863523946683,0.023108176175089666,0.023616863523946683,0.023108176175089666,1.0,0.0003902116864280547,0.0003735919352503281,0.0,1.999609788313572,1.9996264080647497,0.0003735919352503281,0.0,1.0,16.22085405218634,0.023616863523946683,0.023108176175089666,0.023616863523946683,0.023108176175089666,1.0,0.0003902116864280547,0.0003735919352503281,0.0,1.999609788313572,1.9996264080647497,0.0003735919352503281,0.0,1.0,16.077997581011413,0.023616863523946683,0.023108176175089666,0.023616863523946683,0.023108176175089666,1.0,1.0,16.49684623841311,29.659383571318088,1.0,1.0,21.735560184396192,34.898097517301174,1.0,1.0,6.95608288938819,20.11862022229317,1.0,1.0,20.25666828257249,33.41920561547747,1.0,1.0,14.858154452586865,28.020691785491845,1.0,0.0,0.14285714285714285,0.14285714285714285,34.25457064438611,0.0,0.0,24.33428131563388,0.0,156.34239160595357,0.0,1.0,0.00028542916276344223,0.0002727012172409646,0.0,18.0,1.0,1.0,34.72461637289048,0.0,1.0,1.0,1.0,36.0,0.0,0.0,1.0,1.0,1.0,1.0,1.0,1.0,1.0,1.0,1.0,1.0,1.0,0.000746966717702083,6.0,5.0,1.0,5.0,6.876872397938854,223.20615703867253,1.9997145708372368,1.999727298782759,5092.943734690603,1.0,2408.380932483322,2999.999763241948,0.0,0.0,1.0,0.0,0.0,True,0.0,5,1.0,1.0,1.0,-1127.1208425960067,-200.22400732548462,926.896835270522,0.0,0.0,0.0,0.0,7.674080424393198,7.504042922863478,10.485100451224328,10.255019312630353,35.91824311111136,351.2511854400785,343.24114201773114,694.4923274578096,0.020195179739364976,0.01973971792125817,0.020195179739364976,0.01973971792125817,0.0,24.33428131563388,95.17847903390611,145.7483210981761,0.0,145.7483210981761,1.0,279.5621991684729,0.0,35.5264377822894,40.84847780959957,39.47355619473466,34.15151637547376,35.5264377822894,40.84847780959957,39.47355619473466,34.15151637547376,149.9999881620974,0.0,0.0,0.0,0.0,0.0,149.9999881620974,0.0,56.39769413191122,0.0,2,540.0,2999.999763241948,2999.999763241948,6000.0,56.39769413191122,60.64936119583252,306.3806339864256,306.3806339864256,300.3360109882269,300.3360109882269,297.5325729361249,0.0,306.3806339864256,192.68898890792875,170.54045555144367,270.5334961978689,-200.22400732548462,926.896835270522,1.0,270.5334961978689,1.0,645.6498774865292,364.9694859464457,17.81945088160549
0.12022252180105103,0.05845049171023764,0.9014234602078944,11.32951697069743,0.0,1.0,0.00042515197716852526,0.00040565982356510766,0.0,1.9995748480228315,1.999594340176435,0.00042515197716852526,0.0,1.0,8.617928682829925,0.0246521632420972,0.024080077447994695,0.0246521632420972,0.024080077447994695,1.0,0.00042515197716852526,0.00040565982356510766,0.0,1.9995748480228315,1.999594340176435,0.00042515197716852526,0.0,1.0,17.372732779338005,0.0246521632420972,0.024080077447994695,0.0246521632420972,0.024080077447994695,1.0,0.00042515197716852526,0.00040565982356510766,0.0,1.9995748480228315,1.999594340176435,0.00042515197716852526,0.0,1.0,17.34091378353513,0.0246521632420972,0.024080077447994695,0.0246521632420972,0.024080077447994695,1.0,0.00042515197716852526,0.00040565982356510766,0.0,1.9995748480228315,1.999594340176435,0.00040565982356510766,0.0,1.0,8.186736459454497,0.0246521632420972,0.024080077447994695,0.0246521632420972,0.024080077447994695,1.0,0.00042515197716852526,0.00040565982356510766,0.0,1.9995748480228315,1.999594340176435,0.00040565982356510766,2.2737367544323206e-13,1.0,16.862698504377384,0.0246521632420972,0.024080077447994695,0.0246521632420972,0.024080077447994695,1.0,0.00042515197716852526,0.00040565982356510766,0.0,1.9995748480228315,1.999594340176435,0.00040565982356510766,0.0,1.0,16.80890037121015,0.0246521632420972,0.024080077447994695,0.0246521632420972,0.024080077447994695,1.0,1.0,11.545092937794317,212.05225669223876,1.0,1.0,22.22964064960048,222.7368044040449,1.0,1.0,23.73444908819019,224.24161284263462,1.0,1.0,24.8082243668907,225.31538812133513,1.0,1.0,12.118582706101096,212.62574646054554,1.0,0.0,0.2857142857142857,0.2857142857142857,34.87330984411652,0.0,0.0,30.623015819348407,0.0,166.2614477303729,0.0,1.0,0.0003020889002745244,0.00028805059656455967,0.0,18.0,1.0,1.0,35.608449159316834,0.0,1.0,1.0,1.0,36.0,0.0,0.0,1.0,1.0,1.0,1.0,1.0,1.0,1.0,1.0,1.0,1.0,1.0,0.00020392389883346415,6.0,6.0,1.0,5.0,7.070074096778189,235.68332486345474,1.9996979110997255,1.9997119494034352,5222.572543366468,1.0,2477.0213103813667,2999.999999984848,0.0,0.0,1.0,0.0,0.0,True,0.0,6,1.0,1.0,1.0,-967.3625915847306,-210.43728200629417,756.9253095784364,0.0,0.0,0.0,0.0,9.925895722911244,9.693876000458681,7.937206446087922,7.75161046737766,35.30858863683551,360.3396205916278,351.82936259470875,712.1689831863366,0.020777745207597082,0.02028904696302812,0.020777745207597082,0.02028904696302812,0.0,30.623015819348407,99.28046950290252,149.12346339551613,0.0,149.12346339551613,1.0,284.05145444269124,0.0,39.73482141806925,35.0012964239549,35.26517858154528,39.99870357567296,39.73482141806925,35.0012964239549,35.26517858154528,39.99870357567296,149.99999999924242,0.0,0.0,0.0,0.0,0.0,149.99999999924242,0.0,55.52115752818494,0.0,3,720.0,2999.999999984848,2999.999999984848,6000.0,55.52115752818494,56.39769413191122,319.9286940779778,319.9286940779778,315.65592300944127,315.65592300944127,310.55874737636873,0.0,319.9286940779778,200.99347542634965,183.76500587716464,290.82678264315643,-210.43728200629417,756.9253095784364,1.0,290.82678264315643,1.0,694.9380588214465,385.4250197414425,18.45639956714973
0.0963284745483535,0.10102445750177474,0.6878690614731501,12.436336429987929,0.0,1.0,0.00044419227822922736,0.00042330553972047547,0.0,1.9995558077217708,1.9995766944602795,0.00044419227822922736,0.0,1.0,9.014685334104238,0.02519848021968194,0.02459854027499671,0.02519848021968194,0.02459854027499671,1.0,0.00044419227822922736,0.00042330553972047547,0.0,1.9995558077217708,1.9995766944602795,0.00044419227822922736,0.0,1.0,17.85551167565782,0.02519848021968194,0.02459854027499671,0.02519848021968194,0.02459854027499671,1.0,0.00044419227822922736,0.00042330553972047547,0.0,1.9995558077217708,1.9995766944602795,0.00044419227822922736,0.0,1.0,17.852194550023448,0.02519848021968194,0.02459854027499671,0.02519848021968194,0.02459854027499671,1.0,0.00044419227822922736,0.00042330553972047547,0.0,1.9995558077217708,1.9995766944602795,0.00042330553972047547,0.0,1.0,8.560157040891445,0.02519848021968194,0.02459854027499671,0.02519848021968194,0.02459854027499671,1.0,0.00044419227822922736,0.00042330553972047547,0.0,1.9995558077217708,1.9995766944602795,0.00042330553972047547,0.0,1.0,17.309998082416474,0.02519848021968194,0.02459854027499671,0.02519848021968194,0.02459854027499671,1.0,0.00044419227822922736,0.00042330553972047547,0.0,1.9995558077217708,1.9995766944602795,0.00042330553972047547,0.0,1.0,17.28052891351339,0.02519848021968194,0.02459854027499671,0.02519848021968194,0.02459854027499671,1.0,1.0,6.5435716193268245,341.4667162552289,1.0,1.0,24.252068910312463,359.17521354621454,1.0,1.0,20.47273108406071,355.39587571996276,1.0,1.0,20.99294309607706,355.91608773197913,1.0,1.0,22.33692238850901,357.2600670244111,1.0,0.0,0.14285714285714285,0.14285714285714285,41.3535722225817,0.0,0.0,55.65772519106989,0.0,180.28507952981187,0.0,1.0,0.00031305241481634677,0.0002982089657966622,0.0,18.0,1.0,1.0,36.19430084777656,0.0,1.0,1.0,1.0,36.0,0.0,0.0,1.0,1.0,1.0,1.0,1.0,1.0,1.0,1.0,1.0,1.0,1.0,0.0006829784065376866,6.0,6.0,1.0,5.0,6.945672995305829,225.44657522060973,1.9996869475851835,1.9997017910342032,5308.497457673897,1.0,2522.5793240203034,2999.999999999999,0.0,0.0,1.0,0.0,0.0,True,0.0,6,1.0,1.0,1.0,-702.5960914666512,-208.54420702822006,494.0518844384311,0.0,0.0,0.0,0.0,7.585439416975302,7.4040797184280205,6.714841644092029,3.8971928391501893,25.601553618645543,366.3515232245277,357.5344937310037,723.8860169555314,0.02115198587863089,0.020644225223341098,0.02115198587863089,0.020644225223341098,0.0,55.65772519106989,101.91410950253824,134.5260382929716,0.0,134.5260382929716,1.0,260.5763797939423,0.0,30.55981692839373,42.48483984885693,44.44018307160624,32.51516015114304,30.55981692839373,42.48483984885693,44.44018307160624,32.51516015114304,149.99999999999994,0.0,0.0,0.0,0.0,0.0,149.99999999999994,0.0,40.047195821156606,0.0,4,900.0,2999.999999999999,2999.999999999999,6000.0,40.047195821156606,55.52115752818494,318.00909977271345,318.00909977271345,312.8163105423301,312.8163105423301,315.3780759997607,0.0,318.00909977271345,206.32528398042936,181.14482974609285,250.5442170698408,-208.54420702822006,494.0518844384311,1.0,250.5442170698408,1.0,619.3493495932893,415.02039718636513,19.695062782477546
0.03865889818631421,0.038749032036323294,0.657884270264355,15.816161222150958,0.0,1.0,0.0004568234972865959,0.0004350031791289233,0.0,1.9995431765027134,1.999564996820871,0.0004568234972865959,0.0,1.0,9.27233840329553,0.025554476327148024,0.024936311123201924,0.025554476327148024,0.024936311123201924,1.0,0.0004568234972865959,0.0004350031791289233,0.0,1.9995431765027134,1.999564996820871,0.0004568234972865959,0.0,1.0,18.17417424002164,0.025554476327148024,0.024936311123201924,0.025554476327148024,0.024936311123201924,1.0,0.0004568234972865959,0.0004350031791289233,0.0,1.9995431765027134,1.999564996820871,0.0004568234972865959,0.0,1.0,18.19186308621842,0.025554476327148024,0.024936311123201924,0.025554476327148024,0.024936311123201924,1.0,0.0004568234972865959,0.0004350031791289233,0.0,1.9995431765027134,1.999564996820871,0.0004350031791289233,0.0,1.0,8.802271243617774,0.025554476327148024,0.024936311123201924,0.025554476327148024,0.024936311123201924,1.0,0.0004568234972865959,0.0004350031791289233,0.0,1.9995431765027134,1.999564996820871,0.0004350031791289233,0.0,1.0,17.60433049467566,0.025554476327148024,0.024936311123201924,0.025554476327148024,0.024936311123201924,1.0,0.0004568234972865959,0.0004350031791289233,0.0,1.9995431765027134,1.999564996820871,0.0004350031791289233,0.0,1.0,17.592751040522355,0.025554476327148024,0.024936311123201924,0.025554476327148024,0.024936311123201924,1.0,1.0,17.399059333014286,27.05313520877945,1.0,1.0,40.129361029855545,49.78343690562071,1.0,1.0,24.20290959257111,33.856985468336276,1.0,1.0,33.97074283595569,43.624818711720856,1.0,1.0,48.77410732512766,58.428183200892825,1.0,0.0,0.0,0.0,71.32692511037175,0.0,0.0,61.73951536175836,0.0,164.27407765458065,0.0,1.0,0.0003192078466954425,0.0003038845098202798,0.0,18.0,1.0,1.0,36.49186587268643,0.0,1.0,1.0,1.0,36.0,0.0,0.0,1.0,1.0,1.0,1.0,1.0,1.0,1.0,1.0,1.0,1.0,1.0,0.00036287496198459177,6.0,6.0,1.0,5.0,6.409423769512567,224.43213653237405,1.9996807921533046,1.9996961154901796,5352.140327994008,1.0,2543.3968050069034,3000.0,0.0,0.0,1.0,0.0,0.0,True,0.0,6,1.0,1.0,1.0,-1033.4881852485541,-213.42073621617325,820.0674490323809,0.0,0.0,0.0,0.0,10.749072297666308,10.488450404157053,10.028221376656061,14.977245341684705,46.24298942016413,369.4144708255832,360.422846628145,729.8373174537282,0.021359252180685132,0.02084005374639237,0.021359252180685132,0.02084005374639237,0.0,61.73951536175836,102.82160000000002,143.87723025103813,0.0,143.87723025103813,1.0,276.1065457948018,0.0,47.715218014794395,26.97347156055402,27.284781985205612,48.026528439445975,47.715218014794395,26.97347156055402,27.284781985205612,48.026528439445975,150.0,0.0,0.0,0.0,0.0,0.0,150.0,0.0,33.92442607219475,0.0,5,1080.0,3000.0,3000.0,5858.279170212444,33.92442607219475,40.047195821156606,321.26839763923675,321.26839763923675,320.13110432425987,320.13110432425987,322.2350679720759,0.0,321.26839763923675,208.1625,163.94166206313494,277.58673893623177,-213.42073621617325,820.0674490323809,1.0,277.58673893623177,1.0,688.4474579692991,454.3348381113669,21.54346281606376
0.24665523676040135,0.13122074853514387,1.081004910509129,21.956770652355843,0.0,1.0,0.0004618748108464743,0.0004396268545177051,0.0,1.9995381251891535,1.9995603731454823,0.0004618748108464743,0.0,1.0,9.363342355785283,0.025695464691441572,0.025068568494943714,0.025695464691441572,0.025068568494943714,1.0,0.0004618748108464743,0.0004396268545177051,0.0,1.9995381251891535,1.9995603731454823,0.0004618748108464743,0.0,1.0,18.29232073806444,0.025695464691441572,0.025068568494943714,0.025695464691441572,0.025068568494943714,1.0,0.0004618748108464743,0.0004396268545177051,0.0,1.9995381251891535,1.9995603731454823,0.0004618748108464743,0.0,1.0,18.32194466364779,0.025695464691441572,0.025068568494943714,0.025695464691441572,0.025068568494943714,1.0,0.0004618748108464743,0.0004396268545177051,0.0,1.9995381251891535,1.9995603731454823,0.0004396268545177051,0.0,1.0,8.887445251715059,0.025695464691441572,0.025068568494943714,0.025695464691441572,0.025068568494943714,1.0,0.0004618748108464743,0.0004396268545177051,0.0,1.9995381251891535,1.9995603731454823,0.0004396268545177051,0.0,1.0,17.71241884577443,0.025695464691441572,0.025068568494943714,0.025695464691441572,0.025068568494943714,1.0,0.0004618748108464743,0.0004396268545177051,0.0,1.9995381251891535,1.9995603731454823,0.0004396268545177051,0.0,1.0,17.71084923003077,0.025695464691441572,0.025068568494943714,0.025695464691441572,0.025068568494943714,1.0,1.0,21.858828246872953,459.76172462999875,1.0,1.0,22.241614839424575,460.14451122255036,1.0,1.0,41.17989742496719,479.08279380809296,1.0,1.0,38.353725647697985,476.2566220308238,1.0,1.0,52.44224240609628,490.34513878922206,1.0,0.0,0.42857142857142855,0.42857142857142855,40.93522232806583,0.0,0.0,68.51654645594057,0.0,178.12563525622812,0.0,1.0,0.00031984475810061436,0.00030441684245636265,0.0,18.0,1.0,1.0,36.47196050314547,0.0,1.0,1.0,1.0,36.0,0.0,0.0,1.0,1.0,1.0,1.0,1.0,1.0,1.0,1.0,1.0,1.0,1.0,0.0007443694339856358,6.0,5.0,1.0,5.0,6.434375306531068,266.71476896402083,1.9996801552418992,1.9996955831575436,5349.22087379467,1.0,2537.4216430563574,3000.0,0.0,0.0,1.0,0.0,0.0,True,0.0,5,1.0,1.0,1.0,-828.5990023558834,-240.2829785362683,588.3160238196151,0.0,0.0,0.0,0.0,8.216733224593995,8.016074295825366,8.250074332703957,5.51490034816225,29.997782201285567,369.2290712769952,360.2101387859144,729.4392100629096,0.021380577280423387,0.02085832140781701,0.021380577280423387,0.02085832140781701,0.0,68.51654645594057,101.91410950253824,154.29616413035168,0.0,154.29616413035168,1.0,308.144719081815,0.0,42.48892235074637,48.414766033238394,32.51107764925362,26.58523396676162,42.48892235074637,48.414766033238394,32.51107764925362,26.58523396676162,150.00000000000006,0.0,0.0,0.0,0.0,0.0,150.00000000000006,0.0,38.220590202546425,0.0,6,1260.0,3000.0,3000.0,6000.0,38.220590202546425,33.92442607219475,357.18048012028805,357.18048012028805,360.42446780440247,360.42446780440247,345.9948341921423,0.0,357.18048012028805,206.32528398042936,215.57955473999138,292.45788383003423,-240.2829785362683,588.3160238196151,1.0,292.45788383003423,1.0,727.8295990981926,466.63224890429444,22.78626967906771
0.06939319466911456,0.018848143516689786,0.9451741992005063,18.71451414105309,0.0,1.0,0.00045867216574868586,0.0004365663880119275,0.0,1.9995413278342513,1.999563433611988,0.00045867216574868586,0.0,1.0,9.277158615005524,0.02560616476161866,0.02498110389768975,0.02560616476161866,0.02498110389768975,1.0,0.00045867216574868586,0.0004365663880119275,0.0,1.9995413278342513,1.999563433611988,0.00045867216574868586,0.0,1.0,18.193654923902795,0.02560616476161866,0.02498110389768975,0.02560616476161866,0.02498110389768975,1.0,0.00045867216574868586,0.0004365663880119275,0.0,1.9995413278342513,1.999563433611988,0.00045867216574868586,0.0,1.0,18.22363195036312,0.02560616476161866,0.02498110389768975,0.02560616476161866,0.02498110389768975,1.0,0.00045867216574868586,0.0004365663880119275,0.0,1.9995413278342513,1.999563433611988,0.0004365663880119275,0.0,1.0,8.806049588165312,0.02560616476161866,0.02498110389768975,0.02560616476161866,0.02498110389768975,1.0,0.00045867216574868586,0.0004365663880119275,0.0,1.9995413278342513,1.999563433611988,0.0004365663880119275,0.0,1.0,17.6199077396448,0.02560616476161866,0.02498110389768975,0.02560616476161866,0.02498110389768975,1.0,0.00045867216574868586,0.0004365663880119275,0.0,1.9995413278342513,1.999563433611988,0.0004365663880119275,0.0,1.0,17.61842255867607,0.02560616476161866,0.02498110389768975,0.02560616476161866,0.02498110389768975,1.0,1.0,19.860826506136128,486.2409953255529,1.0,1.0,32.4871428916428,498.8673117110596,1.0,1.0,29.275588178372516,495.6557569977893,1.0,1.0,26.98078218803367,493.36095100745047,1.0,1.0,65.5700253100751,531.9501941294918,1.0,0.0,0.0,0.0,59.57157260622772,0.0,0.0,68.63500441133095,0.0,191.65529011939816,0.0,1.0,0.0003148226990535605,0.00029969060092336106,0.0,18.0,1.0,1.0,36.081126707379845,0.0,1.0,1.0,1.0,36.0,0.0,0.0,1.0,1.0,1.0,1.0,1.0,1.0,1.0,1.0,1.0,1.0,1.0,0.0009947653636662886,6.0,6.0,1.0,5.0,6.594663683253769,227.7513560001629,1.9996851773009463,1.9997003093990766,5291.898583749044,1.0,2496.310576150646,2884.242657822502,0.0,0.0,1.0,0.0,0.0,True,0.0,6,1.0,1.0,1.0,-1426.8901701203822,-221.04712791145042,1205.8430422089318,0.0,0.0,0.0,0.0,10.206705916578786,9.957905726989148,12.77053953375496,12.459079674652264,45.39423085197516,365.774678614028,355.8478555335689,721.622534147597,0.0212117770468049,0.020695504097384135,0.0212117770468049,0.020695504097384135,0.0,68.63500441133095,99.28046950290252,152.95806058787963,0.0,152.95806058787963,1.0,299.095864506182,0.0,35.575109031920235,17.489379085677278,39.42489096807977,51.72275380544784,35.575109031920235,17.489379085677278,39.42489096807977,51.72275380544784,144.21213289112512,0.0,0.0,0.0,0.0,0.0,144.21213289112512,0.0,46.96651789930095,0.0,7,1440.0,2884.242657822502,2884.242657822502,5767.457376028478,46.96651789930095,38.220590202546425,330.2445781322839,330.2445781322839,331.57069186717564,331.57069186717564,331.322719106917,0.0,330.2445781322839,200.99347542634965,169.82570959390452,301.82865128712893,-221.04712791145042,1205.8430422089318,1.0,301.82865128712893,1.0,726.225118329699,458.4511551498425,22.514920503759484
0.0965650512636165,0.03445067083861347,0.7626799801342209,10.520733500543798,0.0,1.0,0.00044751410657828394,0.0004186956231444494,0.0,1.9995524858934217,1.9995813043768556,0.00044751410657828394,0.0,1.0,9.02299702501601,0.02529258640896496,0.024464150454715394,0.02529258640896496,0.024464150454715394,1.0,0.00044751410657828394,0.0004186956231444494,0.0,1.9995524858934217,1.9995813043768556,0.00044751410657828394,0.0,1.0,17.88946384405766,0.02529258640896496,0.024464150454715394,0.02529258640896496,0.024464150454715394,1.0,0.00044751410657828394,0.0004186956231444494,0.0,1.9995524858934217,1.9995813043768556,0.00044751410657828394,0.0,1.0,17.907880274205553,0.02529258640896496,0.024464150454715394,0.02529258640896496,0.024464150454715394,1.0,0.00044751410657828394,0.0004186956231444494,0.0,1.9995524858934217,1.9995813043768556,0.0004186956231444494,0.0,1.0,8.430679878640428,0.02529258640896496,0.024464150454715394,0.02529258640896496,0.024464150454715394,1.0,0.00044751410657828394,0.0004186956231444494,0.0,1.9995524858934217,1.9995813043768556,0.0004186956231444494,0.0,1.0,14.017927086590925,0.02529258640896496,0.024464150454715394,0.02529258640896496,0.024464150454715394,1.0,0.00044751410657828394,0.0004186956231444494,0.0,1.9995524858934217,1.9995813043768556,0.0004186956231444494,0.0,1.0,15.425321672605053,0.02529258640896496,0.024464150454715394,0.02529258640896496,0.024464150454715394,1.0,1.0,21.50078775673789,69.091680553995,1.0,1.0,14.302166761780631,61.893059559037745,1.0,1.0,23.22424299273436,70.81513578999147,1.0,1.0,47.027746656299854,94.61863945355697,1.0,1.0,50.56755969516087,98.15845249241798,1.0,0.0,0.2857142857142857,0.2857142857142857,32.55177672594748,0.0,0.0,77.63250402263516,0.0,173.36568408839688,0.0,1.0,0.0003046925335633308,0.00023961393282338297,0.0,18.0,1.0,1.0,33.63277558338237,0.0,1.0,1.0,1.0,36.0,0.0,0.0,1.0,1.0,1.0,1.0,1.0,1.0,1.0,1.0,1.0,1.0,1.0,0.00030512435328875,6.0,6.0,1.0,5.0,7.012168823450428,243.26275874697677,1.9996953074664365,1.9997603860671767,4932.807085562747,1.0,2344.548983030504,2696.8641264655266,0.0,0.0,1.0,0.0,0.0,True,0.0,6,1.0,1.0,1.0,-1299.3112560079699,-228.81084006796323,1070.5004159400066,0.0,0.0,0.0,0.0,7.553976715766562,6.869891037918319,5.0556292881116836,4.074476916971209,23.553973958767774,359.35321587615147,313.3022957914957,672.6555116676471,0.020867193382721784,0.01849243932397214,0.020867193382721784,0.01849243932397214,0.0,77.63250402263516,95.17847903390611,153.99157856255258,0.0,153.99157856255258,1.0,308.2283215473753,0.0,35.54183591080285,39.63762159774576,39.45816408919715,20.205584725530574,35.54183591080285,39.63762159774576,39.45816408919715,20.205584725530574,134.84320632327632,0.0,0.0,0.0,0.0,0.0,134.84320632327632,0.0,66.1148901385772,0.0,8,1620.0,2696.8641264655266,2696.8641264655266,5774.247080878467,66.1148901385772,46.96651789930096,342.5000343154496,342.5000343154496,343.21626010194484,343.21626010194484,341.0274928971649,0.0,342.5000343154496,192.68898890792875,198.7122981601773,287.2960048325343,-228.81084006796323,1070.5004159400066,1.0,287.2960048325343,1.0,712.1170837529532,452.68431506403243,22.65821092197845
0.19655383302340246,0.045885010382704094,0.9187726912447902,11.103508132976016,0.0,1.0,0.00042968504020834963,0.0003277861325710063,0.0,1.9995703149597917,1.999672213867429,0.00042968504020834963,0.0,1.0,8.628575212624785,0.024783318477386136,0.02164452156158205,0.024783318477386136,0.02164452156158205,1.0,0.00042968504020834963,0.0003277861325710063,0.0,1.9995703149597917,1.999672213867429,0.00042968504020834963,0.0,1.0,17.416981407146952,0.024783318477386136,0.02164452156158205,0.024783318477386136,0.02164452156158205,1.0,0.00042968504020834963,0.0003277861325710063,0.0,1.9995703149597917,1.999672213867429,0.00042968504020834963,0.0,1.0,17.414131696755202,0.024783318477386136,0.02164452156158205,0.024783318477386136,0.02164452156158205,1.0,0.00042968504020834963,0.0003277861325710063,0.0,1.9995703149597917,1.999672213867429,0.0003277861325710063,0.0,1.0,7.89772503762786,0.024783318477386136,0.02164452156158205,0.024783318477386136,0.02164452156158205,1.0,0.00042968504020834963,0.0003277861325710063,0.0,1.9995703149597917,1.999672213867429,0.0003277861325710063,0.0,1.0,14.589333767962176,0.024783318477386136,0.02164452156158205,0.024783318477386136,0.02164452156158205,1.0,0.00042968504020834963,0.0003277861325710063,0.0,1.9995703149597917,1.999672213867429,0.0003277861325710063,0.0,1.0,14.563054518897154,0.024783318477386136,0.02164452156158205,0.024783318477386136,0.02164452156158205,1.0,1.0,25.980127781378677,333.74818870783497,1.0,1.0,22.01821903340402,329.78627995986034,1.0,1.0,9.806382341399722,317.57444326785605,1.0,1.0,35.12840559799533,342.8964665244516,1.0,1.0,72.45517547732035,380.2232364037767,1.0,0.0,0.14285714285714285,0.14285714285714285,28.28922275714151,0.0,0.0,24.219540694399395,0.0,189.05927301774565,0.0,1.0,0.000290636976542734,0.00025012728669470004,0.0,18.0,1.0,1.0,34.07342988265966,0.0,1.0,1.0,1.0,36.0,0.0,0.0,1.0,1.0,1.0,1.0,1.0,1.0,1.0,1.0,1.0,1.0,1.0,0.0007401847045233273,6.0,5.0,1.0,5.0,8.947739425995765,229.26957259962472,1.999709363023457,1.9997498727133052,4997.436382790082,1.0,2350.263356698715,2999.902996520469,0.0,0.0,1.0,0.0,0.0,True,0.0,5,1.0,1.0,1.0,-2159.531580297029,-211.68560410307109,1947.845976193958,0.0,0.0,0.0,0.0,10.334122748324647,9.360314319671446,11.864645832715517,11.22321030375754,42.78229320446915,350.5802244330084,330.88837322018446,681.4685976531929,0.020379575382157046,0.01889830232521955,0.020379575382157046,0.01889830232521955,0.0,24.219540694399395,90.00966950290253,199.52670735364882,0.0,199.52670735364882,1.0,337.24615161447616,0.0,33.27806511163292,30.97276636697884,41.72193488836709,44.02238345904461,33.27806511163292,30.97276636697884,41.72193488836709,44.02238345904461,149.99514982602346,0.0,0.0,0.0,0.0,0.0,149.99514982602346,0.0,115.64644766620259,0.0,9,1800.0,2999.902996520469,2999.902996520469,6000.0,115.64644766620259,66.1148901385772,317.85072462253794,317.85072462253794,317.5284061546066,317.5284061546066,328.30241585642136,0.0,317.85072462253794,182.2247254263496,172.05708664046742,278.68259655154816,-211.68560410307109,1947.845976193958,1.0,278.68259655154816,1.0,747.0269064950471,370.35948807407874,19.977246690345023
