N_P_star,N_UF_star,controller_id,cumulative_freeway_ttt,cumulative_total_ttt,cumulative_urban_ttt,mean_B_sum_step,step,step_freeway_ttt,step_total_ttt,step_urban_ttt,terminal_total_vehicles,time_sec,scenario,scenario_label,controller_label,controller_compute_time_sec,leader_fallback_guard_selected,leader_mfd_storage_excess_veh,leader_mfd_storage_penalty,leader_selected_N_P_star,leader_selected_N_UF_star,leader_selected_objective,leader_selected_stage_fallback,leader_selected_stage_fallback_no_control,leader_selected_stage_fallback_pfo,wall_time_sec
0.0,0.0,NO-CONTROL,6.363302506633708,17.616411845088862,11.253109338455156,0.1098857034132006,0,6.363302506633708,17.616411845088862,11.253109338455156,399.3821095008574,180.0,medium_demand,Median,No control,,,,,,,,,,,
0.0,0.0,NO-CONTROL,13.224798071450843,38.977791029466246,25.752992958015405,0.1869708815010099,1,6.861495564817135,21.361379184377384,14.499883619560247,431.1502748644211,360.0,medium_demand,Median,No control,,,,,,,,,,,
0.0,0.0,NO-CONTROL,20.39674246558829,61.2122832783332,40.81554081274491,0.1081036228327724,2,7.171944394137443,22.23449224886695,15.062547854729509,455.6320438711929,540.0,medium_demand,Median,No control,,,,,,,,,,,
0.0,0.0,NO-CONTROL,28.086472155251403,84.05857931121436,55.97210715596296,0.1851568751189219,3,7.689729689663117,22.846296032881167,15.15656634321805,456.7528535498623,720.0,medium_demand,Median,No control,,,,,,,,,,,
0.0,0.0,NO-CONTROL,35.95999298802158,107.81604064982636,71.85604766180478,0.1075708123731388,4,7.873520832770182,23.757461338612003,15.88394050584182,489.9131079688125,900.0,medium_demand,Median,No control,,,,,,,,,,,
0.0,0.0,NO-CONTROL,44.37162468928755,132.29740526048082,87.92578057119327,0.1838780618461032,5,8.411631701265966,24.48136461065446,16.06973290938849,488.6730100655667,1080.0,medium_demand,Median,No control,,,,,,,,,,,
0.0,0.0,NO-CONTROL,52.95872443971888,157.6000708066374,104.64134636691853,0.1070726820971924,6,8.587099750431326,25.302665546156582,16.715565795725258,520.5151706409649,1260.0,medium_demand,Median,No control,,,,,,,,,,,
0.0,0.0,NO-CONTROL,62.083986201474985,183.5148848433,121.43089864182498,0.1829651665142608,7,9.125261761756107,25.91481403666257,16.78955227490646,516.0451248969998,1440.0,medium_demand,Median,No control,,,,,,,,,,,
0.0,0.0,NO-CONTROL,71.35005398521488,210.09741680795665,138.74736282274176,0.1067645350980121,8,9.2660677837399,26.582531964656688,17.31646418091679,545.296680174441,1620.0,medium_demand,Median,No control,,,,,,,,,,,
0.0,0.0,NO-CONTROL,81.12980647532225,237.11920989641345,155.9894034210912,0.1825210561404726,9,9.779752490107372,27.021793088456803,17.242040598349433,536.5797410736177,1800.0,medium_demand,Median,No control,,,,,,,,,,,
0.0,0.0,NO-CONTROL,90.99528086767744,264.60983891857194,173.6145580508945,0.1066628286553249,10,9.865474392355182,27.490629022158465,17.62515462980328,561.9453720564829,1980.0,medium_demand,Median,No control,,,,,,,,,,,
0.0,0.0,NO-CONTROL,101.32102511943508,292.31676336243254,190.99573824299748,0.1825193434017442,11,10.325744251757657,27.706924443860636,17.381180192102978,548.4735641532498,2160.0,medium_demand,Median,No control,,,,,,,,,,,
0.0,0.0,NO-CONTROL,111.67085184854724,320.26262191109106,208.59177006254384,0.1067592796486702,12,10.349826729112149,27.945858548658517,17.596031819546365,569.4157181848033,2340.0,medium_demand,Median,No control,,,,,,,,,,,
0.0,0.0,NO-CONTROL,122.4349466555906,348.21150996160645,225.77656330601587,0.1829600591894254,13,10.764094807043367,27.948888050515382,17.18479324347202,552.1667137090215,2520.0,medium_demand,Median,No control,,,,,,,,,,,
0.0,0.0,NO-CONTROL,133.2562618456813,376.26713573685936,243.01087389117805,0.1070553475827623,14,10.8213151900907,28.055625775252885,17.234310585162188,571.4748523767761,2700.0,medium_demand,Median,No control,,,,,,,,,,,
0.0,0.0,NO-CONTROL,144.69603478110287,404.3838513773674,259.6878165962645,0.1838499327151772,15,11.439772935421546,28.11671564050807,16.676942705086525,559.1066397292748,2880.0,medium_demand,Median,No control,,,,,,,,,,,
0.0,0.0,NO-CONTROL,156.8890937980177,433.1293299018463,276.2402361038286,0.1075537664690897,16,12.19305901691485,28.74547852447889,16.55241950756404,595.4074445576829,3060.0,medium_demand,Median,No control,,,,,,,,,,,
0.0,0.0,NO-CONTROL,171.3116851807662,463.3719213815969,292.0602362008306,0.1851932388672471,17,14.422591382748497,30.242591479750537,15.82000009700204,625.1775955039333,3240.0,medium_demand,Median,No control,,,,,,,,,,,
0.0,0.0,NO-CONTROL,189.57080671008555,497.1106313811723,307.5398246710868,0.1080614060735132,18,18.259121529319344,33.73870999957548,15.479588470256136,735.5436564360002,3420.0,medium_demand,Median,No control,,,,,,,,,,,
0.0,0.0,NO-CONTROL,214.06127076567287,536.2787809544658,322.2175101887929,0.186899473891842,19,24.49046405558734,39.16814957329347,14.677685517706133,830.2957351527018,3600.0,medium_demand,Median,No control,,,,,,,,,,,
0.0,0.0,WU-CD-F,6.435908232435734,17.49129963050963,11.055391398073896,0.1030561641850238,0,6.435908232435734,17.49129963050963,11.055391398073896,394.7648004407265,180.0,medium_demand,Median,WU-CD-F,5.830528900027275,0.0,0.0,0.0,0.0,0.0,0.0,0.0,0.0,0.0,5.879598299972713
0.0,0.0,WU-CD-F,13.268206587247136,38.79959644688627,25.53138985963913,0.1867948790498862,1,6.832298354811401,21.30829681637664,14.475998461565236,425.7154528234372,360.0,medium_demand,Median,WU-CD-F,4.716389699955471,0.0,0.0,0.0,0.0,0.0,0.0,0.0,0.0,0.0,4.767249199911021
0.0,0.0,WU-CD-F,20.552033267277032,60.70232162372156,40.15028835644453,0.1779319251953783,2,7.283826680029895,21.90272517683529,14.618898496805391,443.239031721156,540.0,medium_demand,Median,WU-CD-F,4.711540700052865,0.0,0.0,0.0,0.0,0.0,0.0,0.0,0.0,0.0,4.762329300050624
0.0,0.0,WU-CD-F,28.22696430039525,83.27938824519252,55.05242394479727,0.1906734073256665,3,7.67493103311822,22.57706662147097,14.902135588352746,450.8394450060488,720.0,medium_demand,Median,WU-CD-F,4.515614900039509,0.0,0.0,0.0,0.0,0.0,0.0,0.0,0.0,0.0,4.566046399995685
0.0,0.0,WU-CD-F,36.1642278491984,106.73656685752276,70.57233900832433,0.1508273497410582,4,7.937263548803154,23.457178612330225,15.51991506352707,477.8641165239586,900.0,medium_demand,Median,WU-CD-F,4.686250300030224,0.0,0.0,0.0,0.0,0.0,0.0,0.0,0.0,0.0,4.736807800014503
0.0,0.0,WU-CD-F,44.57460236199294,130.9219558489104,86.34735348691744,0.1887296125305618,5,8.410374512794531,24.185388991387637,15.775014478593102,481.5696245516764,1080.0,medium_demand,Median,WU-CD-F,4.5357343999203295,0.0,0.0,0.0,0.0,0.0,0.0,0.0,0.0,0.0,4.58574199990835
0.0,0.0,WU-CD-F,53.19471474486609,155.91005814809134,102.71534340322523,0.1431248675222169,6,8.620112382873149,24.988102299180955,16.367989916307806,508.5176969537773,1260.0,medium_demand,Median,WU-CD-F,4.547850299975835,0.0,0.0,0.0,0.0,0.0,0.0,0.0,0.0,0.0,4.597841900074855
0.0,0.0,WU-CD-F,62.28261954547291,181.49372417479145,119.21110462931853,0.1853125359286193,7,9.087904800606818,25.583666026700087,16.49576122609327,511.5010659201382,1440.0,medium_demand,Median,WU-CD-F,4.683816000004299,0.0,0.0,0.0,0.0,0.0,0.0,0.0,0.0,0.0,4.734084700001404
0.0,0.0,WU-CD-F,71.52203946934263,207.7486456793693,136.22660621002666,0.1306307804392922,8,9.23941992386972,26.254921504577855,17.01550158070814,535.9159731427592,1620.0,medium_demand,Median,WU-CD-F,4.6748320000479,0.0,0.0,0.0,0.0,0.0,0.0,0.0,0.0,0.0,4.7250745999626815
0.0,0.0,WU-CD-F,81.23638299394011,234.42502599923924,153.18864300529913,0.1855004741074927,9,9.714343524597489,26.67638031986995,16.962036795272464,532.7300875036362,1800.0,medium_demand,Median,WU-CD-F,4.725548299960792,0.0,0.0,0.0,0.0,0.0,0.0,0.0,0.0,0.0,4.775724299950525
0.0,0.0,WU-CD-F,91.04008746355922,261.5595328011566,170.5194453375974,0.1065049998043061,10,9.803704469619106,27.134506801917382,17.33080233229828,555.2429381089921,1980.0,medium_demand,Median,WU-CD-F,6.293646799982525,0.0,0.0,0.0,0.0,0.0,0.0,0.0,0.0,0.0,6.343756999936886
0.0,0.0,WU-CD-F,101.2346971097207,288.8263635934172,187.59166648369649,0.1873865253637589,11,10.194609646161478,27.26683079226053,17.072221146099054,543.2699974837157,2160.0,medium_demand,Median,WU-CD-F,4.701017000013962,0.0,0.0,0.0,0.0,0.0,0.0,0.0,0.0,0.0,4.751194300013594
0.0,0.0,WU-CD-F,111.28688388928076,316.40610678811754,205.11922289883677,0.1414001383125344,12,10.052186779560069,27.579743194700335,17.52755641514027,556.8386695620959,2340.0,medium_demand,Median,WU-CD-F,4.637073999969289,0.0,0.0,0.0,0.0,0.0,0.0,0.0,0.0,0.0,4.6888961000368
0.0,0.0,WU-CD-F,121.4897153889046,343.854453846649,222.3647384577444,0.1933532877469784,13,10.202831499623844,27.448347058531517,17.24551555890767,543.8203102551719,2520.0,medium_demand,Median,WU-CD-F,4.705330199911259,0.0,0.0,0.0,0.0,0.0,0.0,0.0,0.0,0.0,4.75644749996718
0.0,0.0,WU-CD-F,131.47343406959058,371.1493661787368,239.6759321091463,0.1633168821461721,14,9.983718680685977,27.29491233208787,17.31119365140189,547.1856721146612,2700.0,medium_demand,Median,WU-CD-F,4.750520500005223,0.0,0.0,0.0,0.0,0.0,0.0,0.0,0.0,0.0,4.801591900060885
0.0,0.0,WU-CD-F,141.31313054025347,397.8206854811252,256.5075549408717,0.2013824304416145,15,9.839696470662895,26.671319302388348,16.83162283172545,523.3696397689326,2880.0,medium_demand,Median,WU-CD-F,4.764240099932067,0.0,0.0,0.0,0.0,0.0,0.0,0.0,0.0,0.0,4.813960400060751
0.0,0.0,WU-CD-F,150.62174418330466,423.7820721336429,273.1603279503382,0.1473672564777347,16,9.308613643051192,25.96138665251772,16.652773009466525,517.0431901500708,3060.0,medium_demand,Median,WU-CD-F,4.575149400043301,0.0,0.0,0.0,0.0,0.0,0.0,0.0,0.0,0.0,4.625927800079808
0.0,0.0,WU-CD-F,159.55773194937996,448.5148486361051,288.9571166867252,0.1895854220931714,17,8.935987766075291,24.732776502462205,15.796788736386912,480.5833224250115,3240.0,medium_demand,Median,WU-CD-F,4.548906699987128,0.0,0.0,0.0,0.0,0.0,0.0,0.0,0.0,0.0,4.602139200083911
0.0,0.0,WU-CD-F,167.71836453044403,472.13037407593447,304.41200954549043,0.131372237638645,18,8.160632581064064,23.61552543982936,15.454892858765296,467.2375035734768,3420.0,medium_demand,Median,WU-CD-F,4.568009999929927,0.0,0.0,0.0,0.0,0.0,0.0,0.0,0.0,0.0,4.617209400050342
0.0,0.0,WU-CD-F,175.30415649751032,494.3679131364904,319.06375663898007,0.1890197978139312,19,7.585791967066287,22.237539060555896,14.651747093489607,432.632120176777,3600.0,medium_demand,Median,WU-CD-F,4.676637700060383,0.0,0.0,0.0,0.0,0.0,0.0,0.0,0.0,0.0,4.726903500035405
0.0,0.0,PROPOSED-FOLLOWERS-ONLY,6.334359134925048,17.319860426109933,10.985501291184889,0.1170113133502153,0,6.334359134925048,17.319860426109933,10.985501291184889,394.13112390346976,180.0,medium_demand,Median,PFO,8.982503200066276,0.0,0.0,0.0,0.0,0.0,0.0,0.0,0.0,0.0,9.03239389997907
0.0,0.0,PROPOSED-FOLLOWERS-ONLY,13.103417489985825,38.41556961128855,25.312152121302724,0.1750247089782479,1,6.769058355060774,21.09570918517861,14.326650830117837,425.38171345036864,360.0,medium_demand,Median,PFO,5.294956600060687,0.0,0.0,0.0,0.0,0.0,0.0,0.0,0.0,0.0,5.346350000007078
0.0,0.0,PROPOSED-FOLLOWERS-ONLY,20.248391357770444,60.23323509828011,39.98484374050967,0.1238412350459913,2,7.144973867784622,21.81766548699157,14.672691619206946,446.0995115982074,540.0,medium_demand,Median,PFO,5.447750999941491,0.0,0.0,0.0,0.0,0.0,0.0,0.0,0.0,0.0,5.499329200014472
0.0,0.0,PROPOSED-FOLLOWERS-ONLY,27.8132244477265,82.70746486950323,54.89424042177673,0.1738146390704446,3,7.564833089956056,22.47422977122312,14.909396681267063,449.85518623990737,720.0,medium_demand,Median,PFO,5.319213600014336,0.0,0.0,0.0,0.0,0.0,0.0,0.0,0.0,0.0,5.370750600006431
0.0,0.0,PROPOSED-FOLLOWERS-ONLY,35.63944375056234,105.96998638350628,70.33054263294393,0.1200499151145433,4,7.826219302835844,23.262521514003044,15.4363022111672,476.809571487382,900.0,medium_demand,Median,PFO,5.37281339999754,0.0,0.0,0.0,0.0,0.0,0.0,0.0,0.0,0.0,5.424216200015508
0.0,0.0,PROPOSED-FOLLOWERS-ONLY,43.8887440143899,129.90490373996954,86.01615972557966,0.1395797504872287,5,8.249300263827553,23.934917356463284,15.68561709263573,477.887575884988,1080.0,medium_demand,Median,PFO,5.292331999982707,0.0,0.0,0.0,0.0,0.0,0.0,0.0,0.0,0.0,5.345359200029634
0.0,0.0,PROPOSED-FOLLOWERS-ONLY,52.41253809390604,154.6304240407547,102.21788594684868,0.1466463368725006,6,8.523794079516138,24.72552030078516,16.201726221269016,506.6424201201975,1260.0,medium_demand,Median,PFO,5.354901899932884,0.0,0.0,0.0,0.0,0.0,0.0,0.0,0.0,0.0,5.405989499995485
0.0,0.0,PROPOSED-FOLLOWERS-ONLY,61.39765016372296,179.91377633097983,118.51612616725686,0.143032942257878,7,8.98511206981692,25.283352290225103,16.298240220408186,506.2752014198227,1440.0,medium_demand,Median,PFO,5.445612599956803,0.0,0.0,0.0,0.0,0.0,0.0,0.0,0.0,0.0,5.496427600039169
0.0,0.0,PROPOSED-FOLLOWERS-ONLY,70.58910842539854,205.88182594417827,135.29271751877974,0.1424673805645782,8,9.191458261675573,25.96804961319845,16.776591351522875,527.6933955994965,1620.0,medium_demand,Median,PFO,5.288597399950959,0.0,0.0,0.0,0.0,0.0,0.0,0.0,0.0,0.0,5.339545900002122
0.0,0.0,PROPOSED-FOLLOWERS-ONLY,80.17627904131196,232.27287546439413,152.09659642308216,0.1447646662934161,9,9.587170615913426,26.39104952021585,16.803878904302426,527.980819378223,1800.0,medium_demand,Median,PFO,5.42141859990079,0.0,0.0,0.0,0.0,0.0,0.0,0.0,0.0,0.0,5.472805100027472
0.0,0.0,PROPOSED-FOLLOWERS-ONLY,89.96268970458488,259.1263641231023,169.16367441851742,0.1817636655788558,10,9.78641066327292,26.85348865870816,17.06707799543524,543.0518135842842,1980.0,medium_demand,Median,PFO,9.93421330000274,0.0,0.0,0.0,0.0,0.0,0.0,0.0,0.0,0.0,9.985808200086469
0.0,0.0,PROPOSED-FOLLOWERS-ONLY,100.06107327235176,286.15753132913653,186.0964580567848,0.1466900868243465,11,10.098383567766888,27.03116720603424,16.932783638267352,541.7573242979643,2160.0,medium_demand,Median,PFO,5.442732999916188,0.0,0.0,0.0,0.0,0.0,0.0,0.0,0.0,0.0,5.494309800094925
0.0,0.0,PROPOSED-FOLLOWERS-ONLY,110.25842834250436,313.39767333783925,203.13924499533493,0.1681075846085837,12,10.197355070152586,27.240142008702737,17.04278693855015,544.7578188237316,2340.0,medium_demand,Median,PFO,7.042908899951726,0.0,0.0,0.0,0.0,0.0,0.0,0.0,0.0,0.0,7.094924700097181
0.0,0.0,PROPOSED-FOLLOWERS-ONLY,120.59039972826554,340.604352112391,220.01395238412545,0.2011224823387843,13,10.331971385761197,27.206678774551683,16.87470738879049,541.5100650541019,2520.0,medium_demand,Median,PFO,7.948170399991795,0.0,0.0,0.0,0.0,0.0,0.0,0.0,0.0,0.0,7.999735199962743
0.0,0.0,PROPOSED-FOLLOWERS-ONLY,130.763207828906,367.62629051818107,236.86308268927507,0.2137248573982835,14,10.172808100640465,27.02193840579012,16.849130305149654,532.4218560337449,2700.0,medium_demand,Median,PFO,8.076259900000878,0.0,0.0,0.0,0.0,0.0,0.0,0.0,0.0,0.0,8.128255399991758
0.0,0.0,PROPOSED-FOLLOWERS-ONLY,140.75700229060226,394.1063261215442,253.34932383094204,0.1618747598045002,15,9.993794461696265,26.480035603363227,16.486241141666962,525.650485908089,2880.0,medium_demand,Median,PFO,8.176680400036275,0.0,0.0,0.0,0.0,0.0,0.0,0.0,0.0,0.0,8.228180200094357
0.0,0.0,PROPOSED-FOLLOWERS-ONLY,150.32167279768444,419.8182823011007,269.49660950341627,0.1504800988892708,16,9.564670507082187,25.711956179556424,16.147285672474236,497.4228081847596,3060.0,medium_demand,Median,PFO,8.009554699994624,0.0,0.0,0.0,0.0,0.0,0.0,0.0,0.0,0.0,8.060935199959204
0.0,0.0,PROPOSED-FOLLOWERS-ONLY,159.35911544412005,444.3986497584266,285.0395343143066,0.1885311537355106,17,9.037442646435611,24.580367457325924,15.542924810890312,478.59261239121696,3240.0,medium_demand,Median,PFO,7.771575600025244,0.0,0.0,0.0,0.0,0.0,0.0,0.0,0.0,0.0,7.822433799970895
0.0,0.0,PROPOSED-FOLLOWERS-ONLY,167.56744931793605,467.73835394240336,300.1709046244673,0.1224844985271626,18,8.208333873815988,23.33970418397669,15.1313703101607,449.2435661254045,3420.0,medium_demand,Median,PFO,6.078011899953708,0.0,0.0,0.0,0.0,0.0,0.0,0.0,0.0,0.0,6.128920700051822
0.0,0.0,PROPOSED-FOLLOWERS-ONLY,175.04799043068292,489.79803024758144,314.7500398168985,0.1521287673856171,19,7.480541112746851,22.05967630517808,14.57913519243123,423.2615724914377,3600.0,medium_demand,Median,PFO,5.602951399981976,0.0,0.0,0.0,0.0,0.0,0.0,0.0,0.0,0.0,5.655138500034809
408.20500000000027,6000.0,PROPOSED-STACKELBERG,6.334359134925048,17.319860426109933,10.985501291184889,0.1170113133502153,0,6.334359134925048,17.319860426109933,10.985501291184889,394.13112390346976,180.0,medium_demand,Median,P-Stack,204.974019199959,0.0,0.0,0.0,408.20500000000027,6000.0,60.23323534190314,0.0,0.0,0.0,205.02370489994064
408.20500000000027,6000.0,PROPOSED-STACKELBERG,13.103417489985825,38.41556961128855,25.312152121302724,0.1750247089782479,1,6.769058355060774,21.09570918517861,14.326650830117837,425.38171345036864,360.0,medium_demand,Median,P-Stack,44.436635500052944,0.0,0.0,0.0,408.20500000000027,6000.0,65.33918319117367,0.0,0.0,0.0,44.487343100016005
408.20500000000027,6000.0,PROPOSED-STACKELBERG,20.248391357770444,60.23323509828011,39.98484374050967,0.1238412350459913,2,7.144973867784622,21.81766548699157,14.672691619206946,446.0995115982074,540.0,medium_demand,Median,P-Stack,45.31848439993337,0.0,0.0,0.0,408.20500000000027,6000.0,67.5507842389549,0.0,0.0,0.0,45.36826510005631
408.20500000000027,6000.0,PROPOSED-STACKELBERG,27.8132244477265,82.70746486950323,54.89424042177673,0.1738146390704446,3,7.564833089956056,22.47422977122312,14.909396681267063,449.85518623990737,720.0,medium_demand,Median,P-Stack,46.01279269997031,0.0,0.0,0.0,408.20500000000027,6000.0,69.71500500679022,0.0,0.0,0.0,46.06439230008982
408.20500000000027,6000.0,PROPOSED-STACKELBERG,35.63944375056234,105.96998638350628,70.33054263294393,0.1200499151145433,4,7.826219302835844,23.262521514003044,15.4363022111672,476.809571487382,900.0,medium_demand,Median,P-Stack,40.74229110009037,0.0,0.0,0.0,408.20500000000027,6000.0,71.98546076402212,0.0,0.0,0.0,40.79307480005082
408.20500000000027,6000.0,PROPOSED-STACKELBERG,43.8887440143899,129.90490373996954,86.01615972557966,0.1395797504872287,5,8.249300263827553,23.934917356463284,15.68561709263573,477.887575884988,1080.0,medium_demand,Median,P-Stack,46.57414289994631,0.0,0.0,0.0,408.20500000000027,6000.0,74.08692417062613,0.0,0.0,0.0,46.625604400062
408.20500000000027,6000.0,PROPOSED-STACKELBERG,52.41253809390604,154.6304240407547,102.21788594684868,0.1466463368725006,6,8.523794079516138,24.72552030078516,16.201726221269016,506.6424201201975,1260.0,medium_demand,Median,P-Stack,38.95508589991368,0.0,0.0,0.0,408.20500000000027,6000.0,76.12277911140788,0.0,0.0,0.0,39.0056929999264
408.20500000000027,6000.0,PROPOSED-STACKELBERG,61.39765016372296,179.91377633097983,118.51612616725686,0.143032942257878,7,8.98511206981692,25.283352290225103,16.298240220408186,506.2752014198227,1440.0,medium_demand,Median,P-Stack,39.59265000000596,0.0,0.0,0.0,408.20500000000027,6000.0,77.75727184842653,0.0,0.0,0.0,39.64344569994137
408.20500000000027,6000.0,PROPOSED-STACKELBERG,70.58910842539854,205.88182594417827,135.29271751877974,0.1424673805645782,8,9.191458261675573,25.96804961319845,16.776591351522875,527.6933955994965,1620.0,medium_demand,Median,P-Stack,43.8711997999344,0.0,0.0,0.0,408.20500000000027,6000.0,79.58283279628263,0.0,0.0,0.0,43.92159389995504
408.20500000000027,5250.0,PROPOSED-STACKELBERG,80.20010962497638,232.2961622538045,152.09605262882818,0.1447646662934161,9,9.61100119957784,26.41433630962627,16.80333511004843,528.78393388807,1800.0,medium_demand,Median,P-Stack,40.65814950002823,0.0,0.0,0.0,408.20500000000027,5250.0,81.02964173869313,0.0,0.0,0.0,40.70769619999919
408.20500000000027,5250.0,PROPOSED-STACKELBERG,90.01872114314644,259.2219418126001,169.20322066945369,0.1452340441270015,10,9.81861151817006,26.92577955879556,17.1071680406255,546.1729923440091,1980.0,medium_demand,Median,P-Stack,255.2282837999519,0.0,0.0,0.0,408.20500000000027,5250.0,82.41349869443918,0.0,0.0,0.0,255.279693499906
408.20500000000027,4875.0,PROPOSED-STACKELBERG,100.19710260790352,286.3638457605613,186.16674315265777,0.1451850430715177,11,10.178381464757075,27.14190394796117,16.963522483204095,541.1736934797975,2160.0,medium_demand,Median,P-Stack,45.27215089998208,0.0,0.0,0.0,408.20500000000027,4875.0,82.52712267102238,0.0,0.0,0.0,45.32308500004001
408.20500000000027,4875.0,PROPOSED-STACKELBERG,110.48463886760354,313.7325069137945,203.247868046191,0.1457911683117211,12,10.287536259700026,27.368661153233248,17.08112489353322,552.4674532523891,2340.0,medium_demand,Median,P-Stack,42.20733610005118,0.0,0.0,0.0,408.20500000000027,4875.0,82.31425472334415,0.0,0.0,0.0,42.25741569988895
408.20500000000027,4875.0,PROPOSED-STACKELBERG,120.9525617751828,340.9747611836535,220.02219940847075,0.1456326804996062,13,10.467922907579249,27.242254269859007,16.77433136227976,539.7767983324201,2520.0,medium_demand,Median,P-Stack,42.111436899984255,0.0,0.0,0.0,408.20500000000027,4875.0,81.0471714816837,0.0,0.0,0.0,42.16127379995305
408.20500000000027,4875.0,PROPOSED-STACKELBERG,131.2466145662065,368.00332991561856,236.75671534941205,0.1477508503591767,14,10.294052791023711,27.028568731965017,16.734515940941304,541.2592190639386,2700.0,medium_demand,Median,P-Stack,45.67786060005892,0.0,0.0,0.0,408.20500000000027,4875.0,79.41651345324856,0.0,0.0,0.0,45.72937840002123
408.20500000000027,4875.0,PROPOSED-STACKELBERG,141.34374068535013,394.39152228947967,253.04778160412957,0.1466941869815833,15,10.097126119143644,26.388192373861145,16.291066254717503,518.1032833250147,2880.0,medium_demand,Median,P-Stack,49.51116160000674,0.0,0.0,0.0,408.20500000000027,4875.0,76.76583704428148,0.0,0.0,0.0,49.56096160004381
408.20500000000027,4875.0,PROPOSED-STACKELBERG,150.84782006545765,420.00722537463525,269.15940530917766,0.1513087943002939,16,9.504079380107486,25.61570308515558,16.111623705048093,508.0288257591301,3060.0,medium_demand,Median,P-Stack,51.98176610004157,0.0,0.0,0.0,408.20500000000027,4875.0,73.47783663965357,0.0,0.0,0.0,52.03204999992158
408.20500000000027,4875.0,PROPOSED-STACKELBERG,159.7398981950745,444.46144466907634,284.72154647400185,0.1485206262495783,17,8.892078129616868,24.45421929444109,15.562141164824222,475.4893784731084,3240.0,medium_demand,Median,P-Stack,52.52517059992533,0.0,0.0,0.0,408.20500000000027,4875.0,69.95651547621686,0.0,0.0,0.0,52.57819649996236
368.20500000000027,5122.434170804237,PROPOSED-STACKELBERG,167.78037510655258,467.7724785330507,299.9921034264981,0.1565883744312376,18,8.040476911478084,23.31103386397429,15.27055695249621,460.71754364699336,3420.0,medium_demand,Median,P-Stack,52.27228359994479,0.0,0.0,0.0,368.20500000000027,5122.434170804237,66.71694104288319,0.0,0.0,0.0,52.32328620005865
328.20500000000027,5660.019146679016,PROPOSED-STACKELBERG,175.24300181753927,489.8906262899396,314.6476244724003,0.1514127959818788,19,7.462626710986674,22.11814775688888,14.655521045902203,430.8986287770051,3600.0,medium_demand,Median,P-Stack,52.686792799970135,0.0,0.0,0.0,328.20500000000027,5660.019146679016,63.97184567613829,0.0,0.0,0.0,52.73782549996395
0.0,0.0,NO-CONTROL,7.451044503025821,20.181088892223976,12.730044389198154,0.1113824033039806,0,7.451044503025821,20.181088892223976,12.730044389198154,487.1746759648792,180.0,peak_demand,Peak,No control,,,,,,,,,,,
0.0,0.0,NO-CONTROL,16.59317192734745,47.05847260045996,30.46530067311251,0.1811549995069692,1,9.142127424321624,26.877383708235985,17.735256283914357,558.2532512543528,360.0,peak_demand,Peak,No control,,,,,,,,,,,
0.0,0.0,NO-CONTROL,26.802258678134407,76.31654498229328,49.51428630415887,0.1057923175294785,2,10.20908675078696,29.258072381833323,19.048985631046364,609.1376698220238,540.0,peak_demand,Peak,No control,,,,,,,,,,,
0.0,0.0,NO-CONTROL,38.9204350906673,107.58523162448029,68.66479653381299,0.1796837311274809,3,12.118176412532886,31.26868664218701,19.150510229654124,642.3145240996621,720.0,peak_demand,Peak,No control,,,,,,,,,,,
0.0,0.0,NO-CONTROL,53.86466130116445,142.57089980384228,88.70623850267782,0.1066558922447819,4,14.944226210497156,34.985668179361994,20.04144196886484,760.4939795801658,900.0,peak_demand,Peak,No control,,,,,,,,,,,
0.0,0.0,NO-CONTROL,75.81312805235979,184.63391912697497,108.8207910746152,0.1817863786955308,5,21.948466751195333,42.06301932313271,20.11455257193737,937.4183830807906,1080.0,peak_demand,Peak,No control,,,,,,,,,,,
0.0,0.0,NO-CONTROL,109.97850957912632,239.54160985397405,129.56310027484773,0.1179406719957349,6,34.165381526766545,54.90769072699907,20.74230920023253,1252.4250411965008,1260.0,peak_demand,Peak,No control,,,,,,,,,,,
0.0,0.0,NO-CONTROL,160.52523221768936,310.83944330938493,150.3142110916956,0.1938211802754674,7,50.54672263856303,71.2978334554109,20.751110816847863,1594.7073579447397,1440.0,peak_demand,Peak,No control,,,,,,,,,,,
0.0,0.0,NO-CONTROL,228.5419996820453,400.3914502122078,171.8494505301625,0.1367937279867148,8,68.01676746435595,89.55200690282285,21.535239438466903,1968.655668224098,1620.0,peak_demand,Peak,No control,,,,,,,,,,,
0.0,0.0,NO-CONTROL,313.7439904372902,507.3247119436242,193.580721506334,0.2103163577899522,9,85.20199075524494,106.93326173141642,21.731270976171487,2296.785117733248,1800.0,peak_demand,Peak,No control,,,,,,,,,,,
0.0,0.0,NO-CONTROL,412.7806857210936,631.5219118541081,218.7412261330146,0.2351043738170611,10,99.03669528380333,124.19719991048392,25.16050462668061,2658.037081458426,1980.0,peak_demand,Peak,No control,,,,,,,,,,,
0.0,0.0,NO-CONTROL,522.09856267572,772.5777896783084,250.47922700258837,0.178540890068892,11,109.31787695462644,141.05587782420014,31.738000869573725,2977.2214909968307,2160.0,peak_demand,Peak,No control,,,,,,,,,,,
0.0,0.0,NO-CONTROL,637.3070007904138,930.4906765647866,293.1836757743727,0.1793280967102419,12,115.2084381146938,157.91288688647816,42.70444877178437,3330.08361422456,2340.0,peak_demand,Peak,No control,,,,,,,,,,,
0.0,0.0,NO-CONTROL,756.7358306584406,1104.762699505953,348.0268688475123,0.074903728733317,13,119.42882986802675,174.27202294116634,54.84319307313958,3637.614211689596,2520.0,peak_demand,Peak,No control,,,,,,,,,,,
0.0,0.0,NO-CONTROL,880.0879052270257,1295.6026101005089,415.5147048734832,0.0648021497161602,14,123.352074568585,190.83991059455587,67.48783602597088,3990.4913361857134,2700.0,peak_demand,Peak,No control,,,,,,,,,,,
0.0,0.0,NO-CONTROL,1007.2939545230096,1503.7814723266206,496.48751780361096,0.0432290141716829,15,127.20604929598402,208.17886222611185,80.9728129301278,4341.8464308923385,2880.0,peak_demand,Peak,No control,,,,,,,,,,,
0.0,0.0,NO-CONTROL,1137.968715579476,1731.1491632630286,593.1804476835526,0.044648830810659,16,130.67476105646648,227.36769093640825,96.69292987994172,4741.729565009407,3060.0,peak_demand,Peak,No control,,,,,,,,,,,
0.0,0.0,NO-CONTROL,1271.9659950007708,1977.3052174426125,705.3392224418415,0.0424996714702166,17,133.9972794212946,246.15605417958332,112.15877475828876,5097.324968734545,3240.0,peak_demand,Peak,No control,,,,,,,,,,,
0.0,0.0,NO-CONTROL,1408.8366926194046,2241.6478177790177,832.8111251596132,0.0429108448512076,18,136.87069761863387,264.34260033640555,127.47190271777173,5466.73023694143,3420.0,peak_demand,Peak,No control,,,,,,,,,,,
0.0,0.0,NO-CONTROL,1548.3854359423326,2523.204484542981,974.819048600648,0.040052101316565,19,139.54874332292803,281.5566667639629,142.00792344103485,5789.581743169836,3600.0,peak_demand,Peak,No control,,,,,,,,,,,
0.0,0.0,WU-CD-F,7.426262213875503,20.07992952303404,12.653667309158536,0.0784811966036016,0,7.426262213875503,20.07992952303404,12.653667309158536,484.84708056773593,180.0,peak_demand,Peak,WU-CD-F,5.728990799980238,0.0,0.0,0.0,0.0,0.0,0.0,0.0,0.0,0.0,5.7781597001012415
0.0,0.0,WU-CD-F,16.474141945277633,46.692554176157714,30.218412230880084,0.1820310814387837,1,9.04787973140213,26.612624653123675,17.564744921721545,550.1493691251621,360.0,peak_demand,Peak,WU-CD-F,4.666643899981864,0.0,0.0,0.0,0.0,0.0,0.0,0.0,0.0,0.0,4.717870500055142
0.0,0.0,WU-CD-F,26.45704234249678,75.55771982905502,49.10067748655823,0.1252884205282746,2,9.982900397219147,28.865165652897296,18.88226525567815,597.699521797033,540.0,peak_demand,Peak,WU-CD-F,4.69536050001625,0.0,0.0,0.0,0.0,0.0,0.0,0.0,0.0,0.0,4.747109799995087
0.0,0.0,WU-CD-F,37.49343948107177,106.42414012383642,68.93070064276466,0.1870845744365881,3,11.036397138574989,30.86642029478141,19.830023156206423,637.241513750017,720.0,peak_demand,Peak,WU-CD-F,4.730722000007518,0.0,0.0,0.0,0.0,0.0,0.0,0.0,0.0,0.0,4.782752499915659
0.0,0.0,WU-CD-F,48.38281555249519,140.3385112448379,91.95569569234272,0.3315410254024223,4,10.889376071423415,33.914371121001466,23.02499504957805,705.2765336305649,900.0,peak_demand,Peak,WU-CD-F,4.856940499972552,0.0,0.0,0.0,0.0,0.0,0.0,0.0,0.0,0.0,4.908174999989569
0.0,0.0,WU-CD-F,59.52865922307036,177.97395270833292,118.44529348526255,0.1830982889424476,5,11.145843670575172,37.63544146349501,26.48959779291984,786.656496377469,1080.0,peak_demand,Peak,WU-CD-F,4.621403000084683,0.0,0.0,0.0,0.0,0.0,0.0,0.0,0.0,0.0,4.671704399981536
0.0,0.0,WU-CD-F,70.95498728902493,220.13615481206875,149.18116752304385,0.1773480428507703,6,11.426328065954564,42.16220210373583,30.735874037781265,879.3443577573785,1260.0,peak_demand,Peak,WU-CD-F,4.722863800008781,0.0,0.0,0.0,0.0,0.0,0.0,0.0,0.0,0.0,4.773166000028141
0.0,0.0,WU-CD-F,83.20749184307763,267.51124219859366,184.3037503555161,0.1869875391037724,7,12.252504554052706,47.37508738652495,35.12258283247224,996.918110445369,1440.0,peak_demand,Peak,WU-CD-F,4.760473100002855,0.0,0.0,0.0,0.0,0.0,0.0,0.0,0.0,0.0,4.811561899958178
0.0,0.0,WU-CD-F,97.94250625516376,321.22924019754583,223.28673394238209,0.0644221347169182,8,14.735014412086125,53.71799799895213,38.982983586866006,1139.9027194803434,1620.0,peak_demand,Peak,WU-CD-F,4.698881699936464,0.0,0.0,0.0,0.0,0.0,0.0,0.0,0.0,0.0,4.750515299965628
0.0,0.0,WU-CD-F,118.66390969710524,383.5394104980673,264.8755008009621,0.0842381932223002,9,20.72140344194145,62.31017030052145,41.58876685858,1348.4035319695147,1800.0,peak_demand,Peak,WU-CD-F,4.764955800026655,0.0,0.0,0.0,0.0,0.0,0.0,0.0,0.0,0.0,4.815083800000139
0.0,0.0,WU-CD-F,147.57979678463107,458.2926794706002,310.71288268596913,0.1151342883049686,10,28.915887087525856,74.75326897253294,45.83738188500708,1622.8644577378557,1980.0,peak_demand,Peak,WU-CD-F,6.234341199975461,0.0,0.0,0.0,0.0,0.0,0.0,0.0,0.0,0.0,6.286240700050257
0.0,0.0,WU-CD-F,184.0998144607204,546.1941013359167,362.09428687519625,0.0979647749890009,11,36.52001767608932,87.90142186531645,51.381404189227126,1875.6281360583675,2160.0,peak_demand,Peak,WU-CD-F,4.532379599986598,0.0,0.0,0.0,0.0,0.0,0.0,0.0,0.0,0.0,4.5835746000520885
0.0,0.0,WU-CD-F,227.3204343097471,647.0327275552161,419.712293245469,0.1187903523737985,12,43.22061984902672,100.83862621929948,57.61800637027275,2137.829550094267,2340.0,peak_demand,Peak,WU-CD-F,4.525215500034392,0.0,0.0,0.0,0.0,0.0,0.0,0.0,0.0,0.0,4.575374100008048
0.0,0.0,WU-CD-F,277.0299775121474,760.2523541995295,483.222376687382,0.1097023424530363,13,49.70954320240031,113.21962664431328,63.510083441912975,2374.3892263067914,2520.0,peak_demand,Peak,WU-CD-F,4.671960800071247,0.0,0.0,0.0,0.0,0.0,0.0,0.0,0.0,0.0,4.723653500084765
0.0,0.0,WU-CD-F,333.2130992986491,885.5251777170108,552.3120784183617,0.1224422783003683,14,56.1831217865017,125.27282351748144,69.08970173097974,2618.152402008622,2700.0,peak_demand,Peak,WU-CD-F,4.692658800049685,0.0,0.0,0.0,0.0,0.0,0.0,0.0,0.0,0.0,4.743122200015932
0.0,0.0,WU-CD-F,395.6179302701574,1022.1583290045947,626.5403987344375,0.1144548331566612,15,62.40483097150824,136.63315128758413,74.22832031607588,2834.437998854235,2880.0,peak_demand,Peak,WU-CD-F,4.712098599993624,0.0,0.0,0.0,0.0,0.0,0.0,0.0,0.0,0.0,4.76193279994186
0.0,0.0,WU-CD-F,460.9268229372147,1169.7041087157484,708.7772857785337,0.1252110004139702,16,65.3088926670573,147.5457797111535,82.2368870440962,3053.8149450096216,3060.0,peak_demand,Peak,WU-CD-F,4.7049896999960765,0.0,0.0,0.0,0.0,0.0,0.0,0.0,0.0,0.0,4.754704299964942
0.0,0.0,WU-CD-F,527.990691813306,1327.3794886680846,799.3887968547787,0.1272874997721639,17,67.06386887609123,157.6753799523362,90.61151107624497,3244.234775573379,3240.0,peak_demand,Peak,WU-CD-F,4.671862700022757,0.0,0.0,0.0,0.0,0.0,0.0,0.0,0.0,0.0,4.722507399972528
0.0,0.0,WU-CD-F,596.4306325211369,1494.6644670127523,898.2338344916158,0.1408510068449675,18,68.43994070783098,167.28497834466808,98.84503763683708,3429.4287487416623,3420.0,peak_demand,Peak,WU-CD-F,4.749219099991024,0.0,0.0,0.0,0.0,0.0,0.0,0.0,0.0,0.0,4.800039599998854
0.0,0.0,WU-CD-F,666.248279587657,1670.6159629677932,1004.367683380136,0.1490000732909119,19,69.81764706652004,175.95149595504034,106.13384888852028,3596.273677476244,3600.0,peak_demand,Peak,WU-CD-F,4.690916099934839,0.0,0.0,0.0,0.0,0.0,0.0,0.0,0.0,0.0,4.742202800000086
0.0,0.0,PROPOSED-FOLLOWERS-ONLY,7.380602257246232,19.85693113632885,12.47632887908262,0.1144074665622309,0,7.380602257246232,19.85693113632885,12.47632887908262,479.1161144013362,180.0,peak_demand,Peak,PFO,9.162005000049248,0.0,0.0,0.0,0.0,0.0,0.0,0.0,0.0,0.0,9.211718100006692
0.0,0.0,PROPOSED-FOLLOWERS-ONLY,16.385972342007733,46.38000113050458,29.994028788496845,0.1753721818155725,1,9.005370084761502,26.523069994175728,17.517699909414226,547.714999279636,360.0,peak_demand,Peak,PFO,5.69970120000653,0.0,0.0,0.0,0.0,0.0,0.0,0.0,0.0,0.0,5.75145970005542
0.0,0.0,PROPOSED-FOLLOWERS-ONLY,26.42212078035132,75.03082058670091,48.6086998063496,0.1607712632252176,2,10.036148438343588,28.65081945619634,18.614671017852757,586.4917530265367,540.0,peak_demand,Peak,PFO,7.132237399928272,0.0,0.0,0.0,0.0,0.0,0.0,0.0,0.0,0.0,7.183172900113277
0.0,0.0,PROPOSED-FOLLOWERS-ONLY,37.40698243228743,105.79258486868838,68.38560243640096,0.1497203716869978,3,10.984861651936107,30.761764281987467,19.77690263005136,636.3420713202212,720.0,peak_demand,Peak,PFO,7.906378800049424,0.0,0.0,0.0,0.0,0.0,0.0,0.0,0.0,0.0,7.959514499991201
0.0,0.0,PROPOSED-FOLLOWERS-ONLY,48.33208882884958,139.58937178049996,91.2572829516504,0.18460407937878,4,10.925106396562152,33.796786911811594,22.87168051524944,709.935017830861,900.0,peak_demand,Peak,PFO,7.860026399954222,0.0,0.0,0.0,0.0,0.0,0.0,0.0,0.0,0.0,7.911245299968868
0.0,0.0,PROPOSED-FOLLOWERS-ONLY,59.86486866783556,177.1555749501164,117.29070628228084,0.1547287926894023,5,11.53277983898598,37.56620316961642,26.03342333063044,785.5050387393582,1080.0,peak_demand,Peak,PFO,7.957254900014959,0.0,0.0,0.0,0.0,0.0,0.0,0.0,0.0,0.0,8.00925629993435
0.0,0.0,PROPOSED-FOLLOWERS-ONLY,72.72166032320982,218.96724241538624,146.24558209217642,0.2006208705070191,6,12.85679165537426,41.81166746526985,28.95487580989559,880.2717420466979,1260.0,peak_demand,Peak,PFO,7.967631100094877,0.0,0.0,0.0,0.0,0.0,0.0,0.0,0.0,0.0,8.019063999992795
0.0,0.0,PROPOSED-FOLLOWERS-ONLY,87.40950665365375,265.64017009051315,178.23066343685943,0.1659499786328487,7,14.687846330443932,46.67292767512694,31.98508134468301,979.2446890336604,1440.0,peak_demand,Peak,PFO,8.063065499998629,0.0,0.0,0.0,0.0,0.0,0.0,0.0,0.0,0.0,8.115860600024462
0.0,0.0,PROPOSED-FOLLOWERS-ONLY,105.82172674348428,318.19690874335043,212.37518199986616,0.1756038856233546,8,18.41222008983052,52.55673865283724,34.14451856300672,1115.23451846641,1620.0,peak_demand,Peak,PFO,7.7828311999328434,0.0,0.0,0.0,0.0,0.0,0.0,0.0,0.0,0.0,7.834529799991287
0.0,0.0,PROPOSED-FOLLOWERS-ONLY,130.94886210327857,377.9022670493333,246.95340494605475,0.1534207531128313,9,25.127135359794305,59.7053583059829,34.5782229461886,1264.7565388922835,1800.0,peak_demand,Peak,PFO,7.760959800099954,0.0,0.0,0.0,0.0,0.0,0.0,0.0,0.0,0.0,7.81272110005375
0.0,0.0,PROPOSED-FOLLOWERS-ONLY,163.8299953629238,446.1906823922537,282.3606870293299,0.1651029950820428,10,32.881133259645225,68.28841534292036,35.40728208327514,1453.7409606073045,1980.0,peak_demand,Peak,PFO,12.7389806000283,0.0,0.0,0.0,0.0,0.0,0.0,0.0,0.0,0.0,12.790112199960276
0.0,0.0,PROPOSED-FOLLOWERS-ONLY,206.0583753923169,524.0329690228953,317.9745936305784,0.1328473500071071,11,42.22838002939312,77.84228663064161,35.613906601248495,1659.6096324401203,2160.0,peak_demand,Peak,PFO,8.026334500056691,0.0,0.0,0.0,0.0,0.0,0.0,0.0,0.0,0.0,8.076746899983846
0.0,0.0,PROPOSED-FOLLOWERS-ONLY,259.30302376103464,613.6366047785423,354.3335810175076,0.1847654654840028,12,53.24464836871772,89.60363575564692,36.3589873869292,1902.5750837786804,2340.0,peak_demand,Peak,PFO,7.92923490004614,0.0,0.0,0.0,0.0,0.0,0.0,0.0,0.0,0.0,7.982030200073495
0.0,0.0,PROPOSED-FOLLOWERS-ONLY,322.6043564912192,714.1305429820574,391.5261864908382,0.1119686967980943,13,63.30133273018454,100.49393820351516,37.19260547333063,2105.6241709851693,2520.0,peak_demand,Peak,PFO,8.017203300027177,0.0,0.0,0.0,0.0,0.0,0.0,0.0,0.0,0.0,8.069325599935837
0.0,0.0,PROPOSED-FOLLOWERS-ONLY,391.7403810784342,824.8645777062072,433.124196627773,0.1221572089474925,14,69.13602458721502,110.73403472414984,41.598010136934825,2313.4120812941683,2700.0,peak_demand,Peak,PFO,7.888903499930166,0.0,0.0,0.0,0.0,0.0,0.0,0.0,0.0,0.0,7.938528299913742
0.0,0.0,PROPOSED-FOLLOWERS-ONLY,464.8269456732693,945.1527723492778,480.3258266760085,0.0895787740683698,15,73.08656459483512,120.2881946430706,47.20163004823549,2497.408785521743,2880.0,peak_demand,Peak,PFO,8.15897380001843,0.0,0.0,0.0,0.0,0.0,0.0,0.0,0.0,0.0,8.211503500002436
0.0,0.0,PROPOSED-FOLLOWERS-ONLY,540.5762785822518,1075.237562803753,534.6612842215012,0.1412368979532895,16,75.7493329089825,130.08479045447524,54.33545754549274,2699.844978158263,3060.0,peak_demand,Peak,PFO,7.97283020010218,0.0,0.0,0.0,0.0,0.0,0.0,0.0,0.0,0.0,8.024888399988413
0.0,0.0,PROPOSED-FOLLOWERS-ONLY,618.0584003721316,1215.0191239754013,596.9607236032697,0.152042782526315,17,77.48212178987974,139.78156117164826,62.29943938176852,2885.896978575832,3240.0,peak_demand,Peak,PFO,8.003132899990305,0.0,0.0,0.0,0.0,0.0,0.0,0.0,0.0,0.0,8.053886200068519
0.0,0.0,PROPOSED-FOLLOWERS-ONLY,696.5872194186586,1364.2028892534886,667.6156698348299,0.1779737771729139,18,78.52881904652708,149.1837652780872,70.65494623156015,3074.2543377108163,3420.0,peak_demand,Peak,PFO,7.924423199961893,0.0,0.0,0.0,0.0,0.0,0.0,0.0,0.0,0.0,7.975518900086172
0.0,0.0,PROPOSED-FOLLOWERS-ONLY,775.8451746923761,1522.0000289808768,746.1548542885007,0.1886584119607151,19,79.25795527371753,157.79713972738833,78.5391844536708,3235.339121967326,3600.0,peak_demand,Peak,PFO,7.97128589998465,0.0,0.0,0.0,0.0,0.0,0.0,0.0,0.0,0.0,8.023346000001766
487.5062500000002,6000.0,PROPOSED-STACKELBERG,7.380602257246232,19.85693113632885,12.47632887908262,0.1144074665622309,0,7.380602257246232,19.85693113632885,12.47632887908262,479.1161144013362,180.0,peak_demand,Peak,P-Stack,201.66525040008128,0.0,0.0,0.0,487.5062500000002,6000.0,75.54361684586495,0.0,0.0,0.0,201.71379429998345
487.5062500000002,6000.0,PROPOSED-STACKELBERG,16.385972342007733,46.38000113050458,29.994028788496845,0.1753721818155725,1,9.005370084761502,26.523069994175728,17.517699909414226,547.714999279636,360.0,peak_demand,Peak,P-Stack,46.19917599996552,0.0,0.0,0.0,487.5062500000002,6000.0,88.15810961061675,0.0,0.0,0.0,46.24987919989508
447.5062500000002,4500.0,PROPOSED-STACKELBERG,26.688864888813903,75.18299659843362,48.49413170961971,0.1391943063308318,2,10.302892546806168,28.80299546792903,18.500102921122863,596.2997550491157,540.0,peak_demand,Peak,P-Stack,48.32823510002345,0.0,0.0,0.0,447.5062500000002,4500.0,94.69107974504408,0.0,0.0,0.0,48.379139699973166
447.5062500000002,4500.0,PROPOSED-STACKELBERG,38.90551291298324,106.17594393918178,67.27043102619854,0.1685262274120055,3,12.216648024169336,30.992947340748174,18.77629931657884,635.4669059758922,720.0,peak_demand,Peak,P-Stack,42.98890180001035,0.0,0.0,0.0,447.5062500000002,4500.0,104.63575852486768,0.0,0.0,0.0,43.04031339997891
407.5062500000002,3000.0,PROPOSED-STACKELBERG,53.306638392563,140.22594778539388,86.91930939283088,0.1511635654375318,4,14.401125479579752,34.05000384621209,19.648878366632346,723.4584079178837,900.0,peak_demand,Peak,P-Stack,51.88025640009437,0.0,0.0,0.0,407.5062500000002,3000.0,117.78648626592404,0.0,0.0,0.0,51.928928899928
407.5062500000002,4275.0,PROPOSED-STACKELBERG,71.34659715240701,178.42309502056537,107.07649786815836,0.1580019992756181,5,18.039958759844016,38.1971472351715,20.157188475327487,797.0574226390856,1080.0,peak_demand,Peak,P-Stack,49.17543569998816,0.0,0.0,0.0,407.5062500000002,4275.0,127.8967899449346,0.0,0.0,0.0,49.224768999964
447.5062500000002,4275.0,PROPOSED-STACKELBERG,91.96999941141064,220.74886882889848,128.77886941748784,0.2396276054868786,6,20.62340225900362,42.325773808333096,21.70237154932948,883.9101563410281,1260.0,peak_demand,Peak,P-Stack,43.79623990005348,0.0,0.0,0.0,447.5062500000002,4275.0,142.22042015297208,0.0,0.0,0.0,43.84688890003599
452.5062500000002,2886.1111111111118,PROPOSED-STACKELBERG,115.22207419678791,267.3815610685115,152.15948687172354,0.1448305143795905,7,23.25207478537728,46.632692239612986,23.380617454235704,980.6587751347748,1440.0,peak_demand,Peak,P-Stack,43.27487790002488,0.0,0.0,0.0,452.5062500000002,2886.1111111111118,157.947126774772,0.0,0.0,0.0,43.32733040000312
452.5062500000002,4275.0,PROPOSED-STACKELBERG,141.88385022326108,320.0473409507239,178.1634907274628,0.1452927575768549,8,26.66177602647316,52.665779882212405,26.00400385573925,1118.3516432700924,1620.0,peak_demand,Peak,P-Stack,45.14704870001879,0.0,0.0,0.0,452.5062500000002,4275.0,178.88610487993037,0.0,0.0,0.0,45.19773930008523
452.5062500000002,4275.0,PROPOSED-STACKELBERG,172.82388592421552,379.2057285009092,206.3818425766937,0.0751258021458227,9,30.940035700954425,59.15838755018533,28.2183518492309,1224.9749855418488,1800.0,peak_demand,Peak,P-Stack,38.65407189994585,0.0,0.0,0.0,452.5062500000002,4275.0,204.6105675454456,0.0,0.0,0.0,38.70466299995314
1147.4113418011154,3600.0,PROPOSED-STACKELBERG,208.6408615649213,443.76533671980735,235.12447515488608,0.1703606847169471,10,35.81697564070576,64.55960821889812,28.74263257819236,1329.1948352433428,1980.0,peak_demand,Peak,P-Stack,253.89337519998665,0.0,0.0,0.0,1147.4113418011154,3600.0,205.8934392572576,0.0,0.0,0.0,253.94509690010452
1147.4113418011154,3600.0,PROPOSED-STACKELBERG,246.9381343539735,512.2838514911596,265.3457171371861,0.1154759557017066,11,38.29727278905223,68.51851477135229,30.221241982300054,1396.3018795857174,2160.0,peak_demand,Peak,P-Stack,50.24457249999978,0.0,0.0,0.0,1147.4113418011154,3600.0,215.88275000947272,0.0,0.0,0.0,50.29475980007555
1147.4113418011154,3600.0,PROPOSED-STACKELBERG,286.24477989860407,583.5729702562205,297.3281903576164,0.2573045685675341,12,39.30664554463053,71.28911876506079,31.982473220430265,1461.796015013449,2340.0,peak_demand,Peak,P-Stack,59.024140599998645,0.0,8.444814446594535,0.4222407223297267,1147.4113418011154,3600.0,226.1030662037479,0.0,0.0,0.0,59.07485950004775
1147.4113418011154,3600.0,PROPOSED-STACKELBERG,326.9013368308602,658.6194940488806,331.7181572180204,0.1041427359456031,13,40.65655693225612,75.04652379266014,34.389966860404016,1538.2921889948411,2520.0,peak_demand,Peak,P-Stack,52.95733809994999,0.0,8.390841047038691,0.4195420523519346,1147.4113418011154,3600.0,237.42229821027504,0.0,0.0,0.0,53.00859069998842
1147.4113418011154,3618.75,PROPOSED-STACKELBERG,369.5131032023535,737.6698545691052,368.1567513667517,0.1436091819647473,14,42.61176637149328,79.05036052022456,36.43859414873128,1619.3701522662454,2700.0,peak_demand,Peak,P-Stack,50.88454679993447,0.0,16.055317967784674,0.8027658983892337,1147.4113418011154,3618.75,248.69459318287952,0.0,0.0,0.0,50.93619169993326
1147.4113418011154,4531.36893410508,PROPOSED-STACKELBERG,413.9745462328993,820.0834419305786,406.1088956976794,0.1338527588459117,15,44.461443030545816,82.41358736147349,37.95214433092767,1673.197122470952,2880.0,peak_demand,Peak,P-Stack,48.575919799972326,0.0,16.01909764126384,0.8009548820631921,1147.4113418011154,4531.36893410508,259.71185668972674,0.0,0.0,0.0,48.62787570001092
1147.4113418011154,4515.684467052541,PROPOSED-STACKELBERG,459.7721606595728,905.196764148062,445.4246034884893,0.1596100997517923,16,45.79761442667356,85.1133222174835,39.315707790809945,1724.161020270803,3060.0,peak_demand,Peak,P-Stack,46.29585620004218,0.0,15.772573261568766,0.7886286630784384,1147.4113418011154,4515.684467052541,270.5139606246586,0.0,0.0,0.0,46.346628600033
1147.4113418011154,4507.84223352627,PROPOSED-STACKELBERG,506.938849939884,992.5984877754026,485.6596378355187,0.1544064333665326,17,47.16668928031114,87.40172362734054,40.235034347029405,1769.7341272809174,3240.0,peak_demand,Peak,P-Stack,45.398492700071074,0.0,29.11946729729424,1.455973364864712,1147.4113418011154,4507.84223352627,286.24248496459376,0.0,0.0,0.0,45.44963059993461
1147.4113418011154,4503.921116763135,PROPOSED-STACKELBERG,555.9574541701382,1082.6938348076983,526.7363806375599,0.1860114221127335,18,49.01860423025427,90.09534703229548,41.07674280204121,1832.826744639437,3420.0,peak_demand,Peak,P-Stack,43.58305669995025,0.0,14.821989760433624,0.7410994880216812,1147.4113418011154,4503.921116763135,312.17265506554213,0.0,0.0,0.0,43.63436709996313
1147.4113418011154,4503.921116763135,PROPOSED-STACKELBERG,608.6163244163566,1176.6762024383056,568.0598780219489,0.1817303521296026,19,52.658870246218434,93.9823676306074,41.323497384388965,1929.806205666387,3600.0,peak_demand,Peak,P-Stack,16.60588419996202,0.0,19.281975537235752,0.9640987768617876,1147.4113418011154,4503.921116763135,356.44469515747846,0.0,0.0,0.0,16.656139299971983
0.0,0.0,NO-CONTROL,7.463463151873799,20.152037296490565,12.688574144616767,0.2017180146701063,0,7.463463151873799,20.152037296490565,12.688574144616767,486.89287748794686,180.0,skew_peak,Peak skew,No control,,,,,,,,,,,
0.0,0.0,NO-CONTROL,16.638097188203645,47.20076405303094,30.562666864827293,0.1043997812570804,1,9.174634036329843,27.04872675654037,17.874092720210527,567.1871416189189,360.0,skew_peak,Peak skew,No control,,,,,,,,,,,
0.0,0.0,NO-CONTROL,26.777390201826336,77.21988235171227,50.442492149885936,0.2198088579989102,2,10.139293013622693,30.01911829868133,19.87982528505864,628.5228129964498,540.0,skew_peak,Peak skew,No control,,,,,,,,,,,
0.0,0.0,NO-CONTROL,38.632762112512296,109.71087151047472,71.07810939796242,0.1301831306734934,3,11.855371910685964,32.490989158762446,20.635617248076485,671.1242572261134,720.0,skew_peak,Peak skew,No control,,,,,,,,,,,
0.0,0.0,NO-CONTROL,52.78384063933751,146.08445949740036,93.30061885806286,0.2569625363277232,4,14.15107852682522,36.373587986925656,22.22250946010044,785.4750105927067,900.0,skew_peak,Peak skew,No control,,,,,,,,,,,
0.0,0.0,NO-CONTROL,72.77327259077462,189.1824276491697,116.40915505839511,0.1816238991030913,5,19.98943195143711,43.09796815176936,23.10853620033225,951.4622579715526,1080.0,skew_peak,Peak skew,No control,,,,,,,,,,,
0.0,0.0,NO-CONTROL,103.54537073756202,244.6526748102688,141.10730407270674,0.2911217219125067,6,30.772098146787403,55.47024716109902,24.69814901431161,1264.120882606706,1260.0,skew_peak,Peak skew,No control,,,,,,,,,,,
0.0,0.0,NO-CONTROL,149.6372479638186,316.50292422231047,166.86567625849187,0.2335041087818974,7,46.09187722625656,71.85024941204169,25.75837218578513,1612.531180135266,1440.0,skew_peak,Peak skew,No control,,,,,,,,,,,
0.0,0.0,NO-CONTROL,212.92658753015445,407.4371414843912,194.5105539542367,0.3212690908367762,8,63.289339566335855,90.9342172620807,27.64487769574484,2005.5820662600424,1620.0,skew_peak,Peak skew,No control,,,,,,,,,,,
0.0,0.0,NO-CONTROL,293.20831286230634,516.7524424094879,223.5441295471816,0.2757269752354771,9,80.28172533215192,109.3153009250968,29.03357559294489,2355.830581420776,1800.0,skew_peak,Peak skew,No control,,,,,,,,,,,
0.0,0.0,NO-CONTROL,388.4748659641009,644.3144502340438,255.8395842699428,0.3985024318849621,10,95.26655310179454,127.56200782455576,32.295454722761214,2732.837347419615,1980.0,skew_peak,Peak skew,No control,,,,,,,,,,,
0.0,0.0,NO-CONTROL,494.74618547716034,789.6395317852582,294.8933463080979,0.3330968526018205,11,106.27131951305944,145.3250815512145,39.05376203815506,3074.115352013656,2160.0,skew_peak,Peak skew,No control,,,,,,,,,,,
0.0,0.0,NO-CONTROL,608.6311500507031,952.7722508028662,344.141100752163,0.2902255157045804,12,113.88496457354272,163.13271901760788,49.24775444406514,3442.003180155167,2340.0,skew_peak,Peak skew,No control,,,,,,,,,,,
0.0,0.0,NO-CONTROL,727.1338095460305,1133.4337213422727,406.2999117962421,0.2119531014349976,13,118.50265949532746,180.66147053940657,62.15881104407909,3780.906719294402,2520.0,skew_peak,Peak skew,No control,,,,,,,,,,,
0.0,0.0,NO-CONTROL,849.5597137300971,1332.072521614029,482.5128078839319,0.1969060857151672,14,122.42590418406655,198.63880027175637,76.21289608768977,4156.72344836292,2700.0,skew_peak,Peak skew,No control,,,,,,,,,,,
0.0,0.0,NO-CONTROL,975.839592641582,1548.332006432725,572.492413791143,0.1685951484648126,15,126.27987891148484,216.259484818696,89.97960590721114,4496.182891748294,2880.0,skew_peak,Peak skew,No control,,,,,,,,,,,
0.0,0.0,NO-CONTROL,1105.5881833135495,1783.178986573368,677.5908032598186,0.1546744484175611,16,129.74859067196758,234.84698014064315,105.0983894686756,4889.841347290152,3060.0,skew_peak,Peak skew,No control,,,,,,,,,,,
0.0,0.0,NO-CONTROL,1238.6592923503451,2036.8125385450023,798.1532461946572,0.1420989128445266,17,133.07110903679566,253.6335519716343,120.56244293483864,5249.123885551991,3240.0,skew_peak,Peak skew,No control,,,,,,,,,,,
0.0,0.0,NO-CONTROL,1374.60381958448,2308.853118095226,934.2492985107458,0.1353084273850777,18,135.94452723413497,272.0405795502235,136.09605231608856,5621.322753126341,3420.0,skew_peak,Peak skew,No control,,,,,,,,,,,
0.0,0.0,NO-CONTROL,1513.2263925229092,2598.238973809895,1085.0125812869858,0.1294534379604583,19,138.62257293842913,289.38585571466905,150.76328277623992,5947.320027883398,3600.0,skew_peak,Peak skew,No control,,,,,,,,,,,
0.0,0.0,WU-CD-F,7.442608954917988,19.96225158354844,12.519642628630448,0.1804480856705173,0,7.442608954917988,19.96225158354844,12.519642628630448,477.6520035055509,180.0,skew_peak,Peak skew,WU-CD-F,6.534320300095715,0.0,0.0,0.0,0.0,0.0,0.0,0.0,0.0,0.0,6.586883399984799
0.0,0.0,WU-CD-F,16.254473082213202,46.94111958561096,30.686646503397757,0.2326167039503425,1,8.811864127295213,26.97886800206252,18.167003874767303,563.3568429586113,360.0,skew_peak,Peak skew,WU-CD-F,4.990579799981788,0.0,0.0,0.0,0.0,0.0,0.0,0.0,0.0,0.0,5.044571799924597
0.0,0.0,WU-CD-F,26.094790540318705,76.45463879195593,50.35984825163722,0.2495219072526753,2,9.840317458105504,29.513519206344974,19.67320174823947,605.0723887815446,540.0,skew_peak,Peak skew,WU-CD-F,5.175714800017886,0.0,0.0,0.0,0.0,0.0,0.0,0.0,0.0,0.0,5.230312600033358
0.0,0.0,WU-CD-F,36.81728901121315,108.41137848468485,71.59408947347168,0.300755461871619,3,10.72249847089444,31.9567396927289,21.23424122183446,661.813701331736,720.0,skew_peak,Peak skew,WU-CD-F,5.544192099943757,0.0,0.0,0.0,0.0,0.0,0.0,0.0,0.0,0.0,5.604380299919285
0.0,0.0,WU-CD-F,47.6834561008233,143.41164988827836,95.72819378745508,0.185849044028727,4,10.86616708961015,35.000271403593544,24.134104313983396,715.5395284444504,900.0,skew_peak,Peak skew,WU-CD-F,5.801527799922042,0.0,0.0,0.0,0.0,0.0,0.0,0.0,0.0,0.0,5.853952400037088
0.0,0.0,WU-CD-F,58.95419283336788,182.08475354786427,123.13056071449638,0.3771425389823091,5,11.270736732544576,38.67310365958589,27.402366927041317,808.7396273320645,1080.0,skew_peak,Peak skew,WU-CD-F,4.848374400055036,0.0,0.0,0.0,0.0,0.0,0.0,0.0,0.0,0.0,4.900715199997649
0.0,0.0,WU-CD-F,70.40526071273851,225.2113443174008,154.80608360466226,0.2729499126304397,6,11.451067879370632,43.12659076953651,31.675522890165883,892.7141006145272,1260.0,skew_peak,Peak skew,WU-CD-F,5.173766799969599,0.0,0.0,0.0,0.0,0.0,0.0,0.0,0.0,0.0,5.227920399978757
0.0,0.0,WU-CD-F,82.79219869485941,273.5914376464306,190.7992389515712,0.3681238387174923,7,12.386937982120902,48.38009332902985,35.99315534690894,1019.6648212979094,1440.0,skew_peak,Peak skew,WU-CD-F,5.033778900047764,0.0,0.0,0.0,0.0,0.0,0.0,0.0,0.0,0.0,5.087038800003938
0.0,0.0,WU-CD-F,97.5427195059459,328.49607964323604,230.95336013729013,0.3075622897851,8,14.75052081108649,54.90464199680541,40.15412118571892,1155.409416541544,1620.0,skew_peak,Peak skew,WU-CD-F,4.778098599985242,0.0,0.0,0.0,0.0,0.0,0.0,0.0,0.0,0.0,4.833620700053871
0.0,0.0,WU-CD-F,117.6134455685742,392.59904785515744,274.98560228658323,0.3101984178084858,9,20.070726062628303,64.10296821192142,44.03224214929311,1391.2699411909557,1800.0,skew_peak,Peak skew,WU-CD-F,5.073799400008284,0.0,0.0,0.0,0.0,0.0,0.0,0.0,0.0,0.0,5.126235199975781
0.0,0.0,WU-CD-F,146.09833936521144,469.3824043686402,323.28406500342874,0.351619305953826,10,28.48489379663724,76.78335651348277,48.298462716845535,1647.3053225859649,1980.0,skew_peak,Peak skew,WU-CD-F,8.124630899983458,0.0,0.0,0.0,0.0,0.0,0.0,0.0,0.0,0.0,8.180221399990842
0.0,0.0,WU-CD-F,182.66710438783645,559.2793020768707,376.6121976890343,0.2970203673197449,11,36.56876502262501,89.89689770823057,53.32813268560555,1917.9898982806912,2160.0,skew_peak,Peak skew,WU-CD-F,5.452864900114946,0.0,0.0,0.0,0.0,0.0,0.0,0.0,0.0,0.0,5.510479300050065
0.0,0.0,WU-CD-F,225.83362125723863,662.065455603203,436.2318343459643,0.2807684727981192,12,43.16651686940218,102.78615352633216,59.61963665692998,2161.739410925325,2340.0,skew_peak,Peak skew,WU-CD-F,5.062511400086805,0.0,0.0,0.0,0.0,0.0,0.0,0.0,0.0,0.0,5.116206499980763
0.0,0.0,WU-CD-F,275.49272865619423,777.4162880630466,501.9235594068524,0.2639012849760178,13,49.65910739895561,115.35083245984376,65.69172506088816,2423.057904334564,2520.0,skew_peak,Peak skew,WU-CD-F,4.992667199927382,0.0,0.0,0.0,0.0,0.0,0.0,0.0,0.0,0.0,5.0456193999852985
0.0,0.0,WU-CD-F,331.4888785399806,904.91722533284,573.4283467928593,0.2560489515151525,14,55.99614988378637,127.50093726979324,71.50478738600688,2651.7852930376457,2700.0,skew_peak,Peak skew,WU-CD-F,5.521723299985752,0.0,0.0,0.0,0.0,0.0,0.0,0.0,0.0,0.0,5.576888900017366
0.0,0.0,WU-CD-F,393.36800886012026,1044.027968332537,650.6599594724167,0.2453111518234389,15,61.87913032013968,139.11074299969712,77.23161267955744,2889.2610759744693,2880.0,skew_peak,Peak skew,WU-CD-F,5.026196000049822,0.0,0.0,0.0,0.0,0.0,0.0,0.0,0.0,0.0,5.08038480009418
0.0,0.0,WU-CD-F,458.4216710098834,1194.1897185144912,735.7680475046078,0.2418731537686619,16,65.05366214976316,150.16175018195423,85.10808803219106,3097.1227662123265,3060.0,skew_peak,Peak skew,WU-CD-F,5.226590399979614,0.0,0.0,0.0,0.0,0.0,0.0,0.0,0.0,0.0,5.279137199977413
0.0,0.0,WU-CD-F,525.2497016915946,1354.6558559389357,829.406154247341,0.2429183245963853,17,66.82803068171121,160.46613742444436,93.63810674273314,3303.7112228279934,3240.0,skew_peak,Peak skew,WU-CD-F,5.243208700092509,0.0,0.0,0.0,0.0,0.0,0.0,0.0,0.0,0.0,5.296921300003305
0.0,0.0,WU-CD-F,593.5042714871835,1524.7941407159285,931.2898692287448,0.2474549195474676,18,68.25456979558884,170.13828477699263,101.8837149814038,3483.9604632302053,3420.0,skew_peak,Peak skew,WU-CD-F,5.031908700009808,0.0,0.0,0.0,0.0,0.0,0.0,0.0,0.0,0.0,5.084563700016588
0.0,0.0,WU-CD-F,663.1003179887621,1703.7967094141277,1040.6963914253656,0.257572836983649,19,69.59604650157858,179.00256869819935,109.40652219662076,3661.4278286896088,3600.0,skew_peak,Peak skew,WU-CD-F,4.922515799989924,0.0,0.0,0.0,0.0,0.0,0.0,0.0,0.0,0.0,4.974987199995667
0.0,0.0,PROPOSED-FOLLOWERS-ONLY,7.379865007132976,19.8372423757235,12.457377368590524,0.2384540321014707,0,7.379865007132976,19.8372423757235,12.457377368590524,478.79375473202754,180.0,skew_peak,Peak skew,PFO,9.014259799965656,0.0,0.0,0.0,0.0,0.0,0.0,0.0,0.0,0.0,9.06473950005602
0.0,0.0,PROPOSED-FOLLOWERS-ONLY,16.407795066864153,46.44253052776793,30.03473546090377,0.0870022912426915,1,9.02793005973118,26.605288152044437,17.577358092313254,555.2845655029411,360.0,skew_peak,Peak skew,PFO,6.145427200011909,0.0,0.0,0.0,0.0,0.0,0.0,0.0,0.0,0.0,6.198350599966943
0.0,0.0,PROPOSED-FOLLOWERS-ONLY,26.350686723335546,75.843075722704,49.49238899936846,0.3071507847629086,2,9.94289165647139,29.400545194936072,19.45765353846468,606.7115502484373,540.0,skew_peak,Peak skew,PFO,7.025543299969286,0.0,0.0,0.0,0.0,0.0,0.0,0.0,0.0,0.0,7.077074999921024
0.0,0.0,PROPOSED-FOLLOWERS-ONLY,37.28411368383082,107.65465506762264,70.3705413837918,0.1939928289374708,3,10.933426960495284,31.811579344918627,20.878152384423345,657.5764747204175,720.0,skew_peak,Peak skew,PFO,7.909642499987967,0.0,0.0,0.0,0.0,0.0,0.0,0.0,0.0,0.0,7.961570899933577
0.0,0.0,PROPOSED-FOLLOWERS-ONLY,48.28021841437169,142.68384963742602,94.40363122305436,0.1938930852028531,4,10.996104730540864,35.02919456980341,24.033089839262544,720.253892085876,900.0,skew_peak,Peak skew,PFO,7.958626599982381,0.0,0.0,0.0,0.0,0.0,0.0,0.0,0.0,0.0,8.013078900054097
0.0,0.0,PROPOSED-FOLLOWERS-ONLY,59.45255218184155,181.31146255981065,121.8589103779691,0.3756292580981957,5,11.172333767469858,38.62761292238461,27.455279154914752,808.2949910885084,1080.0,skew_peak,Peak skew,PFO,8.002306299982592,0.0,0.0,0.0,0.0,0.0,0.0,0.0,0.0,0.0,8.055161099997349
0.0,0.0,PROPOSED-FOLLOWERS-ONLY,70.95120082727585,224.40036495566733,153.4491641283915,0.2246619402586994,6,11.49864864543431,43.08890239585671,31.5902537504224,893.5629731519437,1260.0,skew_peak,Peak skew,PFO,8.157563399989158,0.0,0.0,0.0,0.0,0.0,0.0,0.0,0.0,0.0,8.212903399951756
0.0,0.0,PROPOSED-FOLLOWERS-ONLY,83.59574184398548,272.2953139754077,188.69957213142223,0.408387296789232,7,12.644541016709624,47.89494901974037,35.25040800303075,1006.6037880885224,1440.0,skew_peak,Peak skew,PFO,8.112838199944235,0.0,0.0,0.0,0.0,0.0,0.0,0.0,0.0,0.0,8.169140100013465
0.0,0.0,PROPOSED-FOLLOWERS-ONLY,97.6910182803505,326.03959145287206,228.3485731725216,0.2565451353432822,8,14.095276436365022,53.7442774774644,39.64900104109937,1128.450987587156,1620.0,skew_peak,Peak skew,PFO,8.170263699954376,0.0,0.0,0.0,0.0,0.0,0.0,0.0,0.0,0.0,8.223358700051904
0.0,0.0,PROPOSED-FOLLOWERS-ONLY,115.0944908504242,386.72429379663856,271.6298029462144,0.2424238431676578,9,17.40347257007369,60.68470234376649,43.2812297736928,1289.5503663574332,1800.0,skew_peak,Peak skew,PFO,7.987365500070155,0.0,0.0,0.0,0.0,0.0,0.0,0.0,0.0,0.0,8.040195499896072
0.0,0.0,PROPOSED-FOLLOWERS-ONLY,138.2300379811646,457.12390149355736,318.8938635123927,0.3287769589779098,10,23.135547130740395,70.39960769691875,47.26406056617835,1514.9646669788704,1980.0,skew_peak,Peak skew,PFO,12.71676760003902,0.0,0.0,0.0,0.0,0.0,0.0,0.0,0.0,0.0,12.769494300009685
0.0,0.0,PROPOSED-FOLLOWERS-ONLY,170.73892193475098,539.7283575208451,368.989435586094,0.3572289136411232,11,32.508883953586384,82.60445602728771,50.09557207370133,1773.1708000502629,2160.0,skew_peak,Peak skew,PFO,7.906974799931049,0.0,0.0,0.0,0.0,0.0,0.0,0.0,0.0,0.0,7.958825699985027
0.0,0.0,PROPOSED-FOLLOWERS-ONLY,212.7344193881884,635.2656098553477,422.5311904671593,0.3832828214871447,12,41.99549745343739,95.53725233450268,53.5417548810653,2024.7298061116703,2340.0,skew_peak,Peak skew,PFO,8.001073400024325,0.0,0.0,0.0,0.0,0.0,0.0,0.0,0.0,0.0,8.051951800007373
0.0,0.0,PROPOSED-FOLLOWERS-ONLY,263.2490598206755,742.6919092113501,479.4428493906746,0.3730444044085154,13,50.514640432487134,107.42629935600245,56.9116589235153,2261.0937992278286,2520.0,skew_peak,Peak skew,PFO,7.924997200025245,0.0,0.0,0.0,0.0,0.0,0.0,0.0,0.0,0.0,7.976657600025646
0.0,0.0,PROPOSED-FOLLOWERS-ONLY,321.55143335390494,861.6854449458724,540.1340115919675,0.4036155040891685,14,58.30237353322945,118.99353573452224,60.69116220129281,2479.2159890693915,2700.0,skew_peak,Peak skew,PFO,7.912364099989645,0.0,0.0,0.0,0.0,0.0,0.0,0.0,0.0,0.0,7.963465300039388
0.0,0.0,PROPOSED-FOLLOWERS-ONLY,385.94470073452834,991.4583914054904,605.513690670962,0.3908364878583255,15,64.39326738062341,129.77294645961797,65.37967907899457,2701.964560141818,2880.0,skew_peak,Peak skew,PFO,8.03037769999355,0.0,0.0,0.0,0.0,0.0,0.0,0.0,0.0,0.0,8.083263600012287
0.0,0.0,PROPOSED-FOLLOWERS-ONLY,453.2392759242954,1131.7446622550724,678.505386330777,0.3912643701948022,16,67.29457518976709,140.28627084958214,72.99169565981506,2897.9911762673028,3060.0,skew_peak,Peak skew,PFO,8.00233449996449,0.0,0.0,0.0,0.0,0.0,0.0,0.0,0.0,0.0,8.054163700086065
0.0,0.0,PROPOSED-FOLLOWERS-ONLY,522.9584473798319,1281.7058698167764,758.7474224369445,0.3975424587428192,17,69.71917145553651,149.961207561704,80.2420361061675,3092.138849630167,3240.0,skew_peak,Peak skew,PFO,7.925791800022125,0.0,0.0,0.0,0.0,0.0,0.0,0.0,0.0,0.0,7.976787300081924
0.0,0.0,PROPOSED-FOLLOWERS-ONLY,594.6917979670737,1440.9181626455934,846.2263646785195,0.4180689845169241,18,71.73335058724186,159.21229282881689,87.47894224157504,3266.335084293607,3420.0,skew_peak,Peak skew,PFO,8.026858099969104,0.0,0.0,0.0,0.0,0.0,0.0,0.0,0.0,0.0,8.078258299967274
0.0,0.0,PROPOSED-FOLLOWERS-ONLY,668.1514134190234,1608.31130806868,940.1598946496564,0.4243890006183559,19,73.45961545194959,167.39314542308642,93.93352997113684,3427.107744657186,3600.0,skew_peak,Peak skew,PFO,7.996033200062811,0.0,0.0,0.0,0.0,0.0,0.0,0.0,0.0,0.0,8.047564700013027
487.5062500000001,6000.0,PROPOSED-STACKELBERG,7.379865007132976,19.8372423757235,12.457377368590524,0.2384540321014707,0,7.379865007132976,19.8372423757235,12.457377368590524,478.79375473202754,180.0,skew_peak,Peak skew,P-Stack,226.3006401000312,0.0,0.0,0.0,487.5062500000001,6000.0,76.24937186904691,0.0,0.0,0.0,226.3536366999615
487.5062500000001,6000.0,PROPOSED-STACKELBERG,16.32149849769813,46.51006869613808,30.188570198439955,0.1322475015990634,1,8.941633490565156,26.67282632041459,17.731192829849434,560.6701567730622,360.0,skew_peak,Peak skew,P-Stack,52.35534490004648,0.0,0.0,0.0,487.5062500000001,6000.0,88.59125659386932,0.0,0.0,0.0,52.40810580004472
487.5062500000001,6000.0,PROPOSED-STACKELBERG,26.082999990551663,75.9252785280668,49.84227853751513,0.2596380148083169,2,9.761501492853531,29.415209831928703,19.65370833907517,599.3549926032567,540.0,skew_peak,Peak skew,P-Stack,47.00047079997603,0.0,0.0,0.0,487.5062500000001,6000.0,97.87820478549988,0.0,0.0,0.0,47.052598000038415
447.5062500000001,4500.0,PROPOSED-STACKELBERG,37.07069751151909,107.70254524991752,70.63184773839845,0.2109470855937544,3,10.98769752096743,31.777266721850747,20.78956920088332,654.5033319709103,720.0,skew_peak,Peak skew,P-Stack,48.22313719999511,0.0,0.0,0.0,447.5062500000001,4500.0,107.23745651721804,0.0,0.0,0.0,48.27414930006489
447.5062500000001,4500.0,PROPOSED-STACKELBERG,49.183789181783936,142.58137628812025,93.39758710633627,0.21862051526155,4,12.113091670264843,34.878831038202684,22.76573936793784,722.2220926831295,900.0,skew_peak,Peak skew,P-Stack,52.546059599961154,0.0,0.0,0.0,447.5062500000001,4500.0,118.45902740523074,0.0,0.0,0.0,52.60855309991166
447.5062500000001,4500.0,PROPOSED-STACKELBERG,62.20000914769483,181.04368609402732,118.84367694633254,0.2124387191902069,5,13.016219965910896,38.46230980590714,25.446089839996247,798.8083640196747,1080.0,skew_peak,Peak skew,P-Stack,59.27135020005517,0.0,0.0,0.0,447.5062500000001,4500.0,130.9316419079366,0.0,0.0,0.0,59.32595520000905
447.5062500000001,4500.0,PROPOSED-STACKELBERG,75.36835638550532,223.895068753172,148.52671236766668,0.1771934761894819,6,13.168347237810492,42.85138265914464,29.68303542133415,890.6002832743104,1260.0,skew_peak,Peak skew,P-Stack,58.93707860005088,0.0,0.0,0.0,447.5062500000001,4500.0,144.99436457305572,0.0,0.0,0.0,58.990885099978186
407.5062500000001,3000.0,PROPOSED-STACKELBERG,89.55667238535447,271.0669461059361,181.5102737205816,0.2587779058225443,7,14.18831599984915,47.1718773527641,32.98356135291495,982.1720249294452,1440.0,skew_peak,Peak skew,P-Stack,50.6910958000226,0.0,0.0,0.0,407.5062500000001,3000.0,159.0085692851744,0.0,0.0,0.0,50.745441399980336
367.5062500000001,3807.570201298569,PROPOSED-STACKELBERG,105.73870859790998,323.5417379555007,217.80302935759076,0.1850871018259163,8,16.182036212555506,52.47479184956463,36.29275563700912,1095.15400446759,1620.0,skew_peak,Peak skew,P-Stack,59.526232399977744,0.0,0.0,0.0,367.5062500000001,3807.570201298569,173.37099719014228,0.0,0.0,0.0,59.5801586000016
367.5062500000001,3807.570201298569,PROPOSED-STACKELBERG,124.56899614586024,381.1673819104515,256.5983857645913,0.2076235362811448,9,18.83028754795028,57.62564395495082,38.79535640700054,1195.651537736476,1800.0,skew_peak,Peak skew,P-Stack,55.47107379999943,0.0,0.0,0.0,367.5062500000001,3807.570201298569,189.6294099259365,0.0,0.0,0.0,55.5236035999842
367.5062500000001,3807.570201298569,PROPOSED-STACKELBERG,146.59298233855094,444.3817925413842,297.78881020283325,0.1658702538483053,10,22.02398619269069,63.21441063093266,41.190424438241976,1317.8556582241413,1980.0,skew_peak,Peak skew,P-Stack,269.23305219993927,0.0,0.0,0.0,367.5062500000001,3807.570201298569,206.46679102662915,0.0,0.0,0.0,269.2833915000083
367.5062500000001,3807.570201298569,PROPOSED-STACKELBERG,173.20974667046735,513.6052491141382,340.39550244367086,0.1662126018151788,11,26.61676433191641,69.223456572754,42.6066922408376,1422.488242235518,2160.0,skew_peak,Peak skew,P-Stack,47.60381260002032,0.0,8.294381409643478,0.4147190704821739,367.5062500000001,3807.570201298569,227.9284773994156,0.0,0.0,0.0,47.6564905999694
367.5062500000001,3807.570201298569,PROPOSED-STACKELBERG,204.73676873932408,589.5483820656164,384.8116133262923,0.2033553163774569,12,31.52702206885672,75.94313295147812,44.4161108826214,1596.641789746614,2340.0,skew_peak,Peak skew,P-Stack,39.04498749994673,0.0,95.21220493939316,4.760610246969658,367.5062500000001,3807.570201298569,255.88506367680085,0.0,0.0,0.0,39.09701729996596
367.5062500000001,3807.570201298569,PROPOSED-STACKELBERG,240.4449064737969,673.2817666680816,432.8368601942847,0.2610059063017164,13,35.70813773447278,83.73338460246515,48.025246867992365,1730.667417165962,2520.0,skew_peak,Peak skew,P-Stack,43.49007959989831,0.0,207.78873636433275,10.389436818216636,367.5062500000001,3807.570201298569,284.3616636462396,0.0,0.0,0.0,43.54477949999273
367.5062500000001,3807.570201298569,PROPOSED-STACKELBERG,278.8311487467098,763.8418323925138,485.010683645804,0.3310176231543102,14,38.38624227291295,90.56006572443226,52.173823451519326,1888.5635527768848,2700.0,skew_peak,Peak skew,P-Stack,41.99464779999107,0.0,347.20711807717095,17.360355903858547,367.5062500000001,3807.570201298569,311.1632042846596,0.0,0.0,0.0,42.04620129999239
367.5062500000001,3807.570201298569,PROPOSED-STACKELBERG,317.6274546802722,861.7094930556458,544.0820383753736,0.3202551751858495,15,38.7963059335624,97.86766066313204,59.07135472956964,2010.42444706588,2880.0,skew_peak,Peak skew,P-Stack,38.28558159992099,0.0,503.332550895144,25.1666275447572,367.5062500000001,3807.570201298569,339.07337183879105,0.0,0.0,0.0,38.34089099999983
367.5062500000001,3807.570201298569,PROPOSED-STACKELBERG,355.6083894900525,965.2960653532114,609.6876758631589,0.3310790303110073,16,37.98093480978029,103.58657229756564,65.60563748778536,2125.864242771613,3060.0,skew_peak,Peak skew,P-Stack,35.39867940009572,0.0,677.0807689684801,33.854038448424006,367.5062500000001,3807.570201298569,362.3220715509924,0.0,0.0,0.0,35.44981470005587
367.5062500000001,3940.634458597122,PROPOSED-STACKELBERG,392.9516649260037,1074.4901291908725,681.5384642648688,0.3153817451859623,17,37.34327543595119,109.1940638376611,71.85078840170992,2228.4123849234397,3240.0,skew_peak,Peak skew,P-Stack,35.290246499935165,0.0,859.281070263979,42.96405351319896,367.5062500000001,3940.634458597122,386.5321932907895,0.0,0.0,0.0,35.3489111000672
367.5062500000001,4218.246273113282,PROPOSED-STACKELBERG,429.5719557450134,1188.6328385122774,759.0608827672639,0.3329016378261535,18,36.62029081900971,114.1427093214048,77.5224185023951,2334.430072351097,3420.0,skew_peak,Peak skew,P-Stack,41.554858200019225,0.0,1060.5670421531163,53.02835210765582,367.5062500000001,4218.246273113282,410.1870136837665,0.0,0.0,0.0,41.60715970001184
367.5062500000001,4218.246273113282,PROPOSED-STACKELBERG,465.28894264856,1307.7249623205407,842.4360196719806,0.3314128330068042,19,35.71698690354661,119.0921238082633,83.37513690471668,2415.5745527902764,3600.0,skew_peak,Peak skew,P-Stack,39.065617299987935,0.0,1250.4543174567768,62.522715872838845,367.5062500000001,4218.246273113282,431.71104318997175,0.0,0.0,0.0,39.11770449997857
0.0,0.0,NO-CONTROL,7.272982209813716,19.754700767883094,12.481718558069376,0.1110998523514447,0,7.272982209813716,19.754700767883094,12.481718558069376,472.35566060348106,180.0,incident_or_capacity_drop,Incident,No control,,,,,,,,,,,
0.0,0.0,NO-CONTROL,16.030717245931804,45.65754489774022,29.62682765180842,0.1821020119754945,1,8.757735036118088,25.90284412985713,17.14510909373904,535.4341099590606,360.0,incident_or_capacity_drop,Incident,No control,,,,,,,,,,,
0.0,0.0,NO-CONTROL,25.648575887841663,73.63664775306279,47.98807186522113,0.1061508949599186,2,9.61785864190986,27.979102855322573,18.361244213412714,579.6280529655277,540.0,incident_or_capacity_drop,Incident,No control,,,,,,,,,,,
0.0,0.0,NO-CONTROL,36.70984389336162,103.15647130614686,66.44662741278523,0.1806043896633379,3,11.061268005519963,29.519823553084063,18.458555547564103,600.2353539811988,720.0,incident_or_capacity_drop,Incident,No control,,,,,,,,,,,
0.0,0.0,NO-CONTROL,49.39481334370234,135.20826623472212,85.81345289101978,0.1063844187821918,4,12.684969450340716,32.05179492857526,19.366825478234546,681.4309274152249,900.0,incident_or_capacity_drop,Incident,No control,,,,,,,,,,,
0.0,0.0,NO-CONTROL,66.24779031003749,171.5703190664682,105.3225287564307,0.1814270242865701,5,16.852976966335145,36.362052831746055,19.509075865410917,782.4634198960873,1080.0,incident_or_capacity_drop,Incident,No control,,,,,,,,,,,
0.0,0.0,NO-CONTROL,91.1299024145445,216.5603240039216,125.43042158937708,0.1142012247443121,6,24.882112104507016,44.99000493745339,20.10789283294638,1024.940252333966,1260.0,incident_or_capacity_drop,Incident,No control,,,,,,,,,,,
0.0,0.0,NO-CONTROL,129.16101229848755,274.647457717524,145.48644541903644,0.1909358638354529,7,38.03110988394304,58.0871337136024,20.05602382965936,1299.5572239820765,1440.0,incident_or_capacity_drop,Incident,No control,,,,,,,,,,,
0.0,0.0,NO-CONTROL,183.10574759057204,349.2276914857004,166.12194389512837,0.1323469948374271,8,53.9447352920845,74.58023376817644,20.63549847609194,1672.6467564554762,1620.0,incident_or_capacity_drop,Incident,No control,,,,,,,,,,,
0.0,0.0,NO-CONTROL,254.6031597419435,441.41200102457606,186.80884128263256,0.2074878395384196,9,71.49741215137145,92.18430953887564,20.686897387504207,2002.104722236616,1800.0,incident_or_capacity_drop,Incident,No control,,,,,,,,,,,
0.0,0.0,NO-CONTROL,342.150769320492,550.7349574071744,208.5841880866824,0.1944963138993238,10,87.54760957854846,109.3229563825983,21.77534680404984,2356.283129633618,1980.0,incident_or_capacity_drop,Incident,No control,,,,,,,,,,,
0.0,0.0,NO-CONTROL,440.985420071306,676.4597359353716,235.47431586406557,0.2235562529390971,11,98.83465075081403,125.72477852819716,26.89012777738313,2666.072472768792,2160.0,incident_or_capacity_drop,Incident,No control,,,,,,,,,,,
0.0,0.0,NO-CONTROL,548.8297859260658,818.4885945047553,269.65880857868945,0.2354415509221776,12,107.84436585475986,142.02885856938377,34.184492714623914,3005.2659244762663,2340.0,incident_or_capacity_drop,Incident,No control,,,,,,,,,,,
0.0,0.0,NO-CONTROL,661.2373232397637,976.1603452501388,314.92302201037506,0.1131868620717883,13,112.40753731369784,157.67175074538343,45.2642134316856,3299.7037870529603,2520.0,incident_or_capacity_drop,Incident,No control,,,,,,,,,,,
0.0,0.0,NO-CONTROL,776.690859248683,1149.421295781434,372.7304365327511,0.1036866212136951,14,115.45353600891931,173.26095053129538,57.80741452237607,3627.948565023091,2700.0,incident_or_capacity_drop,Incident,No control,,,,,,,,,,,
0.0,0.0,NO-CONTROL,895.1292992872762,1338.0738060157144,442.94450672843806,0.0530700746922044,15,118.43844003859326,188.65251023428016,70.21407019568692,3921.446284078365,2880.0,incident_or_capacity_drop,Incident,No control,,,,,,,,,,,
0.0,0.0,NO-CONTROL,1016.1778010577611,1543.5299865784698,527.3521855207085,0.0519205169454136,16,121.04850177048505,205.45618056275555,84.4076787922705,4292.8953787639975,3060.0,incident_or_capacity_drop,Incident,No control,,,,,,,,,,,
0.0,0.0,NO-CONTROL,1139.701895203834,1766.7380755878255,627.0361803839918,0.0455741994125368,17,123.52409414607273,223.20808900935597,99.68399486328322,4630.432270241928,3240.0,incident_or_capacity_drop,Incident,No control,,,,,,,,,,,
0.0,0.0,NO-CONTROL,1265.265561425446,2007.3080203971915,742.0424589717451,0.0457299944118802,18,125.56366622161212,240.56994480936544,115.00627858775331,4983.770074793307,3420.0,incident_or_capacity_drop,Incident,No control,,,,,,,,,,,
0.0,0.0,NO-CONTROL,1392.687200389623,2264.335682649068,871.6484822594449,0.0449577908157283,19,127.42163896417702,257.02766225187685,129.60602328769983,5292.162104688399,3600.0,incident_or_capacity_drop,Incident,No control,,,,,,,,,,,
0.0,0.0,WU-CD-F,7.24825770354618,19.653934834841564,12.405677131295386,0.0754024097810617,0,7.24825770354618,19.653934834841564,12.405677131295386,470.3500568088298,180.0,incident_or_capacity_drop,Incident,WU-CD-F,5.790788399986923,0.0,0.0,0.0,0.0,0.0,0.0,0.0,0.0,0.0,5.839330799994059
0.0,0.0,WU-CD-F,15.916080769086028,45.296767373335165,29.38068660424913,0.1829302782542369,1,8.667823065539848,25.6428325384936,16.97500947295375,527.2145190322722,360.0,incident_or_capacity_drop,Incident,WU-CD-F,4.651096100104041,0.0,0.0,0.0,0.0,0.0,0.0,0.0,0.0,0.0,4.702032499946654
0.0,0.0,WU-CD-F,25.41263733259436,72.8898909187825,47.47725358618814,0.1977383107041024,2,9.496556563508332,27.59312354544734,18.09656698193901,570.0440815287234,540.0,incident_or_capacity_drop,Incident,WU-CD-F,4.677752999938093,0.0,0.0,0.0,0.0,0.0,0.0,0.0,0.0,0.0,4.728944799979217
0.0,0.0,WU-CD-F,35.963497865680424,102.00989855018734,66.04640068450692,0.1888199736299597,3,10.550860533086064,29.12000763140485,18.56914709831878,596.4166358286802,720.0,incident_or_capacity_drop,Incident,WU-CD-F,4.733543699956499,0.0,0.0,0.0,0.0,0.0,0.0,0.0,0.0,0.0,4.785238999989815
0.0,0.0,WU-CD-F,46.62115829280072,133.5049747507191,86.88381645791837,0.1970600761651067,4,10.6576604271203,31.49507620053176,20.83741577341145,655.936270062382,900.0,incident_or_capacity_drop,Incident,WU-CD-F,4.782828100025654,0.0,0.0,0.0,0.0,0.0,0.0,0.0,0.0,0.0,4.834652699995786
0.0,0.0,WU-CD-F,57.746798782461305,167.87384324321667,110.12704446075536,0.1953748698086916,5,11.125640489660585,34.36886849249757,23.243228002836982,716.0467220823178,1080.0,incident_or_capacity_drop,Incident,WU-CD-F,4.768812000053003,0.0,0.0,0.0,0.0,0.0,0.0,0.0,0.0,0.0,4.819806099985726
0.0,0.0,WU-CD-F,68.77982751076553,206.02352608758864,137.24369857682314,0.1969330609248327,6,11.03302872830422,38.14968284437201,27.11665411606779,792.1171488021125,1260.0,incident_or_capacity_drop,Incident,WU-CD-F,4.756960600032471,0.0,0.0,0.0,0.0,0.0,0.0,0.0,0.0,0.0,4.806710400036536
0.0,0.0,WU-CD-F,80.31456798871399,248.5791656509286,168.2645976622146,0.19204492810278,7,11.534740477948455,42.55563956333993,31.020899085391477,891.2651120789233,1440.0,incident_or_capacity_drop,Incident,WU-CD-F,4.832990700029768,0.0,0.0,0.0,0.0,0.0,0.0,0.0,0.0,0.0,4.885017800028436
0.0,0.0,WU-CD-F,92.70700196503144,296.0096980994744,203.30269613444293,0.1186341701905699,8,12.39243397631747,47.43053244854581,35.03809847222834,989.4840204527457,1620.0,incident_or_capacity_drop,Incident,WU-CD-F,4.8469108999706805,0.0,0.0,0.0,0.0,0.0,0.0,0.0,0.0,0.0,4.898039799998514
0.0,0.0,WU-CD-F,106.57959941410928,348.53044194158144,241.95084252747216,0.0966087682491599,9,13.872597449077816,52.52074384210704,38.64814639302922,1099.1417961292643,1800.0,incident_or_capacity_drop,Incident,WU-CD-F,4.8009490999393165,0.0,0.0,0.0,0.0,0.0,0.0,0.0,0.0,0.0,4.852184300078079
0.0,0.0,WU-CD-F,123.36812379284412,407.75467497200754,284.3865511791634,0.1250669390936974,10,16.788524378734856,59.22423303042609,42.43570865169124,1267.8788080889256,1980.0,incident_or_capacity_drop,Incident,WU-CD-F,6.379531900049187,0.0,0.0,0.0,0.0,0.0,0.0,0.0,0.0,0.0,6.430426200036891
0.0,0.0,WU-CD-F,146.97803073837144,476.563510257286,329.5854795189145,0.1432857042353289,11,23.609906945527328,68.80883528527846,45.198928339751134,1489.332282476155,2160.0,incident_or_capacity_drop,Incident,WU-CD-F,4.781515399925411,0.0,0.0,0.0,0.0,0.0,0.0,0.0,0.0,0.0,4.831394199980423
0.0,0.0,WU-CD-F,179.1731126355282,557.5699048304975,378.3967921949693,0.1853972042267615,12,32.19508189715676,81.00639457321148,48.81131267605471,1735.7503724933235,2340.0,incident_or_capacity_drop,Incident,WU-CD-F,4.7074322999687865,0.0,0.0,0.0,0.0,0.0,0.0,0.0,0.0,0.0,4.7575872000306845
0.0,0.0,WU-CD-F,218.92309927854248,650.0835758883674,431.1604766098249,0.133379719025429,13,39.74998664301428,92.51367105786989,52.7636844148556,1953.7629589518992,2520.0,incident_or_capacity_drop,Incident,WU-CD-F,4.791917499969713,0.0,0.0,0.0,0.0,0.0,0.0,0.0,0.0,0.0,4.841848000069149
0.0,0.0,WU-CD-F,264.8232677107696,753.8970137757623,489.0737460649927,0.1397003980627444,14,45.90016843222712,103.81343788739488,57.91326945516776,2182.217704975997,2700.0,incident_or_capacity_drop,Incident,WU-CD-F,4.798975000041537,0.0,0.0,0.0,0.0,0.0,0.0,0.0,0.0,0.0,4.849812399945222
0.0,0.0,WU-CD-F,316.7624062577232,868.4466691120799,551.6842628543567,0.120178131276412,15,51.93913854695362,114.54965533631758,62.61051678936396,2385.736791794052,2880.0,incident_or_capacity_drop,Incident,WU-CD-F,4.739946399931796,0.0,0.0,0.0,0.0,0.0,0.0,0.0,0.0,0.0,4.789631700026803
0.0,0.0,WU-CD-F,374.7195472965016,993.2514722247022,618.5319249282006,0.1242189861404736,16,57.95714103877837,124.80480311262224,66.84766207384388,2589.3778992177067,3060.0,incident_or_capacity_drop,Incident,WU-CD-F,4.749577000038698,0.0,0.0,0.0,0.0,0.0,0.0,0.0,0.0,0.0,4.800643499940634
0.0,0.0,WU-CD-F,435.8979948504909,1127.4579976442155,691.5600027937245,0.1185436869537647,17,61.17844755398931,134.20652541951313,73.02807786552383,2770.5516030145936,3240.0,incident_or_capacity_drop,Incident,WU-CD-F,4.6938829000573605,0.0,0.0,0.0,0.0,0.0,0.0,0.0,0.0,0.0,4.745571600040421
0.0,0.0,WU-CD-F,498.1364276522133,1270.644132515743,772.5077048635296,0.1328006044382413,18,62.23843280172235,143.1861348715275,80.94770206980517,2947.2287086469305,3420.0,incident_or_capacity_drop,Incident,WU-CD-F,4.763515200000256,0.0,0.0,0.0,0.0,0.0,0.0,0.0,0.0,0.0,4.814975899993442
0.0,0.0,WU-CD-F,561.4652972023462,1421.8160734981388,860.3507762957926,0.1514958797857235,19,63.32886955013288,151.1719409823958,87.84307143226292,3095.386538179563,3600.0,incident_or_capacity_drop,Incident,WU-CD-F,4.604797999956645,0.0,0.0,0.0,0.0,0.0,0.0,0.0,0.0,0.0,4.656050299992785
0.0,0.0,PROPOSED-FOLLOWERS-ONLY,7.204267710079141,19.431290691679585,12.227022981600442,0.1139938657659983,0,7.204267710079141,19.431290691679585,12.227022981600442,464.6717309573478,180.0,incident_or_capacity_drop,Incident,PFO,8.885055800084956,0.0,0.0,0.0,0.0,0.0,0.0,0.0,0.0,0.0,8.935073100030422
0.0,0.0,PROPOSED-FOLLOWERS-ONLY,15.832730917625302,44.99750335535735,29.164772437732047,0.175463824359476,1,8.628463207546162,25.566212663677767,16.937749456131606,525.5165464040573,360.0,incident_or_capacity_drop,Incident,PFO,5.613008399959654,0.0,0.0,0.0,0.0,0.0,0.0,0.0,0.0,0.0,5.664203900028952
0.0,0.0,PROPOSED-FOLLOWERS-ONLY,25.42889121731711,72.3341061496742,46.90521493235708,0.1437960840950577,2,9.596160299691809,27.33660279431685,17.740442494625036,560.3400614397058,540.0,incident_or_capacity_drop,Incident,PFO,5.926347899949178,0.0,0.0,0.0,0.0,0.0,0.0,0.0,0.0,0.0,5.977010100032203
0.0,0.0,PROPOSED-FOLLOWERS-ONLY,36.02941355065277,101.3080770183144,65.27866346766164,0.1739303606729088,3,10.60052233333566,28.973970868640222,18.373448535304565,595.6687996199403,720.0,incident_or_capacity_drop,Incident,PFO,7.398711399990134,0.0,0.0,0.0,0.0,0.0,0.0,0.0,0.0,0.0,7.449970800080337
0.0,0.0,PROPOSED-FOLLOWERS-ONLY,46.79731787677311,132.67467735627127,85.87735947949818,0.1873841231960064,4,10.76790432612034,31.366600337956875,20.59869601183653,651.6422157348384,900.0,incident_or_capacity_drop,Incident,PFO,8.24435229995288,0.0,0.0,0.0,0.0,0.0,0.0,0.0,0.0,0.0,8.296156500000507
0.0,0.0,PROPOSED-FOLLOWERS-ONLY,57.87920518859105,167.04386396658796,109.16465877799692,0.1512248730019131,5,11.081887311817942,34.369186610316675,23.28729929849873,714.142715829933,1080.0,incident_or_capacity_drop,Incident,PFO,8.174384900019504,0.0,0.0,0.0,0.0,0.0,0.0,0.0,0.0,0.0,8.225959700066596
0.0,0.0,PROPOSED-FOLLOWERS-ONLY,69.0355826588361,205.149969744784,136.11438708594784,0.1941676429065207,6,11.156377470245058,38.10610577819597,26.949728307950917,796.8226511336364,1260.0,incident_or_capacity_drop,Incident,PFO,8.029471000074409,0.0,0.0,0.0,0.0,0.0,0.0,0.0,0.0,0.0,8.081829200033098
0.0,0.0,PROPOSED-FOLLOWERS-ONLY,81.11865913962569,247.38400919575196,166.26535005612624,0.189482635417886,7,12.08307648078958,42.23403945096797,30.150962970178394,886.993858220206,1440.0,incident_or_capacity_drop,Incident,PFO,8.091778000001796,0.0,0.0,0.0,0.0,0.0,0.0,0.0,0.0,0.0,8.1424374000635
0.0,0.0,PROPOSED-FOLLOWERS-ONLY,94.43412199345605,294.24239319746044,199.8082712040044,0.1593429387269446,8,13.31546285383034,46.85838400170851,33.54292114787817,980.5915173336648,1620.0,incident_or_capacity_drop,Incident,PFO,7.988382700015791,0.0,0.0,0.0,0.0,0.0,0.0,0.0,0.0,0.0,8.039499600068666
0.0,0.0,PROPOSED-FOLLOWERS-ONLY,110.13012412679308,346.2005934514888,236.0704693246957,0.1665964701008455,9,15.696002133337052,51.95820025402836,36.2621981206913,1097.9513055003204,1800.0,incident_or_capacity_drop,Incident,PFO,8.063621999928728,0.0,0.0,0.0,0.0,0.0,0.0,0.0,0.0,0.0,8.115114300046116
0.0,0.0,PROPOSED-FOLLOWERS-ONLY,128.7971598591541,404.5308051086929,275.7336452495388,0.1878828487868099,10,18.66703573236104,58.330211657204174,39.66317592484314,1231.8691875994211,1980.0,incident_or_capacity_drop,Incident,PFO,13.042977300006896,0.0,0.0,0.0,0.0,0.0,0.0,0.0,0.0,0.0,13.093687300104648
0.0,0.0,PROPOSED-FOLLOWERS-ONLY,151.75906500264438,470.2445187202089,318.4854537175645,0.2509992970734478,11,22.96190514349027,65.71371361151596,42.751808468025686,1399.798994169683,2160.0,incident_or_capacity_drop,Incident,PFO,8.098573700059205,0.0,0.0,0.0,0.0,0.0,0.0,0.0,0.0,0.0,8.14931950008031
0.0,0.0,PROPOSED-FOLLOWERS-ONLY,180.8871779517212,545.7253393253714,364.83816137365017,0.2619336877766592,12,29.1281129490768,75.48082060516248,46.35270765608567,1618.258018438336,2340.0,incident_or_capacity_drop,Incident,PFO,8.032800199929625,0.0,0.0,0.0,0.0,0.0,0.0,0.0,0.0,0.0,8.084331499994732
0.0,0.0,PROPOSED-FOLLOWERS-ONLY,218.6843171380472,632.9356993912231,414.2513822531759,0.2701737491300586,13,37.79713918632598,87.2103600658517,49.41322087952573,1855.903495366258,2520.0,incident_or_capacity_drop,Incident,PFO,7.876362400013022,0.0,0.0,0.0,0.0,0.0,0.0,0.0,0.0,0.0,7.926812100107782
0.0,0.0,PROPOSED-FOLLOWERS-ONLY,263.5978146638855,731.1771617376419,467.5793470737563,0.3186463628882809,14,44.91349752583836,98.24146234641876,53.3279648205804,2062.6851625109957,2700.0,incident_or_capacity_drop,Incident,PFO,7.865225899964571,0.0,0.0,0.0,0.0,0.0,0.0,0.0,0.0,0.0,7.91637550003361
0.0,0.0,PROPOSED-FOLLOWERS-ONLY,313.9938596999981,839.4218765572286,525.4280168572304,0.2819026919908711,15,50.39604503611263,108.24471481958676,57.84866978347414,2260.3000613247204,2880.0,incident_or_capacity_drop,Incident,PFO,7.941047000000253,0.0,0.0,0.0,0.0,0.0,0.0,0.0,0.0,0.0,7.992451500031166
0.0,0.0,PROPOSED-FOLLOWERS-ONLY,367.86709795800056,956.9740125392198,589.1069145812193,0.2489701293373853,16,53.87323825800242,117.55213598199128,63.67889772398886,2430.7819851456525,3060.0,incident_or_capacity_drop,Incident,PFO,7.785109799937345,0.0,0.0,0.0,0.0,0.0,0.0,0.0,0.0,0.0,7.836349999997765
0.0,0.0,PROPOSED-FOLLOWERS-ONLY,425.1173010111574,1083.4484915258915,658.3311905147342,0.1991378660090303,17,57.25020305315682,126.47447898667178,69.22427593351496,2620.456454170892,3240.0,incident_or_capacity_drop,Incident,PFO,7.917930800002068,0.0,0.0,0.0,0.0,0.0,0.0,0.0,0.0,0.0,7.969344799988903
0.0,0.0,PROPOSED-FOLLOWERS-ONLY,485.6518636998634,1218.512612942661,732.8607492427975,0.1979956437085385,18,60.53456268870603,135.06412141676935,74.52955872806331,2767.9702906756693,3420.0,incident_or_capacity_drop,Incident,PFO,7.969071500003338,0.0,0.0,0.0,0.0,0.0,0.0,0.0,0.0,0.0,8.020381000009365
0.0,0.0,PROPOSED-FOLLOWERS-ONLY,547.4431095760016,1361.5666405191953,814.1235309431937,0.1897054714582529,19,61.79124587613813,143.05402757653428,81.26278170039616,2941.014903095352,3600.0,incident_or_capacity_drop,Incident,PFO,7.819971900084056,0.0,0.0,0.0,0.0,0.0,0.0,0.0,0.0,0.0,7.870032800012268
493.6750000000001,6000.0,PROPOSED-STACKELBERG,7.204267710079141,19.431290691679585,12.227022981600442,0.1139938657659983,0,7.204267710079141,19.431290691679585,12.227022981600442,464.6717309573478,180.0,incident_or_capacity_drop,Incident,P-Stack,214.1799246999435,0.0,0.0,0.0,493.6750000000001,6000.0,72.55656914352737,0.0,0.0,0.0,214.2293517000508
493.6750000000001,6000.0,PROPOSED-STACKELBERG,15.832730917625302,44.99750335535735,29.164772437732047,0.175463824359476,1,8.628463207546162,25.566212663677767,16.937749456131606,525.5165464040573,360.0,incident_or_capacity_drop,Incident,P-Stack,44.292773099965416,0.0,0.0,0.0,493.6750000000001,6000.0,82.95510808264928,0.0,0.0,0.0,44.34407039999496
493.6750000000001,6000.0,PROPOSED-STACKELBERG,25.22007191144989,72.49434298588716,47.27427107443727,0.1509647987110747,2,9.387340993824589,27.496839630529813,18.109498636705226,547.4592739136729,540.0,incident_or_capacity_drop,Incident,P-Stack,43.174247800023295,0.0,0.0,0.0,493.6750000000001,6000.0,89.76744707682987,0.0,0.0,0.0,43.22483829990961
493.6750000000001,6000.0,PROPOSED-STACKELBERG,34.85568001928469,102.14099374159734,67.28531372231265,0.1531073605509086,3,9.635608107834802,29.646650755710176,20.01104264787537,620.838095682141,720.0,incident_or_capacity_drop,Incident,P-Stack,45.3568628000794,0.0,0.0,0.0,493.6750000000001,6000.0,97.5285318534365,0.0,0.0,0.0,45.407335099997
453.6750000000001,5210.821498667217,PROPOSED-STACKELBERG,45.09558708663393,134.30902220744167,89.21343512080774,0.0606717886404616,4,10.239907067349234,32.16802846584433,21.928121398495097,657.9994740767622,900.0,incident_or_capacity_drop,Incident,P-Stack,41.60143889999017,0.0,0.0,0.0,453.6750000000001,5210.821498667217,108.39716509881568,0.0,0.0,0.0,41.65223800006788
413.6750000000001,3710.8214986672174,PROPOSED-STACKELBERG,56.47466531281903,169.39076060710042,112.9160952942814,0.1702018715402683,5,11.3790782261851,35.08173839965875,23.70266017347365,739.528366344156,1080.0,incident_or_capacity_drop,Incident,P-Stack,52.194032500032336,0.0,0.0,0.0,413.6750000000001,3710.8214986672174,116.82283200503949,0.0,0.0,0.0,52.244796300074086
413.6750000000001,4150.173618434296,PROPOSED-STACKELBERG,69.01201624132035,207.9751423094251,138.96312606810477,0.0741974947135057,6,12.53735092850133,38.58438170232472,26.047030773823398,795.8327900274996,1260.0,incident_or_capacity_drop,Incident,P-Stack,55.057164900004864,0.0,0.0,0.0,413.6750000000001,4150.173618434296,127.14030154932304,0.0,0.0,0.0,55.10823619994335
413.6750000000001,4150.173618434296,PROPOSED-STACKELBERG,82.87185360296307,250.30603985530357,167.43418625234045,0.2099844105821895,7,13.859837361642722,42.3308975458784,28.47106018423568,877.199402670602,1440.0,incident_or_capacity_drop,Incident,P-Stack,51.80469609994907,0.0,0.0,0.0,413.6750000000001,4150.173618434296,139.00494660247114,0.0,0.0,0.0,51.85679440002423
413.6750000000001,4150.173618434296,PROPOSED-STACKELBERG,97.25924518425424,296.45517679537863,199.1959316111244,0.0828524375828518,8,14.38739158129117,46.14913694007513,31.76174535878396,952.1843234741832,1620.0,incident_or_capacity_drop,Incident,P-Stack,53.62663920002524,0.0,0.0,0.0,413.6750000000001,4150.173618434296,151.21774854315348,0.0,0.0,0.0,53.67650599998888
413.6750000000001,4150.173618434296,PROPOSED-STACKELBERG,112.67870914983348,346.4525452142527,233.77383606441924,0.2120462175223412,9,15.419463965579236,49.99736841887408,34.577904453294835,1033.1958464830527,1800.0,incident_or_capacity_drop,Incident,P-Stack,49.02594660001341,0.0,12.441237281643469,0.6220618640821733,413.6750000000001,4150.173618434296,164.5008370825866,0.0,0.0,0.0,49.07674549997319
413.6750000000001,4150.173618434296,PROPOSED-STACKELBERG,129.06657384812564,400.3705482745284,271.3039744264028,0.0734028305148029,10,16.387864698292177,53.91800306027571,37.53013836198353,1107.7543885051734,1980.0,incident_or_capacity_drop,Incident,P-Stack,233.3449852999765,0.0,4.176544193707244,0.2088272096853622,413.6750000000001,4150.173618434296,177.17217968485707,0.0,0.0,0.0,233.39546229992996
373.6750000000001,2650.1736184342963,PROPOSED-STACKELBERG,147.72844436443853,458.5193280077575,310.7908836433189,0.0889231413110227,11,18.661870516312888,58.14877973322902,39.48690921691613,1205.401401111983,2160.0,incident_or_capacity_drop,Incident,P-Stack,47.31314119999297,0.0,3.8966817593016,0.19483408796508,373.6750000000001,2650.1736184342963,192.6609096893677,0.0,0.0,0.0,47.36455080006272
413.6750000000001,2650.1736184342963,PROPOSED-STACKELBERG,170.9886426398159,522.5110988529254,351.52245621310954,0.1211001235014133,12,23.260198275377363,63.991770845167984,40.73157256979062,1354.9047113862457,2340.0,incident_or_capacity_drop,Incident,P-Stack,34.295653700013645,0.0,0.0,0.0,413.6750000000001,2650.1736184342963,212.48645238923348,0.0,0.0,0.0,34.346058600000106
453.6750000000001,2650.1736184342963,PROPOSED-STACKELBERG,201.5319541573465,594.1536049190635,392.621650761717,0.0711047397446019,13,30.54331151753058,71.64250606613804,41.09919454860746,1484.3056524707044,2520.0,incident_or_capacity_drop,Incident,P-Stack,34.462463499978185,0.0,0.0,0.0,453.6750000000001,2650.1736184342963,237.62154002067933,0.0,0.0,0.0,34.511952400091104
493.6750000000001,2650.1736184342963,PROPOSED-STACKELBERG,239.1667119351134,673.5042453670401,434.3375334319267,0.1018507277002798,14,37.63475777776691,79.35064044797664,41.71588267020973,1680.989810672154,2700.0,incident_or_capacity_drop,Incident,P-Stack,36.58611639996525,0.0,0.0,0.0,493.6750000000001,2650.1736184342963,264.7180829583235,0.0,0.0,0.0,36.63618649996352
493.6750000000001,2650.1736184342963,PROPOSED-STACKELBERG,281.0166289085755,761.8805335291872,480.8639046206118,0.0843981501039436,15,41.84991697346212,88.37628816214718,46.52637118868505,1841.2495314582104,2880.0,incident_or_capacity_drop,Incident,P-Stack,37.38986340002157,0.0,0.0,0.0,493.6750000000001,2650.1736184342963,291.4902794035347,0.0,0.0,0.0,37.43968229996972
493.6750000000001,2650.1736184342963,PROPOSED-STACKELBERG,323.553960135352,858.3379139536601,534.7839538183081,0.1070292114961092,16,42.5373312267764,96.45738042447272,53.92004919769632,2012.5765465703716,3060.0,incident_or_capacity_drop,Incident,P-Stack,33.06359519995749,0.0,12.074193044774404,0.6037096522387202,493.6750000000001,2650.1736184342963,315.24137134417475,0.0,0.0,0.0,33.11370489990804
493.6750000000001,2650.1736184342963,PROPOSED-STACKELBERG,365.9395004738038,963.2788385744552,597.3393381006515,0.0875818268269378,17,42.38554033845185,104.94092462079524,62.55538428234338,2169.935436821615,3240.0,incident_or_capacity_drop,Incident,P-Stack,37.03960379993077,0.0,64.12234398574842,3.206117199287421,493.6750000000001,2650.1736184342963,341.4173287108396,0.0,0.0,0.0,37.08915019989945
493.6750000000001,2650.1736184342963,PROPOSED-STACKELBERG,408.142655481008,1075.2688048844238,667.1261494034158,0.0988254238392035,18,42.20315500720421,111.98996630996844,69.78681130276424,2310.065087623228,3420.0,incident_or_capacity_drop,Incident,P-Stack,36.19182740000542,0.0,175.98131451426056,8.799065725713028,493.6750000000001,2650.1736184342963,367.8804753033381,0.0,0.0,0.0,36.24177710001823
493.6750000000001,2650.1736184342963,PROPOSED-STACKELBERG,450.1818569148622,1194.7355409109373,744.5536839960752,0.0824213626265725,19,42.03920143385418,119.46673602651362,77.42753459265944,2457.217317032771,3600.0,incident_or_capacity_drop,Incident,P-Stack,36.10759230004624,0.0,339.996430259209,16.999821512960448,493.6750000000001,2650.1736184342963,399.1327823923768,0.0,0.0,0.0,36.15715360001195
